timestamp,energy_kwh,power_kw,production,production_active,outside_temperature_c,shift,product_type
2026-01-05T00:00,5.430839,21.723354,0.0,false,13.153,off,B
2026-01-05T00:15,5.780793,23.123174,0.0,false,13.025,off,B
2026-01-05T00:30,4.901059,19.604235,0.0,false,12.868,off,B
2026-01-05T00:45,5.393065,21.57226,0.0,false,12.945,off,B
2026-01-05T01:00,5.546354,22.185416,0.0,false,12.513,off,B
2026-01-05T01:15,5.965423,23.861694,0.0,false,12.579,off,B
2026-01-05T01:30,5.544203,22.176811,0.0,false,12.629,off,B
2026-01-05T01:45,5.094135,20.37654,0.0,false,11.769,off,B
2026-01-05T02:00,6.024432,24.097729,0.0,false,12.098,off,B
2026-01-05T02:15,5.457471,21.829883,0.0,false,11.832,off,B
2026-01-05T02:30,4.918582,19.674328,0.0,false,11.914,off,B
2026-01-05T02:45,5.696145,22.78458,0.0,false,11.331,off,B
2026-01-05T03:00,5.403748,21.614993,0.0,false,11.765,off,B
2026-01-05T03:15,5.599285,22.397142,0.0,false,11.36,off,B
2026-01-05T03:30,5.054711,20.218844,0.0,false,11.409,off,B
2026-01-05T03:45,4.894192,19.576767,0.0,false,11.153,off,B
2026-01-05T04:00,5.323069,21.292274,0.0,false,9.415,off,B
2026-01-05T04:15,5.850405,23.40162,0.0,false,10.128,off,B
2026-01-05T04:30,5.01237,20.04948,0.0,false,10.785,off,B
2026-01-05T04:45,5.099119,20.396475,0.0,false,10.75,off,B
2026-01-05T05:00,5.38244,21.52976,0.0,false,10.164,off,B
2026-01-05T05:15,5.827455,23.309818,0.0,false,10.152,off,B
2026-01-05T05:30,5.639954,22.559816,0.0,false,10.311,off,B
2026-01-05T05:45,5.691397,22.765587,0.0,false,10.221,off,B
2026-01-05T06:00,17.162763,68.651053,20.333145,true,9.496,shift_1,B
2026-01-05T06:15,19.258099,77.032395,22.709389,true,9.982,shift_1,B
2026-01-05T06:30,16.928705,67.714821,18.583958,true,9.256,shift_1,B
2026-01-05T06:45,20.424897,81.699589,26.799007,true,10.318,shift_1,B
2026-01-05T07:00,18.336369,73.345475,24.059081,true,10.273,shift_1,B
2026-01-05T07:15,20.811978,83.247911,29.608893,true,9.257,shift_1,B
2026-01-05T07:30,19.876913,79.50765,26.470205,true,9.513,shift_1,B
2026-01-05T07:45,21.771768,87.087071,28.498111,true,9.842,shift_1,B
2026-01-05T08:00,18.226651,72.906603,22.952983,true,9.785,shift_1,B
2026-01-05T08:15,21.858314,87.433256,31.167156,true,9.064,shift_1,B
2026-01-05T08:30,21.480868,85.923471,30.542495,true,9.461,shift_1,B
2026-01-05T08:45,15.90021,63.60084,17.949155,true,9.376,shift_1,B
2026-01-05T09:00,21.839023,87.356094,29.549587,true,9.276,shift_1,B
2026-01-05T09:15,21.170569,84.682276,29.036278,true,9.598,shift_1,B
2026-01-05T09:30,22.61748,90.46992,32.388445,true,10.208,shift_1,B
2026-01-05T09:45,22.820243,91.280972,32.55696,true,9.227,shift_1,B
2026-01-05T10:00,21.361167,85.444669,27.930467,true,10.423,shift_1,B
2026-01-05T10:15,24.150221,96.600883,36.005335,true,9.717,shift_1,B
2026-01-05T10:30,18.10544,72.42176,22.27943,true,9.733,shift_1,B
2026-01-05T10:45,22.533953,90.135814,31.811329,true,10.807,shift_1,B
2026-01-05T11:00,22.251259,89.005036,31.025603,true,9.019,shift_1,B
2026-01-05T11:15,18.887148,75.548592,24.018664,true,10.052,shift_1,B
2026-01-05T11:30,17.636485,70.545939,21.520478,true,11.315,shift_1,B
2026-01-05T11:45,18.810002,75.240006,24.175034,true,11.267,shift_1,B
2026-01-05T12:00,17.14869,68.59476,19.793553,true,10.774,shift_1,B
2026-01-05T12:15,21.48501,85.940042,30.020204,true,10.264,shift_1,B
2026-01-05T12:30,20.554331,82.217326,26.608221,true,12.16,shift_1,B
2026-01-05T12:45,19.110341,76.441364,24.233717,true,10.52,shift_1,B
2026-01-05T13:00,15.870154,63.480616,16.124638,true,12.201,shift_1,B
2026-01-05T13:15,22.598258,90.393031,31.938274,true,11.783,shift_1,B
2026-01-05T13:30,17.286539,69.146155,21.470082,true,11.675,shift_1,B
2026-01-05T13:45,19.256248,77.024993,23.001483,true,11.909,shift_1,B
2026-01-05T14:00,18.910647,75.642587,25.521959,true,11.669,shift_2,B
2026-01-05T14:15,19.757002,79.028007,25.265706,true,11.941,shift_2,B
2026-01-05T14:30,18.37151,73.486038,23.85759,true,13.025,shift_2,B
2026-01-05T14:45,20.311658,81.246631,26.855479,true,12.692,shift_2,B
2026-01-05T15:00,21.594989,86.379955,30.19614,true,12.272,shift_2,B
2026-01-05T15:15,22.244101,88.976405,31.21478,true,13.128,shift_2,B
2026-01-05T15:30,24.153639,96.614556,35.967995,true,13.075,shift_2,B
2026-01-05T15:45,20.404733,81.618932,26.154047,true,12.933,shift_2,B
2026-01-05T16:00,21.346447,85.385787,28.596888,true,13.284,shift_2,B
2026-01-05T16:15,16.306565,65.226262,17.772939,true,13.107,shift_2,B
2026-01-05T16:30,19.122875,76.491498,23.755931,true,13.612,shift_2,B
2026-01-05T16:45,18.300407,73.201629,22.180624,true,13.927,shift_2,B
2026-01-05T17:00,17.355251,69.421005,20.055656,true,13.645,shift_2,B
2026-01-05T17:15,19.090494,76.361976,24.003042,true,13.832,shift_2,B
2026-01-05T17:30,19.487339,77.949355,25.033984,true,14.202,shift_2,B
2026-01-05T17:45,19.238529,76.954115,24.4767,true,14.561,shift_2,B
2026-01-05T18:00,24.799926,99.199704,39.410052,true,14.141,shift_2,B
2026-01-05T18:15,19.924981,79.699922,26.508808,true,14.565,shift_2,B
2026-01-05T18:30,21.45396,85.81584,27.878804,true,15.235,shift_2,B
2026-01-05T18:45,21.054633,84.218533,29.482017,true,14.121,shift_2,B
2026-01-05T19:00,20.403204,81.612818,27.783198,true,14.044,shift_2,B
2026-01-05T19:15,16.493655,65.974621,16.630447,true,14.528,shift_2,B
2026-01-05T19:30,23.45545,93.821801,35.510509,true,14.37,shift_2,B
2026-01-05T19:45,26.416799,105.667195,42.230498,true,14.616,shift_2,B
2026-01-05T20:00,18.752169,75.008674,23.267452,true,13.727,shift_2,B
2026-01-05T20:15,22.25711,89.028439,32.046046,true,14.816,shift_2,B
2026-01-05T20:30,18.956075,75.8243,23.028869,true,13.652,shift_2,B
2026-01-05T20:45,14.999308,59.997233,15.05972,true,14.66,shift_2,B
2026-01-05T21:00,23.932222,95.728887,35.161959,true,15.089,shift_2,B
2026-01-05T21:15,15.977768,63.911072,18.069515,true,14.497,shift_2,B
2026-01-05T21:30,20.234117,80.936467,26.594319,true,14.308,shift_2,B
2026-01-05T21:45,16.060498,64.241991,18.200255,true,13.978,shift_2,B
2026-01-05T22:00,5.757364,23.029455,0.0,false,13.561,off,B
2026-01-05T22:15,5.366689,21.466755,0.0,false,12.897,off,B
2026-01-05T22:30,6.108805,24.43522,0.0,false,14.183,off,B
2026-01-05T22:45,5.900514,23.602054,0.0,false,13.89,off,B
2026-01-05T23:00,5.202238,20.808954,0.0,false,13.543,off,B
2026-01-05T23:15,6.110934,24.443737,0.0,false,13.286,off,B
2026-01-05T23:30,5.694959,22.779837,0.0,false,13.994,off,B
2026-01-05T23:45,5.487063,21.948254,0.0,false,15.029,off,B
2026-01-06T00:00,5.623037,22.492146,0.0,false,13.633,off,A
2026-01-06T00:15,6.426469,25.705874,0.0,false,13.067,off,A
2026-01-06T00:30,4.940208,19.760833,0.0,false,13.782,off,A
2026-01-06T00:45,5.671335,22.685338,0.0,false,12.676,off,A
2026-01-06T01:00,4.960621,19.842485,0.0,false,13.111,off,A
2026-01-06T01:15,4.737453,18.949813,0.0,false,11.432,off,A
2026-01-06T01:30,5.458719,21.834875,0.0,false,12.363,off,A
2026-01-06T01:45,5.19213,20.76852,0.0,false,12.408,off,A
2026-01-06T02:00,4.690782,18.763128,0.0,false,11.46,off,A
2026-01-06T02:15,5.648022,22.592086,0.0,false,12.073,off,A
2026-01-06T02:30,5.816318,23.265273,0.0,false,12.243,off,A
2026-01-06T02:45,6.039704,24.158818,0.0,false,11.489,off,A
2026-01-06T03:00,5.235665,20.942662,0.0,false,11.357,off,A
2026-01-06T03:15,5.266075,21.064301,0.0,false,11.008,off,A
2026-01-06T03:30,5.56253,22.250122,0.0,false,10.033,off,A
2026-01-06T03:45,5.355094,21.420375,0.0,false,11.092,off,A
2026-01-06T04:00,5.648722,22.594886,0.0,false,10.465,off,A
2026-01-06T04:15,5.515302,22.061208,0.0,false,11.542,off,A
2026-01-06T04:30,5.263421,21.053684,0.0,false,10.297,off,A
2026-01-06T04:45,4.994094,19.976375,0.0,false,10.389,off,A
2026-01-06T05:00,5.524473,22.097892,0.0,false,10.242,off,A
2026-01-06T05:15,5.87739,23.509558,0.0,false,11.115,off,A
2026-01-06T05:30,5.214821,20.859282,0.0,false,10.606,off,A
2026-01-06T05:45,5.044247,20.176988,0.0,false,10.329,off,A
2026-01-06T06:00,18.27374,73.094959,26.013686,true,10.063,shift_1,A
2026-01-06T06:15,18.122682,72.490729,26.796835,true,10.83,shift_1,A
2026-01-06T06:30,17.041543,68.166173,22.041271,true,10.039,shift_1,A
2026-01-06T06:45,17.852814,71.411255,26.223207,true,9.938,shift_1,A
2026-01-06T07:00,20.126192,80.504768,28.392339,true,9.078,shift_1,A
2026-01-06T07:15,20.798634,83.194537,33.860255,true,10.572,shift_1,A
2026-01-06T07:30,15.201603,60.806411,15.622567,true,9.979,shift_1,A
2026-01-06T07:45,17.043957,68.175828,19.888368,true,9.704,shift_1,A
2026-01-06T08:00,15.04017,60.16068,16.544256,true,9.894,shift_1,A
2026-01-06T08:15,18.850431,75.401726,26.962265,true,9.212,shift_1,A
2026-01-06T08:30,16.252788,65.01115,19.67955,true,10.281,shift_1,A
2026-01-06T08:45,17.504813,70.019254,23.020785,true,10.528,shift_1,A
2026-01-06T09:00,18.094949,72.379794,24.022271,true,9.759,shift_1,A
2026-01-06T09:15,18.149143,72.596574,23.010619,true,9.754,shift_1,A
2026-01-06T09:30,18.741207,74.964829,27.086135,true,10.158,shift_1,A
2026-01-06T09:45,21.755093,87.020371,34.194738,true,9.438,shift_1,A
2026-01-06T10:00,19.270179,77.080716,27.157716,true,10.137,shift_1,A
2026-01-06T10:15,20.779427,83.117709,31.859303,true,9.936,shift_1,A
2026-01-06T10:30,20.575747,82.302989,31.28359,true,10.504,shift_1,A
2026-01-06T10:45,17.154062,68.616247,23.028857,true,9.763,shift_1,A
2026-01-06T11:00,20.824876,83.299504,31.799764,true,9.812,shift_1,A
2026-01-06T11:15,23.44868,93.794721,38.552235,true,11.209,shift_1,A
2026-01-06T11:30,18.139384,72.557538,24.888714,true,9.776,shift_1,A
2026-01-06T11:45,18.368527,73.474107,25.153321,true,9.939,shift_1,A
2026-01-06T12:00,16.782672,67.130688,22.15787,true,10.593,shift_1,A
2026-01-06T12:15,17.776471,71.105883,24.795982,true,11.86,shift_1,A
2026-01-06T12:30,19.841723,79.366891,29.975737,true,10.929,shift_1,A
2026-01-06T12:45,19.837135,79.348538,28.483839,true,11.51,shift_1,A
2026-01-06T13:00,17.391606,69.566425,21.776808,true,12.125,shift_1,A
2026-01-06T13:15,17.614974,70.459897,22.287844,true,11.188,shift_1,A
2026-01-06T13:30,17.357852,69.431406,24.088818,true,12.157,shift_1,A
2026-01-06T13:45,16.193586,64.774344,20.808103,true,12.19,shift_1,A
2026-01-06T14:00,17.398169,69.592677,25.15247,true,11.748,shift_2,A
2026-01-06T14:15,17.887626,71.550506,24.829515,true,12.416,shift_2,A
2026-01-06T14:30,18.772505,75.090021,27.135533,true,12.917,shift_2,A
2026-01-06T14:45,18.645262,74.581048,27.746301,true,12.225,shift_2,A
2026-01-06T15:00,16.81037,67.241481,21.373985,true,12.553,shift_2,A
2026-01-06T15:15,18.652426,74.609705,25.028353,true,12.982,shift_2,A
2026-01-06T15:30,17.171918,68.687671,23.629057,true,13.143,shift_2,A
2026-01-06T15:45,20.021365,80.08546,28.234945,true,13.539,shift_2,A
2026-01-06T16:00,18.602708,74.410831,26.13209,true,12.949,shift_2,A
2026-01-06T16:15,18.066558,72.266232,26.457739,true,13.418,shift_2,A
2026-01-06T16:30,20.601219,82.404874,30.062011,true,14.007,shift_2,A
2026-01-06T16:45,18.390333,73.561334,25.56075,true,14.846,shift_2,A
2026-01-06T17:00,22.215424,88.861698,37.181709,true,13.845,shift_2,A
2026-01-06T17:15,15.3628,61.451202,20.3753,true,14.195,shift_2,A
2026-01-06T17:30,17.070081,68.280322,21.012827,true,13.045,shift_2,A
2026-01-06T17:45,18.459409,73.837634,26.902745,true,13.717,shift_2,A
2026-01-06T18:00,17.77301,71.092042,22.570192,true,14.543,shift_2,A
2026-01-06T18:15,17.932756,71.731025,24.215896,true,13.818,shift_2,A
2026-01-06T18:30,22.128147,88.512587,35.04512,true,14.394,shift_2,A
2026-01-06T18:45,17.930401,71.721605,24.92778,true,13.836,shift_2,A
2026-01-06T19:00,19.840771,79.363082,29.389747,true,14.85,shift_2,A
2026-01-06T19:15,17.944334,71.777337,24.513104,true,14.959,shift_2,A
2026-01-06T19:30,21.804881,87.219523,34.436888,true,14.641,shift_2,A
2026-01-06T19:45,16.980354,67.921418,21.176603,true,14.392,shift_2,A
2026-01-06T20:00,18.480246,73.920983,27.718425,true,14.279,shift_2,A
2026-01-06T20:15,15.526191,62.104763,18.934523,true,15.089,shift_2,A
2026-01-06T20:30,15.649238,62.596952,18.531665,true,15.08,shift_2,A
2026-01-06T20:45,16.72968,66.918719,19.85163,true,14.561,shift_2,A
2026-01-06T21:00,13.605467,54.421868,14.67113,true,15.237,shift_2,A
2026-01-06T21:15,15.224771,60.899085,17.755423,true,14.844,shift_2,A
2026-01-06T21:30,19.081512,76.326046,27.537581,true,14.447,shift_2,A
2026-01-06T21:45,16.796512,67.186047,20.076302,true,14.362,shift_2,A
2026-01-06T22:00,5.635893,22.543573,0.0,false,13.99,off,A
2026-01-06T22:15,5.542529,22.170118,0.0,false,13.895,off,A
2026-01-06T22:30,5.435014,21.740057,0.0,false,13.972,off,A
2026-01-06T22:45,5.818565,23.27426,0.0,false,13.445,off,A
2026-01-06T23:00,5.597259,22.389037,0.0,false,14.547,off,A
2026-01-06T23:15,5.835227,23.340909,0.0,false,14.087,off,A
2026-01-06T23:30,5.621343,22.485371,0.0,false,14.058,off,A
2026-01-06T23:45,5.845603,23.382412,0.0,false,13.567,off,A
2026-01-07T00:00,5.110433,20.441731,0.0,false,13.455,off,A
2026-01-07T00:15,4.744634,18.978535,0.0,false,13.288,off,A
2026-01-07T00:30,5.665349,22.661396,0.0,false,13.124,off,A
2026-01-07T00:45,5.560511,22.242044,0.0,false,13.592,off,A
2026-01-07T01:00,5.499785,21.99914,0.0,false,13.282,off,A
2026-01-07T01:15,4.935448,19.741792,0.0,false,12.146,off,A
2026-01-07T01:30,4.953541,19.814164,0.0,false,12.012,off,A
2026-01-07T01:45,5.416954,21.667817,0.0,false,12.651,off,A
2026-01-07T02:00,5.529373,22.11749,0.0,false,12.456,off,A
2026-01-07T02:15,5.924077,23.696308,0.0,false,12.529,off,A
2026-01-07T02:30,5.390274,21.561094,0.0,false,11.521,off,A
2026-01-07T02:45,4.851475,19.405901,0.0,false,11.416,off,A
2026-01-07T03:00,5.975518,23.902072,0.0,false,11.861,off,A
2026-01-07T03:15,5.302723,21.210892,0.0,false,11.364,off,A
2026-01-07T03:30,4.562015,18.24806,0.0,false,11.759,off,A
2026-01-07T03:45,5.557314,22.229254,0.0,false,11.153,off,A
2026-01-07T04:00,6.05663,24.226519,0.0,false,10.635,off,A
2026-01-07T04:15,5.395537,21.582148,0.0,false,11.267,off,A
2026-01-07T04:30,5.34479,21.379162,0.0,false,10.605,off,A
2026-01-07T04:45,4.97672,19.90688,0.0,false,10.266,off,A
2026-01-07T05:00,5.9112,23.6448,0.0,false,11.093,off,A
2026-01-07T05:15,5.062266,20.249063,0.0,false,10.69,off,A
2026-01-07T05:30,6.292066,25.168264,0.0,false,11.228,off,A
2026-01-07T05:45,5.138312,20.553247,0.0,false,10.186,off,A
2026-01-07T06:00,18.26286,73.051442,26.012743,true,9.572,shift_1,A
2026-01-07T06:15,19.300998,77.203993,29.40319,true,9.911,shift_1,A
2026-01-07T06:30,20.371016,81.484065,31.911873,true,10.864,shift_1,A
2026-01-07T06:45,17.044912,68.179646,22.853434,true,9.096,shift_1,A
2026-01-07T07:00,12.954866,51.819464,11.623288,true,9.624,shift_1,A
2026-01-07T07:15,15.854581,63.418322,19.26144,true,10.62,shift_1,A
2026-01-07T07:30,19.531471,78.125884,28.395206,true,8.947,shift_1,A
2026-01-07T07:45,18.669637,74.678547,26.628409,true,10.646,shift_1,A
2026-01-07T08:00,17.064579,68.258316,23.46886,true,9.946,shift_1,A
2026-01-07T08:15,18.479446,73.917782,25.531444,true,9.827,shift_1,A
2026-01-07T08:30,18.076875,72.307501,24.244383,true,9.88,shift_1,A
2026-01-07T08:45,17.571398,70.285593,21.616588,true,10.587,shift_1,A
2026-01-07T09:00,18.671623,74.686493,23.637649,true,9.634,shift_1,A
2026-01-07T09:15,22.240784,88.963136,34.581472,true,9.881,shift_1,A
2026-01-07T09:30,19.453803,77.815214,28.525767,true,9.02,shift_1,A
2026-01-07T09:45,16.057281,64.229126,19.181477,true,9.257,shift_1,A
2026-01-07T10:00,20.015588,80.062353,30.033341,true,10.301,shift_1,A
2026-01-07T10:15,17.265994,69.063978,23.105727,true,9.693,shift_1,A
2026-01-07T10:30,18.953709,75.814837,26.905296,true,9.671,shift_1,A
2026-01-07T10:45,18.509115,74.036462,26.569206,true,9.843,shift_1,A
2026-01-07T11:00,20.198661,80.794642,30.006221,true,10.4,shift_1,A
2026-01-07T11:15,15.670533,62.682131,18.895513,true,10.758,shift_1,A
2026-01-07T11:30,19.486494,77.945975,30.001794,true,10.787,shift_1,A
2026-01-07T11:45,20.998239,83.992954,32.437891,true,10.861,shift_1,A
2026-01-07T12:00,19.546607,78.18643,28.252284,true,10.873,shift_1,A
2026-01-07T12:15,18.619057,74.47623,25.956281,true,11.402,shift_1,A
2026-01-07T12:30,18.437583,73.75033,24.351829,true,10.823,shift_1,A
2026-01-07T12:45,17.604016,70.416063,24.001593,true,11.265,shift_1,A
2026-01-07T13:00,16.713332,66.853328,20.255823,true,11.917,shift_1,A
2026-01-07T13:15,15.93776,63.751041,18.981638,true,11.214,shift_1,A
2026-01-07T13:30,18.831885,75.327541,25.566117,true,11.909,shift_1,A
2026-01-07T13:45,18.27886,73.115441,26.174935,true,11.801,shift_1,A
2026-01-07T14:00,19.208996,76.835985,27.082293,true,12.8,shift_2,A
2026-01-07T14:15,16.13144,64.525758,20.031969,true,12.428,shift_2,A
2026-01-07T14:30,17.842682,71.370727,23.98241,true,12.748,shift_2,A
2026-01-07T14:45,17.978934,71.915736,25.176013,true,11.978,shift_2,A
2026-01-07T15:00,16.962767,67.851069,23.755791,true,12.276,shift_2,A
2026-01-07T15:15,19.756611,79.026444,29.104478,true,13.323,shift_2,A
2026-01-07T15:30,16.374456,65.497823,20.477174,true,12.63,shift_2,A
2026-01-07T15:45,19.033204,76.132815,26.496596,true,12.064,shift_2,A
2026-01-07T16:00,17.689882,70.759529,23.527988,true,13.265,shift_2,A
2026-01-07T16:15,20.85952,83.438082,31.876547,true,13.735,shift_2,A
2026-01-07T16:30,18.06252,72.25008,24.489656,true,13.347,shift_2,A
2026-01-07T16:45,17.981249,71.924998,25.55422,true,14.597,shift_2,A
2026-01-07T17:00,15.215197,60.860789,16.989109,true,13.503,shift_2,A
2026-01-07T17:15,16.064834,64.259336,21.561909,true,13.369,shift_2,A
2026-01-07T17:30,19.896408,79.585633,30.763742,true,13.595,shift_2,A
2026-01-07T17:45,19.574429,78.297717,28.931349,true,13.374,shift_2,A
2026-01-07T18:00,20.812435,83.24974,31.782799,true,14.552,shift_2,A
2026-01-07T18:15,19.325754,77.303017,27.421034,true,13.764,shift_2,A
2026-01-07T18:30,16.975611,67.902442,20.734363,true,14.189,shift_2,A
2026-01-07T18:45,18.458666,73.834665,25.683307,true,14.33,shift_2,A
2026-01-07T19:00,19.522401,78.089604,28.788881,true,15.101,shift_2,A
2026-01-07T19:15,23.737764,94.951056,37.890709,true,14.964,shift_2,A
2026-01-07T19:30,18.209848,72.839392,21.184579,true,14.986,shift_2,A
2026-01-07T19:45,17.731919,70.927676,24.546773,true,14.066,shift_2,A
2026-01-07T20:00,18.818365,75.273461,28.1012,true,15.484,shift_2,A
2026-01-07T20:15,19.349994,77.399975,28.32874,true,14.799,shift_2,A
2026-01-07T20:30,16.687065,66.748261,21.578851,true,14.039,shift_2,A
2026-01-07T20:45,17.413973,69.655892,22.244864,true,14.634,shift_2,A
2026-01-07T21:00,14.354752,57.41901,15.872284,true,14.11,shift_2,A
2026-01-07T21:15,17.730669,70.922675,21.404762,true,15.212,shift_2,A
2026-01-07T21:30,15.240563,60.962252,18.2562,true,14.726,shift_2,A
2026-01-07T21:45,16.452633,65.810534,18.071747,true,14.534,shift_2,A
2026-01-07T22:00,5.772377,23.08951,0.0,false,13.84,off,A
2026-01-07T22:15,5.45632,21.825279,0.0,false,14.979,off,A
2026-01-07T22:30,5.390773,21.563094,0.0,false,13.656,off,A
2026-01-07T22:45,5.850301,23.401203,0.0,false,14.231,off,A
2026-01-07T23:00,4.939911,19.759644,0.0,false,13.967,off,A
2026-01-07T23:15,5.230657,20.922627,0.0,false,13.84,off,A
2026-01-07T23:30,5.220976,20.883904,0.0,false,12.601,off,A
2026-01-07T23:45,5.734742,22.938967,0.0,false,12.843,off,A
2026-01-08T00:00,6.243501,24.974006,0.0,false,14.491,off,B
2026-01-08T00:15,5.313042,21.252169,0.0,false,13.088,off,B
2026-01-08T00:30,5.924514,23.698057,0.0,false,13.57,off,B
2026-01-08T00:45,5.442946,21.771782,0.0,false,12.863,off,B
2026-01-08T01:00,5.457019,21.828078,0.0,false,14.02,off,B
2026-01-08T01:15,5.547966,22.191862,0.0,false,12.514,off,B
2026-01-08T01:30,5.091343,20.365373,0.0,false,12.885,off,B
2026-01-08T01:45,5.033456,20.133823,0.0,false,12.308,off,B
2026-01-08T02:00,6.25077,25.003079,0.0,false,12.13,off,B
2026-01-08T02:15,5.462983,21.851931,0.0,false,12.476,off,B
2026-01-08T02:30,5.375437,21.501747,0.0,false,11.476,off,B
2026-01-08T02:45,5.275325,21.101301,0.0,false,12.307,off,B
2026-01-08T03:00,4.950545,19.802182,0.0,false,12.347,off,B
2026-01-08T03:15,6.197106,24.788423,0.0,false,11.32,off,B
2026-01-08T03:30,5.975365,23.901461,0.0,false,10.308,off,B
2026-01-08T03:45,5.463968,21.855872,0.0,false,10.238,off,B
2026-01-08T04:00,5.829717,23.31887,0.0,false,10.933,off,B
2026-01-08T04:15,4.811299,19.245196,0.0,false,9.303,off,B
2026-01-08T04:30,5.514758,22.059032,0.0,false,10.464,off,B
2026-01-08T04:45,5.411653,21.646613,0.0,false,10.174,off,B
2026-01-08T05:00,5.349812,21.39925,0.0,false,9.908,off,B
2026-01-08T05:15,5.60142,22.405679,0.0,false,9.966,off,B
2026-01-08T05:30,6.073172,24.292688,0.0,false,10.576,off,B
2026-01-08T05:45,5.388303,21.553213,0.0,false,9.862,off,B
2026-01-08T06:00,18.186841,72.747363,22.445404,true,10.128,shift_1,B
2026-01-08T06:15,19.385372,77.54149,25.818741,true,9.246,shift_1,B
2026-01-08T06:30,16.002352,64.009406,16.1377,true,9.481,shift_1,B
2026-01-08T06:45,21.610666,86.442664,30.018003,true,9.831,shift_1,B
2026-01-08T07:00,17.180772,68.723089,19.110736,true,9.003,shift_1,B
2026-01-08T07:15,16.87923,67.516918,19.392694,true,9.434,shift_1,B
2026-01-08T07:30,17.115641,68.462562,20.144681,true,9.702,shift_1,B
2026-01-08T07:45,14.221998,56.887993,12.644264,true,9.535,shift_1,B
2026-01-08T08:00,22.177416,88.709664,32.522197,true,9.363,shift_1,B
2026-01-08T08:15,21.968944,87.875775,32.343908,true,8.985,shift_1,B
2026-01-08T08:30,21.308499,85.233994,29.782665,true,9.472,shift_1,B
2026-01-08T08:45,20.68738,82.749519,28.095762,true,8.989,shift_1,B
2026-01-08T09:00,22.86835,91.4734,30.414022,true,10.496,shift_1,B
2026-01-08T09:15,20.123088,80.492352,27.621083,true,9.079,shift_1,B
2026-01-08T09:30,22.654962,90.619847,32.030859,true,10.537,shift_1,B
2026-01-08T09:45,18.244748,72.978993,24.314276,true,9.638,shift_1,B
2026-01-08T10:00,21.63928,86.557121,30.621096,true,10.959,shift_1,B
2026-01-08T10:15,22.641275,90.5651,31.794611,true,10.657,shift_1,B
2026-01-08T10:30,19.169809,76.679235,24.35249,true,9.474,shift_1,B
2026-01-08T10:45,22.159556,88.638225,32.515631,true,10.567,shift_1,B
2026-01-08T11:00,25.42696,101.707839,38.497551,true,10.565,shift_1,B
2026-01-08T11:15,20.510349,82.041397,27.05965,true,11.056,shift_1,B
2026-01-08T11:30,20.809467,83.237867,27.329191,true,11.649,shift_1,B
2026-01-08T11:45,21.558279,86.233114,29.356282,true,10.443,shift_1,B
2026-01-08T12:00,21.849595,87.39838,31.490621,true,10.643,shift_1,B
2026-01-08T12:15,20.339714,81.358857,25.58825,true,10.761,shift_1,B
2026-01-08T12:30,21.131653,84.526614,29.882942,true,11.467,shift_1,B
2026-01-08T12:45,16.472463,65.889853,18.961632,true,11.504,shift_1,B
2026-01-08T13:00,19.606371,78.425484,24.337231,true,12.04,shift_1,B
2026-01-08T13:15,19.079646,76.318584,23.280864,true,11.68,shift_1,B
2026-01-08T13:30,16.147898,64.591591,16.479508,true,11.618,shift_1,B
2026-01-08T13:45,14.198263,56.793053,13.133992,true,12.313,shift_1,B
2026-01-08T14:00,22.327019,89.308077,32.644198,true,12.067,shift_2,B
2026-01-08T14:15,16.472321,65.889285,19.407962,true,12.142,shift_2,B
2026-01-08T14:30,15.396212,61.584849,16.898708,true,12.245,shift_2,B
2026-01-08T14:45,15.135275,60.541099,16.78415,true,11.954,shift_2,B
2026-01-08T15:00,17.139822,68.559288,21.110775,true,12.656,shift_2,B
2026-01-08T15:15,18.968455,75.873818,24.604035,true,13.312,shift_2,B
2026-01-08T15:30,22.941266,91.765063,33.168416,true,12.994,shift_2,B
2026-01-08T15:45,13.715692,54.862766,12.664012,true,13.613,shift_2,B
2026-01-08T16:00,18.972657,75.890629,23.868978,true,12.434,shift_2,B
2026-01-08T16:15,20.632895,82.531579,28.998832,true,13.321,shift_2,B
2026-01-08T16:30,16.624907,66.499626,19.027935,true,14.079,shift_2,B
2026-01-08T16:45,21.352814,85.411257,29.83519,true,14.127,shift_2,B
2026-01-08T17:00,19.304532,77.218128,25.398683,true,15.007,shift_2,B
2026-01-08T17:15,24.17071,96.682841,36.574126,true,12.769,shift_2,B
2026-01-08T17:30,23.92678,95.707121,34.526192,true,13.664,shift_2,B
2026-01-08T17:45,17.691887,70.767548,20.865426,true,14.402,shift_2,B
2026-01-08T18:00,18.530155,74.12062,22.226141,true,14.123,shift_2,B
2026-01-08T18:15,22.037547,88.150188,30.87585,true,13.445,shift_2,B
2026-01-08T18:30,20.455938,81.823751,29.547539,true,15.604,shift_2,B
2026-01-08T18:45,20.775058,83.100231,28.052791,true,14.218,shift_2,B
2026-01-08T19:00,16.011335,64.045338,17.672403,true,15.174,shift_2,B
2026-01-08T19:15,24.328035,97.312141,34.875435,true,15.206,shift_2,B
2026-01-08T19:30,23.147518,92.590073,32.284008,true,14.553,shift_2,B
2026-01-08T19:45,21.816591,87.266366,30.024214,true,15.363,shift_2,B
2026-01-08T20:00,17.008462,68.033846,18.763751,true,14.374,shift_2,B
2026-01-08T20:15,19.27717,77.108679,25.453544,true,14.59,shift_2,B
2026-01-08T20:30,19.495315,77.981259,26.367765,true,14.551,shift_2,B
2026-01-08T20:45,19.746361,78.985442,26.074688,true,14.755,shift_2,B
2026-01-08T21:00,21.559007,86.236028,28.462317,true,14.312,shift_2,B
2026-01-08T21:15,22.022241,88.088966,30.442857,true,14.336,shift_2,B
2026-01-08T21:30,17.01346,68.053838,20.27236,true,13.252,shift_2,B
2026-01-08T21:45,19.46005,77.840199,24.902406,true,14.902,shift_2,B
2026-01-08T22:00,5.140433,20.561733,0.0,false,14.752,off,B
2026-01-08T22:15,5.010844,20.043378,0.0,false,13.975,off,B
2026-01-08T22:30,5.452359,21.809435,0.0,false,14.167,off,B
2026-01-08T22:45,5.209077,20.836308,0.0,false,14.234,off,B
2026-01-08T23:00,5.866844,23.467377,0.0,false,14.49,off,B
2026-01-08T23:15,5.784523,23.138093,0.0,false,14.691,off,B
2026-01-08T23:30,5.76897,23.075878,0.0,false,13.884,off,B
2026-01-08T23:45,5.239274,20.957096,0.0,false,13.963,off,B
2026-01-09T00:00,6.187407,24.749629,0.0,false,14.263,off,A
2026-01-09T00:15,5.51409,22.056361,0.0,false,14.462,off,A
2026-01-09T00:30,5.666544,22.666174,0.0,false,13.487,off,A
2026-01-09T00:45,5.747716,22.990862,0.0,false,13.171,off,A
2026-01-09T01:00,5.422487,21.689947,0.0,false,12.955,off,A
2026-01-09T01:15,5.565886,22.263545,0.0,false,13.735,off,A
2026-01-09T01:30,5.852808,23.411231,0.0,false,12.728,off,A
2026-01-09T01:45,5.616649,22.466596,0.0,false,12.607,off,A
2026-01-09T02:00,5.011833,20.047334,0.0,false,12.336,off,A
2026-01-09T02:15,5.045246,20.180984,0.0,false,12.189,off,A
2026-01-09T02:30,5.027425,20.109699,0.0,false,12.147,off,A
2026-01-09T02:45,5.799694,23.198776,0.0,false,12.339,off,A
2026-01-09T03:00,5.459946,21.839786,0.0,false,11.861,off,A
2026-01-09T03:15,4.714001,18.856003,0.0,false,11.773,off,A
2026-01-09T03:30,5.440507,21.762027,0.0,false,10.863,off,A
2026-01-09T03:45,5.468242,21.872967,0.0,false,11.435,off,A
2026-01-09T04:00,5.553378,22.213514,0.0,false,10.616,off,A
2026-01-09T04:15,5.072561,20.290245,0.0,false,10.752,off,A
2026-01-09T04:30,5.416009,21.664035,0.0,false,11.011,off,A
2026-01-09T04:45,5.766213,23.064851,0.0,false,11.318,off,A
2026-01-09T05:00,5.628667,22.514667,0.0,false,10.968,off,A
2026-01-09T05:15,5.125749,20.502997,0.0,false,10.066,off,A
2026-01-09T05:30,6.69106,26.76424,0.0,false,9.649,off,A
2026-01-09T05:45,5.444209,21.776834,0.0,false,9.75,off,A
2026-01-09T06:00,16.990753,67.963013,22.514512,true,10.023,shift_1,A
2026-01-09T06:15,15.38513,61.540522,18.968998,true,9.192,shift_1,A
2026-01-09T06:30,16.230389,64.921555,20.657334,true,9.995,shift_1,A
2026-01-09T06:45,17.148527,68.594108,21.356618,true,10.109,shift_1,A
2026-01-09T07:00,17.938155,71.752622,25.655002,true,9.76,shift_1,A
2026-01-09T07:15,17.505671,70.022683,22.818497,true,10.245,shift_1,A
2026-01-09T07:30,18.017487,72.069947,24.336803,true,10.055,shift_1,A
2026-01-09T07:45,21.435453,85.741812,32.324761,true,9.681,shift_1,A
2026-01-09T08:00,15.848756,63.395023,20.099298,true,10.109,shift_1,A
2026-01-09T08:15,18.488318,73.953274,25.180775,true,9.542,shift_1,A
2026-01-09T08:30,21.228308,84.913231,32.681352,true,9.441,shift_1,A
2026-01-09T08:45,17.190425,68.761701,24.779001,true,8.91,shift_1,A
2026-01-09T09:00,17.884352,71.537408,24.725143,true,9.578,shift_1,A
2026-01-09T09:15,18.26229,73.049159,25.758948,true,9.838,shift_1,A
2026-01-09T09:30,21.216784,84.867135,33.996181,true,10.81,shift_1,A
2026-01-09T09:45,15.898269,63.593074,19.933196,true,10.753,shift_1,A
2026-01-09T10:00,15.27178,61.087119,16.882233,true,10.966,shift_1,A
2026-01-09T10:15,19.052363,76.209452,27.320033,true,9.663,shift_1,A
2026-01-09T10:30,17.721497,70.885987,23.868652,true,11.233,shift_1,A
2026-01-09T10:45,18.428519,73.714075,26.470569,true,10.802,shift_1,A
2026-01-09T11:00,19.679729,78.718915,27.93834,true,10.571,shift_1,A
2026-01-09T11:15,18.281776,73.127105,24.909934,true,10.248,shift_1,A
2026-01-09T11:30,18.517661,74.070645,25.86958,true,10.763,shift_1,A
2026-01-09T11:45,17.359135,69.436539,22.407336,true,10.631,shift_1,A
2026-01-09T12:00,20.919853,83.679413,31.826919,true,10.571,shift_1,A
2026-01-09T12:15,19.033033,76.132134,27.009347,true,10.624,shift_1,A
2026-01-09T12:30,20.365261,81.461042,30.998266,true,11.793,shift_1,A
2026-01-09T12:45,16.560686,66.242743,21.814506,true,11.211,shift_1,A
2026-01-09T13:00,18.562402,74.249607,25.95173,true,11.348,shift_1,A
2026-01-09T13:15,16.613619,66.454477,20.579264,true,11.635,shift_1,A
2026-01-09T13:30,15.754379,63.017518,18.877547,true,11.791,shift_1,A
2026-01-09T13:45,16.042153,64.16861,18.60976,true,12.072,shift_1,A
2026-01-09T14:00,17.900648,71.602591,24.124468,true,12.791,shift_2,A
2026-01-09T14:15,18.081092,72.324367,23.805354,true,12.795,shift_2,A
2026-01-09T14:30,18.16241,72.649639,24.480796,true,13.523,shift_2,A
2026-01-09T14:45,16.798556,67.194223,22.580329,true,13.293,shift_2,A
2026-01-09T15:00,15.681126,62.724503,16.685396,true,13.468,shift_2,A
2026-01-09T15:15,18.5113,74.045202,25.78287,true,13.607,shift_2,A
2026-01-09T15:30,15.969167,63.876668,20.472889,true,14.201,shift_2,A
2026-01-09T15:45,17.507937,70.031748,24.285225,true,13.175,shift_2,A
2026-01-09T16:00,18.51285,74.051402,26.679725,true,13.695,shift_2,A
2026-01-09T16:15,15.52441,62.097642,19.445418,true,14.559,shift_2,A
2026-01-09T16:30,18.648536,74.594142,25.758567,true,14.078,shift_2,A
2026-01-09T16:45,16.762476,67.049906,21.988887,true,13.707,shift_2,A
2026-01-09T17:00,19.970124,79.880498,30.095762,true,13.794,shift_2,A
2026-01-09T17:15,20.800799,83.203196,30.669834,true,14.629,shift_2,A
2026-01-09T17:30,21.147272,84.589087,31.843434,true,14.802,shift_2,A
2026-01-09T17:45,18.126062,72.504246,26.730613,true,14.189,shift_2,A
2026-01-09T18:00,18.236197,72.944787,24.71117,true,14.679,shift_2,A
2026-01-09T18:15,16.340296,65.361183,21.279565,true,14.874,shift_2,A
2026-01-09T18:30,18.383604,73.534415,25.333666,true,14.503,shift_2,A
2026-01-09T18:45,18.661178,74.644713,27.965348,true,14.158,shift_2,A
2026-01-09T19:00,20.011338,80.045354,31.0541,true,13.706,shift_2,A
2026-01-09T19:15,15.713101,62.852402,20.068771,true,14.54,shift_2,A
2026-01-09T19:30,18.481854,73.927416,24.74534,true,14.647,shift_2,A
2026-01-09T19:45,18.529399,74.117596,25.100195,true,15.088,shift_2,A
2026-01-09T20:00,19.209363,76.837454,28.05649,true,15.427,shift_2,A
2026-01-09T20:15,22.108482,88.433926,34.43682,true,15.372,shift_2,A
2026-01-09T20:30,20.401386,81.605544,29.837013,true,15.732,shift_2,A
2026-01-09T20:45,15.949915,63.799661,19.276667,true,14.275,shift_2,A
2026-01-09T21:00,17.203159,68.812636,21.564449,true,13.948,shift_2,A
2026-01-09T21:15,18.397393,73.589571,26.936498,true,14.403,shift_2,A
2026-01-09T21:30,19.896674,79.586696,29.195533,true,14.431,shift_2,A
2026-01-09T21:45,21.606111,86.424444,32.483586,true,14.756,shift_2,A
2026-01-09T22:00,6.027159,24.108638,0.0,false,14.095,off,A
2026-01-09T22:15,5.492964,21.971856,0.0,false,14.139,off,A
2026-01-09T22:30,5.929216,23.716864,0.0,false,14.359,off,A
2026-01-09T22:45,5.680744,22.722977,0.0,false,13.683,off,A
2026-01-09T23:00,5.824605,23.298421,0.0,false,14.398,off,A
2026-01-09T23:15,5.901365,23.60546,0.0,false,13.911,off,A
2026-01-09T23:30,5.958823,23.835294,0.0,false,13.534,off,A
2026-01-09T23:45,4.939967,19.759867,0.0,false,13.933,off,A
2026-01-10T00:00,5.571722,22.286887,0.0,false,13.922,off,A
2026-01-10T00:15,5.205499,20.821994,0.0,false,13.396,off,A
2026-01-10T00:30,4.923137,19.692549,0.0,false,13.304,off,A
2026-01-10T00:45,5.048688,20.194754,0.0,false,14.117,off,A
2026-01-10T01:00,5.95796,23.831838,0.0,false,12.784,off,A
2026-01-10T01:15,5.788098,23.152393,0.0,false,13.248,off,A
2026-01-10T01:30,5.375143,21.500572,0.0,false,13.553,off,A
2026-01-10T01:45,5.837707,23.350829,0.0,false,12.108,off,A
2026-01-10T02:00,5.369244,21.476977,0.0,false,12.866,off,A
2026-01-10T02:15,5.99566,23.982641,0.0,false,11.672,off,A
2026-01-10T02:30,4.95061,19.802442,0.0,false,12.429,off,A
2026-01-10T02:45,4.923609,19.694436,0.0,false,12.37,off,A
2026-01-10T03:00,5.050676,20.202705,0.0,false,11.58,off,A
2026-01-10T03:15,5.166676,20.666702,0.0,false,11.345,off,A
2026-01-10T03:30,5.789706,23.158822,0.0,false,11.205,off,A
2026-01-10T03:45,5.751493,23.005971,0.0,false,11.509,off,A
2026-01-10T04:00,5.350919,21.403676,0.0,false,11.764,off,A
2026-01-10T04:15,5.715261,22.861045,0.0,false,11.119,off,A
2026-01-10T04:30,5.859631,23.438525,0.0,false,11.799,off,A
2026-01-10T04:45,5.907586,23.630344,0.0,false,11.51,off,A
2026-01-10T05:00,4.786132,19.144528,0.0,false,11.229,off,A
2026-01-10T05:15,5.58517,22.34068,0.0,false,11.029,off,A
2026-01-10T05:30,5.289098,21.156392,0.0,false,10.512,off,A
2026-01-10T05:45,5.666472,22.665889,0.0,false,10.177,off,A
2026-01-10T06:00,4.900886,19.603543,0.0,false,10.723,shift_1,A
2026-01-10T06:15,5.275725,21.102901,0.0,false,10.335,shift_1,A
2026-01-10T06:30,5.692736,22.770945,0.0,false,9.683,shift_1,A
2026-01-10T06:45,5.243563,20.974253,0.0,false,9.936,shift_1,A
2026-01-10T07:00,5.649815,22.599261,0.0,false,9.668,shift_1,A
2026-01-10T07:15,5.063344,20.253375,0.0,false,10.011,shift_1,A
2026-01-10T07:30,5.475511,21.902043,0.0,false,9.569,shift_1,A
2026-01-10T07:45,5.080114,20.320457,0.0,false,10.176,shift_1,A
2026-01-10T08:00,5.170399,20.681596,0.0,false,10.212,shift_1,A
2026-01-10T08:15,5.123599,20.494395,0.0,false,11.337,shift_1,A
2026-01-10T08:30,5.623253,22.493013,0.0,false,9.594,shift_1,A
2026-01-10T08:45,5.880021,23.520083,0.0,false,9.565,shift_1,A
2026-01-10T09:00,5.344952,21.379808,0.0,false,10.954,shift_1,A
2026-01-10T09:15,5.292896,21.171585,0.0,false,10.187,shift_1,A
2026-01-10T09:30,6.072694,24.290775,0.0,false,10.158,shift_1,A
2026-01-10T09:45,5.13831,20.55324,0.0,false,10.673,shift_1,A
2026-01-10T10:00,5.964825,23.859298,0.0,false,11.076,shift_1,A
2026-01-10T10:15,5.236313,20.945252,0.0,false,10.632,shift_1,A
2026-01-10T10:30,5.181814,20.727254,0.0,false,10.517,shift_1,A
2026-01-10T10:45,5.373412,21.493646,0.0,false,10.822,shift_1,A
2026-01-10T11:00,5.917435,23.66974,0.0,false,9.583,shift_1,A
2026-01-10T11:15,5.931393,23.725573,0.0,false,10.915,shift_1,A
2026-01-10T11:30,5.575387,22.301547,0.0,false,10.878,shift_1,A
2026-01-10T11:45,5.655119,22.620475,0.0,false,11.637,shift_1,A
2026-01-10T12:30,5.177997,20.711988,0.0,false,12.378,shift_1,A
2026-01-10T12:45,4.927174,19.708695,0.0,false,11.144,shift_1,A
2026-01-10T13:00,5.750252,23.001009,0.0,false,12.088,shift_1,A
2026-01-10T13:15,4.958576,19.834304,0.0,false,12.351,shift_1,A
2026-01-10T13:30,5.978906,23.915625,0.0,false,12.644,shift_1,A
2026-01-10T13:45,5.513027,22.052106,0.0,false,12.256,shift_1,A
2026-01-10T14:00,5.646857,22.58743,0.0,false,12.806,shift_2,A
2026-01-10T14:15,5.065566,20.262262,0.0,false,12.952,shift_2,A
2026-01-10T14:30,5.015011,20.060043,0.0,false,12.707,shift_2,A
2026-01-10T14:45,5.712087,22.848346,0.0,false,13.271,shift_2,A
2026-01-10T15:00,5.61872,22.474879,0.0,false,13.066,shift_2,A
2026-01-10T15:15,5.84317,23.37268,0.0,false,12.493,shift_2,A
2026-01-10T15:30,5.55162,22.206482,0.0,false,13.191,shift_2,A
2026-01-10T15:45,5.1974,20.789599,0.0,false,14.131,shift_2,A
2026-01-10T16:00,5.54963,22.19852,0.0,false,14.316,shift_2,A
2026-01-10T16:15,5.722418,22.889673,0.0,false,13.871,shift_2,A
2026-01-10T16:30,5.737642,22.95057,0.0,false,13.366,shift_2,A
2026-01-10T16:45,5.914511,23.658043,0.0,false,14.147,shift_2,A
2026-01-10T17:00,5.354673,21.418692,0.0,false,14.127,shift_2,A
2026-01-10T17:15,5.476253,21.905012,0.0,false,14.532,shift_2,A
2026-01-10T17:30,5.422417,21.689668,0.0,false,13.864,shift_2,A
2026-01-10T17:45,5.462759,21.851034,0.0,false,15.18,shift_2,A
2026-01-10T18:00,5.786375,23.145499,0.0,false,14.198,shift_2,A
2026-01-10T18:15,4.651893,18.607572,0.0,false,13.783,shift_2,A
2026-01-10T18:30,5.57237,22.28948,0.0,false,14.776,shift_2,A
2026-01-10T18:45,5.142887,20.571547,0.0,false,14.945,shift_2,A
2026-01-10T19:00,4.940507,19.762027,0.0,false,14.807,shift_2,A
2026-01-10T19:15,4.853872,19.41549,0.0,false,15.03,shift_2,A
2026-01-10T19:30,5.604632,22.418527,0.0,false,14.872,shift_2,A
2026-01-10T19:45,5.290999,21.163995,0.0,false,14.084,shift_2,A
2026-01-10T20:00,6.119587,24.478349,0.0,false,15.362,shift_2,A
2026-01-10T20:15,5.635967,22.54387,0.0,false,14.211,shift_2,A
2026-01-10T20:30,4.961897,19.847587,0.0,false,14.329,shift_2,A
2026-01-10T20:45,5.767273,23.069092,0.0,false,15.718,shift_2,A
2026-01-10T21:00,5.587611,22.350444,0.0,false,14.481,shift_2,A
2026-01-10T21:15,5.572517,22.290068,0.0,false,15.156,shift_2,A
2026-01-10T21:30,5.742312,22.969247,0.0,false,15.901,shift_2,A
2026-01-10T21:45,5.38392,21.53568,0.0,false,13.214,shift_2,A
2026-01-10T22:00,5.418341,21.673365,0.0,false,14.265,off,A
2026-01-10T22:15,5.239543,20.958171,0.0,false,14.553,off,A
2026-01-10T22:30,6.045362,24.181449,0.0,false,13.909,off,A
2026-01-10T22:45,5.231704,20.926817,0.0,false,14.646,off,A
2026-01-10T23:00,5.770072,23.080289,0.0,false,14.575,off,A
2026-01-10T23:15,5.077875,20.311499,0.0,false,14.75,off,A
2026-01-10T23:30,5.256885,21.027539,0.0,false,14.38,off,A
2026-01-10T23:45,5.42302,21.692081,0.0,false,14.434,off,A
2026-01-11T00:00,5.514142,22.056566,0.0,false,12.682,off,B
2026-01-11T00:15,5.41314,21.652561,0.0,false,12.782,off,B
2026-01-11T00:30,5.339478,21.357912,0.0,false,13.496,off,B
2026-01-11T00:45,5.053708,20.214834,0.0,false,12.628,off,B
2026-01-11T01:00,5.400757,21.603026,0.0,false,12.793,off,B
2026-01-11T01:15,5.783634,23.134537,0.0,false,13.7,off,B
2026-01-11T01:30,6.009551,24.038204,0.0,false,12.658,off,B
2026-01-11T01:45,5.774009,23.096034,0.0,false,12.047,off,B
2026-01-11T02:00,5.59453,22.37812,0.0,false,12.48,off,B
2026-01-11T02:15,5.22817,20.91268,0.0,false,12.724,off,B
2026-01-11T02:30,5.496276,21.985104,0.0,false,12.642,off,B
2026-01-11T02:45,5.378296,21.513182,0.0,false,13.286,off,B
2026-01-11T03:00,5.758836,23.035345,0.0,false,12.556,off,B
2026-01-11T03:15,6.044249,24.176996,0.0,false,11.177,off,B
2026-01-11T03:30,4.607202,18.428808,0.0,false,11.081,off,B
2026-01-11T03:45,5.927581,23.710325,0.0,false,11.889,off,B
2026-01-11T04:00,5.395592,21.582369,0.0,false,11.344,off,B
2026-01-11T04:15,5.784747,23.138989,0.0,false,11.971,off,B
2026-01-11T04:30,5.792613,23.170453,0.0,false,10.718,off,B
2026-01-11T04:45,5.276413,21.105651,0.0,false,10.298,off,B
2026-01-11T05:00,4.619993,18.479972,0.0,false,10.275,off,B
2026-01-11T05:15,5.988931,23.955725,0.0,false,10.1,off,B
2026-01-11T05:30,5.279987,21.119949,0.0,false,10.036,off,B
2026-01-11T05:45,5.856503,23.42601,0.0,false,9.909,off,B
2026-01-11T06:00,5.696298,22.785192,0.0,false,10.403,shift_1,B
2026-01-11T06:15,5.031589,20.126357,0.0,false,10.273,shift_1,B
2026-01-11T06:30,5.860636,23.442544,0.0,false,9.771,shift_1,B
2026-01-11T06:45,5.809761,23.239043,0.0,false,10.172,shift_1,B
2026-01-11T07:00,6.10471,24.418841,0.0,false,8.572,shift_1,B
2026-01-11T07:15,6.383879,25.535514,0.0,false,9.869,shift_1,B
2026-01-11T07:30,5.529986,22.119942,0.0,false,9.834,shift_1,B
2026-01-11T07:45,5.149682,20.598728,0.0,false,10.404,shift_1,B
2026-01-11T08:00,5.241914,20.967655,0.0,false,10.504,shift_1,B
2026-01-11T08:15,5.817283,23.26913,0.0,false,10.718,shift_1,B
2026-01-11T08:30,5.210322,20.841289,0.0,false,10.337,shift_1,B
2026-01-11T08:45,5.619965,22.479859,0.0,false,10.011,shift_1,B
2026-01-11T09:00,5.376447,21.505786,0.0,false,9.136,shift_1,B
2026-01-11T09:15,4.992728,19.970911,0.0,false,10.67,shift_1,B
2026-01-11T09:30,5.248674,20.994696,0.0,false,10.898,shift_1,B
2026-01-11T09:45,5.040934,20.163738,0.0,false,10.487,shift_1,B
2026-01-11T10:00,5.685091,22.740365,0.0,false,10.645,shift_1,B
2026-01-11T10:15,6.041628,24.166512,0.0,false,11.057,shift_1,B
2026-01-11T10:30,5.583568,22.33427,0.0,false,11.211,shift_1,B
2026-01-11T10:45,6.029506,24.118024,0.0,false,10.075,shift_1,B
2026-01-11T11:00,5.324516,21.298064,0.0,false,10.148,shift_1,B
2026-01-11T11:15,5.677423,22.709692,0.0,false,11.288,shift_1,B
2026-01-11T11:30,5.498379,21.993515,0.0,false,11.843,shift_1,B
2026-01-11T11:45,5.389897,21.559587,0.0,false,10.334,shift_1,B
2026-01-11T12:00,5.359756,21.439026,0.0,false,11.405,shift_1,B
2026-01-11T12:15,5.400955,21.60382,0.0,false,12.168,shift_1,B
2026-01-11T12:30,5.686716,22.746863,0.0,false,10.893,shift_1,B
2026-01-11T12:45,6.179957,24.719828,0.0,false,11.191,shift_1,B
2026-01-11T13:00,4.938686,19.754745,0.0,false,12.056,shift_1,B
2026-01-11T13:15,6.447699,25.790794,0.0,false,12.62,shift_1,B
2026-01-11T13:30,5.861229,23.444918,0.0,false,11.24,shift_1,B
2026-01-11T13:45,5.570272,22.281088,0.0,false,12.646,shift_1,B
2026-01-11T14:00,5.696754,22.787017,0.0,false,12.74,shift_2,B
2026-01-11T14:15,6.064396,24.257584,0.0,false,12.385,shift_2,B
2026-01-11T14:30,6.283425,25.133701,0.0,false,12.22,shift_2,B
2026-01-11T14:45,5.025546,20.102184,0.0,false,13.82,shift_2,B
2026-01-11T15:00,6.067944,24.271774,0.0,false,13.212,shift_2,B
2026-01-11T15:15,5.435037,21.740146,0.0,false,13.126,shift_2,B
2026-01-11T15:30,5.966989,23.867956,0.0,false,13.323,shift_2,B
2026-01-11T15:45,5.49607,21.984279,0.0,false,13.37,shift_2,B
2026-01-11T16:00,5.416959,21.667837,0.0,false,14.088,shift_2,B
2026-01-11T16:15,4.963381,19.853522,0.0,false,13.524,shift_2,B
2026-01-11T16:30,5.028078,20.112313,0.0,false,13.331,shift_2,B
2026-01-11T16:45,5.209249,20.836997,0.0,false,13.356,shift_2,B
2026-01-11T17:00,5.521638,22.086553,0.0,false,14.486,shift_2,B
2026-01-11T17:15,5.092792,20.37117,0.0,false,14.034,shift_2,B
2026-01-11T17:30,4.944841,19.779363,0.0,false,14.055,shift_2,B
2026-01-11T17:45,5.785745,23.142979,0.0,false,14.029,shift_2,B
2026-01-11T18:00,5.506926,22.027705,0.0,false,14.031,shift_2,B
2026-01-11T18:15,6.471178,25.884711,0.0,false,14.501,shift_2,B
2026-01-11T18:30,5.57732,22.309281,0.0,false,13.979,shift_2,B
2026-01-11T18:45,5.191548,20.766191,0.0,false,14.768,shift_2,B
2026-01-11T19:00,5.562234,22.248935,0.0,false,15.14,shift_2,B
2026-01-11T19:15,5.670511,22.682044,0.0,false,14.485,shift_2,B
2026-01-11T19:30,6.023788,24.095152,0.0,false,15.241,shift_2,B
2026-01-11T19:45,6.088178,24.352711,0.0,false,14.758,shift_2,B
2026-01-11T20:00,4.709595,18.83838,0.0,false,14.97,shift_2,B
2026-01-11T20:15,5.467364,21.869456,0.0,false,15.324,shift_2,B
2026-01-11T20:30,5.873296,23.493185,0.0,false,14.605,shift_2,B
2026-01-11T20:45,5.906754,23.627017,0.0,false,14.784,shift_2,B
2026-01-11T21:00,5.800129,23.200515,0.0,false,14.941,shift_2,B
2026-01-11T21:15,5.689267,22.757069,0.0,false,15.275,shift_2,B
2026-01-11T21:30,5.867885,23.471541,0.0,false,14.362,shift_2,B
2026-01-11T21:45,6.300904,25.203617,0.0,false,14.821,shift_2,B
2026-01-11T22:00,5.80045,23.201802,0.0,false,14.972,off,B
2026-01-11T22:15,5.337543,21.350173,0.0,false,14.264,off,B
2026-01-11T22:30,5.03181,20.127238,0.0,false,14.6,off,B
2026-01-11T22:45,5.456567,21.826268,0.0,false,13.862,off,B
2026-01-11T23:00,5.58083,22.32332,0.0,false,14.297,off,B
2026-01-11T23:15,5.339865,21.35946,0.0,false,14.775,off,B
2026-01-11T23:30,5.442146,21.768583,0.0,false,14.43,off,B
2026-01-11T23:45,5.602827,22.411309,0.0,false,13.86,off,B
2026-01-12T00:00,5.526543,22.106171,0.0,false,12.885,off,A
2026-01-12T00:15,5.128065,20.512258,0.0,false,13.455,off,A
2026-01-12T00:30,5.322844,21.291374,0.0,false,12.682,off,A
2026-01-12T00:45,5.848049,23.392197,0.0,false,12.533,off,A
2026-01-12T01:00,4.827171,19.308685,0.0,false,13.196,off,A
2026-01-12T01:15,5.801982,23.207926,0.0,false,12.819,off,A
2026-01-12T01:30,5.387513,21.550052,0.0,false,12.697,off,A
2026-01-12T01:45,5.44869,21.794758,0.0,false,12.647,off,A
2026-01-12T02:00,5.481816,21.927265,0.0,false,11.819,off,A
2026-01-12T02:15,6.681512,26.726047,0.0,false,12.226,off,A
2026-01-12T02:30,5.31775,21.271001,0.0,false,12.236,off,A
2026-01-12T02:45,5.437587,21.750349,0.0,false,12.675,off,A
2026-01-12T03:00,5.150354,20.601414,0.0,false,12.148,off,A
2026-01-12T03:15,5.24893,20.995721,0.0,false,12.642,off,A
2026-01-12T03:30,5.952943,23.811772,0.0,false,11.899,off,A
2026-01-12T03:45,5.49994,21.999762,0.0,false,11.41,off,A
2026-01-12T04:00,5.773073,23.092291,0.0,false,11.712,off,A
2026-01-12T04:15,5.572593,22.290373,0.0,false,10.734,off,A
2026-01-12T04:30,5.201852,20.807408,0.0,false,10.674,off,A
2026-01-12T04:45,5.986391,23.945565,0.0,false,10.696,off,A
2026-01-12T05:00,6.542181,26.168724,0.0,false,11.699,off,A
2026-01-12T05:15,5.163437,20.653749,0.0,false,10.761,off,A
2026-01-12T05:30,6.142992,24.571969,0.0,false,10.2,off,A
2026-01-12T05:45,5.393394,21.573577,0.0,false,9.821,off,A
2026-01-12T06:00,20.754278,83.017113,32.669976,true,10.22,shift_1,A
2026-01-12T06:15,20.262401,81.049603,30.526732,true,10.977,shift_1,A
2026-01-12T06:30,14.813811,59.255244,16.384759,true,10.592,shift_1,A
2026-01-12T06:45,13.073045,52.29218,11.37263,true,10.194,shift_1,A
2026-01-12T07:00,14.159246,56.636982,16.062338,true,10.431,shift_1,A
2026-01-12T07:15,16.997165,67.988659,22.198505,true,9.842,shift_1,A
2026-01-12T07:30,16.468975,65.875899,20.164733,true,9.711,shift_1,A
2026-01-12T07:45,18.126137,72.504547,25.060209,true,9.936,shift_1,A
2026-01-12T08:00,18.620708,74.482833,25.228626,true,10.397,shift_1,A
2026-01-12T08:15,20.95358,83.814319,30.850959,true,10.225,shift_1,A
2026-01-12T08:30,21.44373,85.77492,31.405957,true,9.46,shift_1,A
2026-01-12T08:45,18.848506,75.394024,26.996233,true,9.73,shift_1,A
2026-01-12T09:00,19.884694,79.538776,30.070741,true,10.474,shift_1,A
2026-01-12T09:15,17.530018,70.120071,23.446053,true,10.957,shift_1,A
2026-01-12T09:30,22.899371,91.597483,37.688859,true,10.871,shift_1,A
2026-01-12T09:45,19.158866,76.635465,29.140242,true,10.817,shift_1,A
2026-01-12T10:00,16.84543,67.381719,22.056146,true,10.026,shift_1,A
2026-01-12T10:15,19.930741,79.722965,28.179777,true,10.381,shift_1,A
2026-01-12T10:30,24.362585,97.450338,41.186983,true,10.896,shift_1,A
2026-01-12T10:45,20.650714,82.602855,29.801515,true,11.183,shift_1,A
2026-01-12T11:00,21.434244,85.736977,31.697071,true,10.711,shift_1,A
2026-01-12T11:15,19.079448,76.317793,26.781228,true,10.66,shift_1,A
2026-01-12T11:30,17.920751,71.683003,22.419761,true,10.929,shift_1,A
2026-01-12T11:45,21.888678,87.554712,35.076253,true,11.165,shift_1,A
2026-01-12T12:00,20.037049,80.148198,29.985696,true,11.315,shift_1,A
2026-01-12T12:15,17.131998,68.527993,21.994656,true,11.113,shift_1,A
2026-01-12T12:30,17.534274,70.137096,25.644357,true,11.379,shift_1,A
2026-01-12T12:45,17.5728,70.291199,23.942855,true,11.586,shift_1,A
2026-01-12T13:00,16.32149,65.285961,20.111695,true,11.525,shift_1,A
2026-01-12T13:15,15.08488,60.339521,17.278412,true,12.924,shift_1,A
2026-01-12T13:30,18.440862,73.763449,25.75062,true,12.831,shift_1,A
2026-01-12T13:45,17.769756,71.079025,24.026276,true,12.28,shift_1,A
2026-01-12T14:00,15.602334,62.409338,20.341084,true,11.575,shift_2,A
2026-01-12T14:15,19.063075,76.2523,28.073209,true,13.478,shift_2,A
2026-01-12T14:30,22.325377,89.301508,36.321568,true,13.397,shift_2,A
2026-01-12T14:45,18.512509,74.050038,26.083069,true,13.806,shift_2,A
2026-01-12T15:00,16.770002,67.080009,21.749593,true,12.763,shift_2,A
2026-01-12T15:15,19.026288,76.105151,27.496723,true,12.314,shift_2,A
2026-01-12T15:30,18.653613,74.614454,23.107882,true,13.855,shift_2,A
2026-01-12T15:45,16.892037,67.568147,20.928915,true,12.946,shift_2,A
2026-01-12T16:00,17.383875,69.535499,21.037907,true,15.098,shift_2,A
2026-01-12T16:15,21.268299,85.073198,32.872623,true,13.599,shift_2,A
2026-01-12T16:30,22.07695,88.307801,35.705908,true,15.305,shift_2,A
2026-01-12T16:45,16.719284,66.877134,21.534792,true,15.785,shift_2,A
2026-01-12T17:00,17.464745,69.858981,23.796867,true,15.34,shift_2,A
2026-01-12T17:15,20.27673,81.106921,29.99189,true,14.613,shift_2,A
2026-01-12T17:30,19.956098,79.824393,28.906137,true,14.279,shift_2,A
2026-01-12T17:45,19.500132,78.000528,29.680836,true,15.499,shift_2,A
2026-01-12T18:00,18.706212,74.824849,24.977032,true,14.848,shift_2,A
2026-01-12T18:15,20.023837,80.095349,30.838699,true,14.073,shift_2,A
2026-01-12T18:30,20.901506,83.606024,31.77748,true,15.614,shift_2,A
2026-01-12T18:45,18.86277,75.451081,26.045056,true,15.288,shift_2,A
2026-01-12T19:00,20.585066,82.340265,31.126802,true,15.058,shift_2,A
2026-01-12T19:15,18.634575,74.538299,24.587298,true,13.88,shift_2,A
2026-01-12T19:30,19.035593,76.142373,27.318727,true,15.873,shift_2,A
2026-01-12T19:45,20.18557,80.742279,29.558592,true,14.995,shift_2,A
2026-01-12T20:00,20.350106,81.400423,29.308251,true,14.679,shift_2,A
2026-01-12T20:15,18.241178,72.964712,24.660005,true,14.686,shift_2,A
2026-01-12T20:30,17.240299,68.961197,23.101343,true,15.508,shift_2,A
2026-01-12T20:45,19.045246,76.180985,26.770577,true,14.888,shift_2,A
2026-01-12T21:00,14.925893,59.703573,17.708098,true,15.074,shift_2,A
2026-01-12T21:15,15.62952,62.51808,18.165102,true,15.354,shift_2,A
2026-01-12T21:30,16.674215,66.696859,21.067188,true,14.798,shift_2,A
2026-01-12T21:45,18.225803,72.903212,25.40405,true,15.749,shift_2,A
2026-01-12T22:00,5.704895,22.819581,0.0,false,14.097,off,A
2026-01-12T22:15,5.74295,22.971802,0.0,false,15.315,off,A
2026-01-12T22:30,5.690639,22.762557,0.0,false,15.235,off,A
2026-01-12T22:45,5.48202,21.92808,0.0,false,13.896,off,A
2026-01-12T23:00,5.788405,23.153618,0.0,false,14.699,off,A
2026-01-12T23:15,5.474654,21.898615,0.0,false,14.07,off,A
2026-01-12T23:30,6.008517,24.034069,0.0,false,14.373,off,A
2026-01-12T23:45,5.758527,23.034109,0.0,false,14.56,off,A
2026-01-13T00:00,5.089887,20.35955,0.0,false,14.217,off,A
2026-01-13T00:15,5.463258,21.853033,0.0,false,13.325,off,A
2026-01-13T00:30,5.658141,22.632565,0.0,false,14.247,off,A
2026-01-13T00:45,4.899378,19.597511,0.0,false,13.854,off,A
2026-01-13T01:00,5.947954,23.791814,0.0,false,12.686,off,A
2026-01-13T01:15,4.974525,19.898099,0.0,false,13.24,off,A
2026-01-13T01:30,5.603214,22.412858,0.0,false,13.537,off,A
2026-01-13T01:45,6.0,24.000001,0.0,false,14.409,off,A
2026-01-13T02:00,5.439556,21.758225,0.0,false,12.943,off,A
2026-01-13T02:15,5.458939,21.835757,0.0,false,12.722,off,A
2026-01-13T02:30,5.871009,23.484035,0.0,false,11.724,off,A
2026-01-13T02:45,4.398117,17.592469,0.0,false,12.419,off,A
2026-01-13T03:00,5.168503,20.674013,0.0,false,11.805,off,A
2026-01-13T03:15,5.482378,21.929512,0.0,false,12.456,off,A
2026-01-13T03:30,4.863392,19.453569,0.0,false,12.556,off,A
2026-01-13T03:45,5.926838,23.707351,0.0,false,11.126,off,A
2026-01-13T04:00,5.076547,20.306188,0.0,false,11.192,off,A
2026-01-13T04:15,5.19607,20.784281,0.0,false,11.117,off,A
2026-01-13T04:30,5.947267,23.789068,0.0,false,11.517,off,A
2026-01-13T04:45,5.383689,21.534758,0.0,false,10.328,off,A
2026-01-13T05:00,5.532877,22.13151,0.0,false,11.009,off,A
2026-01-13T05:15,5.547939,22.191755,0.0,false,11.306,off,A
2026-01-13T05:30,5.055243,20.22097,0.0,false,10.496,off,A
2026-01-13T05:45,5.376491,21.505966,0.0,false,9.778,off,A
2026-01-13T06:00,19.403734,77.614937,28.528624,true,10.612,shift_1,A
2026-01-13T06:15,17.44297,69.771881,23.577569,true,11.689,shift_1,A
2026-01-13T06:30,16.033458,64.133833,19.225536,true,10.65,shift_1,A
2026-01-13T06:45,19.312314,77.249257,27.651014,true,9.37,shift_1,A
2026-01-13T07:00,17.795511,71.182046,25.303262,true,10.46,shift_1,A
2026-01-13T07:15,21.374837,85.499346,32.676538,true,9.868,shift_1,A
2026-01-13T07:30,19.246371,76.985482,27.309421,true,9.992,shift_1,A
2026-01-13T07:45,20.73353,82.934118,31.145967,true,11.252,shift_1,A
2026-01-13T08:00,21.99028,87.961119,34.91845,true,10.045,shift_1,A
2026-01-13T08:15,16.041116,64.164465,20.304555,true,9.839,shift_1,A
2026-01-13T08:30,20.731682,82.92673,30.622989,true,10.109,shift_1,A
2026-01-13T08:45,19.651779,78.607116,27.92047,true,10.893,shift_1,A
2026-01-13T09:00,21.549767,86.199067,32.022229,true,11.484,shift_1,A
2026-01-13T09:15,17.547226,70.188904,24.020462,true,9.647,shift_1,A
2026-01-13T09:30,20.118248,80.472992,28.290061,true,9.121,shift_1,A
2026-01-13T09:45,19.402561,77.610242,29.017245,true,10.26,shift_1,A
2026-01-13T10:00,19.455478,77.82191,29.506549,true,10.358,shift_1,A
2026-01-13T10:15,15.776811,63.107243,18.446237,true,11.278,shift_1,A
2026-01-13T10:30,22.509603,90.038412,35.367393,true,10.54,shift_1,A
2026-01-13T10:45,14.168363,56.673452,15.617474,true,9.848,shift_1,A
2026-01-13T11:00,18.790825,75.163301,26.525747,true,10.75,shift_1,A
2026-01-13T11:15,15.655964,62.623856,20.325633,true,11.458,shift_1,A
2026-01-13T11:30,18.142693,72.570771,24.991076,true,11.374,shift_1,A
2026-01-13T11:45,18.991254,75.965014,25.539744,true,11.06,shift_1,A
2026-01-13T12:00,16.457175,65.828702,19.872348,true,10.708,shift_1,A
2026-01-13T12:15,17.514226,70.056904,24.565968,true,12.447,shift_1,A
2026-01-13T12:30,18.271616,73.086466,26.506731,true,10.812,shift_1,A
2026-01-13T12:45,22.754588,91.018351,36.552432,true,13.054,shift_1,A
2026-01-13T13:00,18.233334,72.933337,23.939654,true,12.365,shift_1,A
2026-01-13T13:15,18.571751,74.287002,24.587327,true,12.28,shift_1,A
2026-01-13T13:30,21.304398,85.21759,34.733237,true,12.756,shift_1,A
2026-01-13T13:45,16.369881,65.479523,19.440437,true,12.328,shift_1,A
2026-01-13T14:00,18.468423,73.873692,26.93166,true,12.523,shift_2,A
2026-01-13T14:15,22.890263,91.561052,35.444944,true,12.886,shift_2,A
2026-01-13T14:30,18.867281,75.469122,25.901263,true,12.156,shift_2,A
2026-01-13T14:45,16.033769,64.135075,18.758642,true,13.01,shift_2,A
2026-01-13T15:00,19.012399,76.049597,27.291922,true,13.467,shift_2,A
2026-01-13T15:15,16.158244,64.632975,20.275209,true,14.739,shift_2,A
2026-01-13T15:30,19.132821,76.531285,28.862727,true,13.984,shift_2,A
2026-01-13T15:45,15.595213,62.38085,18.30362,true,14.524,shift_2,A
2026-01-13T16:00,17.657277,70.629108,22.461876,true,13.866,shift_2,A
2026-01-13T16:15,16.955246,67.820982,22.751874,true,12.985,shift_2,A
2026-01-13T16:30,22.197572,88.790287,34.548088,true,14.729,shift_2,A
2026-01-13T16:45,14.778156,59.112623,16.032815,true,15.115,shift_2,A
2026-01-13T17:00,18.516301,74.065205,25.595955,true,13.846,shift_2,A
2026-01-13T17:15,21.119233,84.476933,34.608226,true,14.696,shift_2,A
2026-01-13T17:30,15.79541,63.18164,20.51852,true,14.335,shift_2,A
2026-01-13T17:45,20.341595,81.36638,28.952128,true,15.351,shift_2,A
2026-01-13T18:00,19.125195,76.500778,28.420751,true,15.527,shift_2,A
2026-01-13T18:15,17.545762,70.18305,24.582018,true,15.507,shift_2,A
2026-01-13T18:30,20.061957,80.247828,28.530955,true,14.504,shift_2,A
2026-01-13T18:45,21.654032,86.616126,33.851599,true,15.163,shift_2,A
2026-01-13T19:00,25.14562,100.58248,41.076651,true,14.971,shift_2,A
2026-01-13T19:15,16.766801,67.067202,22.994612,true,15.32,shift_2,A
2026-01-13T19:30,18.575189,74.300757,25.518423,true,15.449,shift_2,A
2026-01-13T19:45,20.034419,80.137676,28.587169,true,15.426,shift_2,A
2026-01-13T20:00,16.865108,67.460431,22.38278,true,15.426,shift_2,A
2026-01-13T20:15,16.628429,66.513717,20.235077,true,15.556,shift_2,A
2026-01-13T20:30,17.868964,71.475854,24.984601,true,15.605,shift_2,A
2026-01-13T20:45,15.299156,61.196625,19.224589,true,14.333,shift_2,A
2026-01-13T21:00,16.779875,67.119501,22.31778,true,15.198,shift_2,A
2026-01-13T21:15,18.174443,72.697772,24.917183,true,15.573,shift_2,A
2026-01-13T21:30,19.19735,76.7894,29.260593,true,15.358,shift_2,A
2026-01-13T21:45,13.961919,55.847674,14.915283,true,15.365,shift_2,A
2026-01-13T22:00,5.776489,23.105956,0.0,false,15.441,off,A
2026-01-13T22:15,5.572834,22.291336,0.0,false,15.18,off,A
2026-01-13T22:30,4.88368,19.534719,0.0,false,15.459,off,A
2026-01-13T22:45,5.51894,22.075758,0.0,false,14.496,off,A
2026-01-13T23:00,5.91062,23.64248,0.0,false,15.555,off,A
2026-01-13T23:15,5.195462,20.781847,0.0,false,14.937,off,A
2026-01-13T23:30,5.688723,22.754893,0.0,false,15.416,off,A
2026-01-13T23:45,6.438144,25.752575,0.0,false,13.655,off,A
2026-01-14T00:00,5.15252,20.61008,0.0,false,13.407,off,B
2026-01-14T00:15,5.107832,20.431328,0.0,false,13.859,off,B
2026-01-14T00:30,5.610705,22.44282,0.0,false,14.091,off,B
2026-01-14T00:45,6.257523,25.030091,0.0,false,13.731,off,B
2026-01-14T01:00,6.046554,24.186217,0.0,false,12.701,off,B
2026-01-14T01:15,6.084866,24.339462,0.0,false,12.946,off,B
2026-01-14T01:30,6.420621,25.682485,0.0,false,14.15,off,B
2026-01-14T01:45,5.034696,20.138785,0.0,false,12.939,off,B
2026-01-14T02:00,5.478653,21.91461,0.0,false,13.035,off,B
2026-01-14T02:15,5.794218,23.176872,0.0,false,11.826,off,B
2026-01-14T02:30,6.076804,24.307214,0.0,false,12.083,off,B
2026-01-14T02:45,5.387465,21.54986,0.0,false,12.865,off,B
2026-01-14T03:00,5.402973,21.611892,0.0,false,12.242,off,B
2026-01-14T03:15,6.739324,26.957297,0.0,false,11.838,off,B
2026-01-14T03:30,5.522135,22.08854,0.0,false,11.446,off,B
2026-01-14T03:45,5.346264,21.385057,0.0,false,12.261,off,B
2026-01-14T04:00,4.96836,19.873438,0.0,false,11.306,off,B
2026-01-14T04:15,5.784801,23.139205,0.0,false,12.078,off,B
2026-01-14T04:30,4.896482,19.585927,0.0,false,11.584,off,B
2026-01-14T04:45,5.614122,22.456487,0.0,false,11.474,off,B
2026-01-14T05:00,4.949304,19.797215,0.0,false,10.934,off,B
2026-01-14T05:15,5.151663,20.606653,0.0,false,10.963,off,B
2026-01-14T05:30,5.525336,22.101344,0.0,false,10.927,off,B
2026-01-14T05:45,5.852809,23.411238,0.0,false,10.623,off,B
2026-01-14T06:00,20.156911,80.627646,26.565435,true,10.673,shift_1,B
2026-01-14T06:15,16.639785,66.559138,19.139668,true,11.133,shift_1,B
2026-01-14T06:30,19.696215,78.784859,24.845995,true,11.022,shift_1,B
2026-01-14T06:45,18.387594,73.550375,22.047143,true,10.876,shift_1,B
2026-01-14T07:00,21.91905,87.676199,29.31224,true,10.327,shift_1,B
2026-01-14T07:15,23.575622,94.302488,36.291919,true,10.964,shift_1,B
2026-01-14T07:30,18.664652,74.658606,23.872296,true,10.118,shift_1,B
2026-01-14T07:45,19.215905,76.86362,23.753669,true,10.562,shift_1,B
2026-01-14T08:00,20.234251,80.937004,28.067367,true,10.863,shift_1,B
2026-01-14T08:15,21.52021,86.080838,29.777238,true,10.65,shift_1,B
2026-01-14T08:30,22.898134,91.592535,33.797656,true,10.407,shift_1,B
2026-01-14T08:45,21.899616,87.598463,30.490865,true,10.235,shift_1,B
2026-01-14T09:00,19.241058,76.96423,26.050728,true,10.882,shift_1,B
2026-01-14T09:15,19.887297,79.549186,25.566093,true,9.885,shift_1,B
2026-01-14T09:30,16.862772,67.451089,18.842113,true,10.957,shift_1,B
2026-01-14T09:45,19.250071,77.000282,22.829504,true,10.585,shift_1,B
2026-01-14T10:00,23.460896,93.843582,32.217076,true,10.838,shift_1,B
2026-01-14T10:15,20.364862,81.459448,26.056082,true,10.501,shift_1,B
2026-01-14T10:30,20.754559,83.018236,28.291498,true,10.233,shift_1,B
2026-01-14T10:45,21.004376,84.017504,29.756411,true,11.476,shift_1,B
2026-01-14T11:00,21.788347,87.153389,31.696529,true,11.589,shift_1,B
2026-01-14T11:15,18.647996,74.591985,24.526549,true,10.878,shift_1,B
2026-01-14T11:30,19.27782,77.11128,25.176768,true,11.881,shift_1,B
2026-01-14T11:45,19.661294,78.645175,24.433094,true,10.963,shift_1,B
2026-01-14T12:00,15.851496,63.405982,17.913014,true,11.995,shift_1,B
2026-01-14T12:15,18.271012,73.084048,23.103602,true,12.083,shift_1,B
2026-01-14T12:30,16.560417,66.241667,18.548673,true,11.484,shift_1,B
2026-01-14T12:45,21.684593,86.738372,30.546303,true,11.877,shift_1,B
2026-01-14T13:00,21.1477,84.5908,27.998245,true,11.741,shift_1,B
2026-01-14T13:15,15.123603,60.494412,15.757664,true,12.015,shift_1,B
2026-01-14T13:30,21.908779,87.635114,32.286419,true,11.869,shift_1,B
2026-01-14T13:45,22.397661,89.590645,31.327575,true,12.543,shift_1,B
2026-01-14T14:00,17.079425,68.317701,20.00468,true,12.614,shift_2,B
2026-01-14T14:15,22.036781,88.147125,31.441959,true,12.914,shift_2,B
2026-01-14T14:30,21.460225,85.840901,29.007196,true,12.522,shift_2,B
2026-01-14T14:45,20.687229,82.748916,28.131168,true,13.245,shift_2,B
2026-01-14T15:00,18.475692,73.902767,24.123845,true,12.914,shift_2,B
2026-01-14T15:15,17.347981,69.391922,20.149925,true,13.357,shift_2,B
2026-01-14T15:30,16.178989,64.715957,18.605622,true,13.921,shift_2,B
2026-01-14T15:45,20.602589,82.410355,27.916052,true,13.975,shift_2,B
2026-01-14T16:00,23.236857,92.947427,32.434525,true,13.017,shift_2,B
2026-01-14T16:15,21.365922,85.46369,29.126308,true,15.051,shift_2,B
2026-01-14T16:30,20.044812,80.179247,27.738875,true,14.065,shift_2,B
2026-01-14T16:45,17.387161,69.548643,20.007121,true,14.58,shift_2,B
2026-01-14T17:00,22.112929,88.451717,31.306126,true,14.461,shift_2,B
2026-01-14T17:15,21.847321,87.389282,31.946087,true,14.52,shift_2,B
2026-01-14T17:30,19.711272,78.845086,25.233948,true,14.722,shift_2,B
2026-01-14T17:45,21.421418,85.685674,29.390127,true,14.912,shift_2,B
2026-01-14T18:00,18.687809,74.751236,23.448409,true,13.863,shift_2,B
2026-01-14T18:15,22.389842,89.559368,30.902972,true,15.619,shift_2,B
2026-01-14T18:30,20.593924,82.375696,28.425072,true,15.07,shift_2,B
2026-01-14T18:45,18.479858,73.919433,23.577273,true,15.02,shift_2,B
2026-01-14T19:00,18.982758,75.93103,24.213012,true,15.19,shift_2,B
2026-01-14T19:15,21.241181,84.964722,29.295255,true,14.413,shift_2,B
2026-01-14T19:30,18.883662,75.534648,24.478497,true,15.572,shift_2,B
2026-01-14T19:45,20.381009,81.524035,25.633269,true,15.856,shift_2,B
2026-01-14T20:00,18.759124,75.036497,24.763176,true,14.668,shift_2,B
2026-01-14T20:15,17.668847,70.675388,21.644254,true,14.972,shift_2,B
2026-01-14T20:30,17.171072,68.684287,19.484548,true,15.741,shift_2,B
2026-01-14T20:45,18.896184,75.584734,22.816786,true,14.602,shift_2,B
2026-01-14T21:00,19.949735,79.798941,25.89062,true,15.516,shift_2,B
2026-01-14T21:15,20.916537,83.666149,27.410571,true,15.526,shift_2,B
2026-01-14T21:30,19.015812,76.063248,23.724634,true,14.661,shift_2,B
2026-01-14T21:45,20.5921,82.368402,26.750256,true,15.488,shift_2,B
2026-01-14T22:00,4.960112,19.840448,0.0,false,14.785,off,B
2026-01-14T22:15,5.499679,21.998715,0.0,false,15.586,off,B
2026-01-14T22:30,5.514304,22.057215,0.0,false,14.58,off,B
2026-01-14T22:45,5.902483,23.609933,0.0,false,14.534,off,B
2026-01-14T23:00,5.624693,22.498773,0.0,false,15.083,off,B
2026-01-14T23:15,5.513043,22.052172,0.0,false,14.789,off,B
2026-01-14T23:30,4.554672,18.218689,0.0,false,14.906,off,B
2026-01-14T23:45,5.484028,21.936111,0.0,false,13.675,off,B
2026-01-15T00:00,5.119794,20.479175,0.0,false,14.016,off,A
2026-01-15T00:15,5.108647,20.434586,0.0,false,14.388,off,A
2026-01-15T00:30,5.549716,22.198864,0.0,false,14.038,off,A
2026-01-15T00:45,5.168326,20.673304,0.0,false,13.805,off,A
2026-01-15T01:00,5.990775,23.963099,0.0,false,13.523,off,A
2026-01-15T01:15,5.885135,23.540542,0.0,false,13.732,off,A
2026-01-15T01:30,4.819087,19.276347,0.0,false,13.259,off,A
2026-01-15T01:45,5.439729,21.758915,0.0,false,12.903,off,A
2026-01-15T02:00,5.954382,23.817526,0.0,false,13.623,off,A
2026-01-15T02:15,5.157389,20.629556,0.0,false,13.021,off,A
2026-01-15T02:30,5.395307,21.58123,0.0,false,12.71,off,A
2026-01-15T02:45,5.006591,20.026365,0.0,false,12.363,off,A
2026-01-15T03:00,5.488063,21.952252,0.0,false,12.557,off,A
2026-01-15T03:15,4.915349,19.661398,0.0,false,12.571,off,A
2026-01-15T03:30,6.958509,27.834036,0.0,false,11.452,off,A
2026-01-15T03:45,5.615033,22.460132,0.0,false,11.426,off,A
2026-01-15T04:00,5.107126,20.428503,0.0,false,11.941,off,A
2026-01-15T04:15,5.473752,21.895008,0.0,false,12.447,off,A
2026-01-15T04:30,6.227355,24.909418,0.0,false,11.525,off,A
2026-01-15T04:45,5.304944,21.219774,0.0,false,10.928,off,A
2026-01-15T05:00,4.950941,19.803766,0.0,false,11.032,off,A
2026-01-15T05:15,5.689222,22.756886,0.0,false,11.231,off,A
2026-01-15T05:30,5.762332,23.049329,0.0,false,11.081,off,A
2026-01-15T05:45,5.635481,22.541924,0.0,false,11.326,off,A
2026-01-15T06:00,19.854892,79.419567,30.022083,true,10.686,shift_1,A
2026-01-15T06:15,17.716555,70.866221,22.995185,true,11.428,shift_1,A
2026-01-15T06:30,13.365404,53.461614,12.754342,true,11.576,shift_1,A
2026-01-15T06:45,21.050168,84.200672,32.807476,true,10.403,shift_1,A
2026-01-15T07:00,15.184562,60.738249,16.889703,true,11.922,shift_1,A
2026-01-15T07:15,18.879765,75.519062,27.369866,true,10.327,shift_1,A
2026-01-15T07:30,14.778097,59.112389,16.089878,true,10.268,shift_1,A
2026-01-15T07:45,15.94555,63.782202,19.045867,true,9.729,shift_1,A
2026-01-15T08:00,20.023735,80.09494,31.13545,true,10.412,shift_1,A
2026-01-15T08:15,19.236138,76.944553,28.018289,true,10.688,shift_1,A
2026-01-15T08:30,19.083796,76.335183,26.400519,true,10.092,shift_1,A
2026-01-15T08:45,20.5549,82.219602,31.392061,true,10.333,shift_1,A
2026-01-15T09:00,19.126643,76.506572,27.6048,true,11.42,shift_1,A
2026-01-15T09:00,19.126643,76.506572,27.6048,true,11.42,shift_1,A
2026-01-15T09:15,16.65513,66.62052,20.593698,true,9.8,shift_1,A
2026-01-15T09:30,19.590764,78.363054,29.328052,true,10.549,shift_1,A
2026-01-15T09:45,18.275184,73.100735,24.921559,true,10.655,shift_1,A
2026-01-15T10:00,22.718532,90.874126,37.403258,true,10.698,shift_1,A
2026-01-15T10:15,17.1363,68.5452,22.767569,true,11.453,shift_1,A
2026-01-15T10:30,21.93499,87.739959,34.219856,true,10.568,shift_1,A
2026-01-15T10:45,19.265674,77.062695,28.901732,true,11.161,shift_1,A
2026-01-15T11:00,21.82342,87.293681,34.418427,true,11.906,shift_1,A
2026-01-15T11:15,20.210388,80.841552,30.401264,true,11.331,shift_1,A
2026-01-15T11:30,17.790278,71.161112,24.331959,true,11.35,shift_1,A
2026-01-15T11:45,20.015014,80.060057,30.055053,true,11.345,shift_1,A
2026-01-15T12:00,16.760733,67.042932,22.865888,true,11.508,shift_1,A
2026-01-15T12:15,19.749762,78.999049,28.137192,true,12.647,shift_1,A
2026-01-15T12:30,21.147964,84.591858,32.490021,true,11.751,shift_1,A
2026-01-15T12:45,18.083433,72.333734,24.777547,true,12.895,shift_1,A
2026-01-15T13:00,18.245196,72.980786,24.916653,true,12.061,shift_1,A
2026-01-15T13:15,20.924008,83.696032,31.969108,true,13.231,shift_1,A
2026-01-15T13:30,12.376787,49.507146,10.490074,true,13.255,shift_1,A
2026-01-15T13:45,19.672526,78.690102,28.395575,true,12.934,shift_1,A
2026-01-15T14:00,16.554942,66.219768,21.612512,true,12.944,shift_2,A
2026-01-15T14:15,20.48191,81.927641,29.571096,true,14.087,shift_2,A
2026-01-15T14:30,17.016696,68.066786,21.405984,true,13.304,shift_2,A
2026-01-15T14:45,17.646743,70.58697,23.630155,true,13.448,shift_2,A
2026-01-15T15:00,16.219743,64.878971,20.172141,true,13.303,shift_2,A
2026-01-15T15:15,19.62174,78.486958,27.835663,true,13.083,shift_2,A
2026-01-15T15:30,14.883343,59.533374,16.066869,true,13.544,shift_2,A
2026-01-15T15:45,17.923718,71.694873,25.696747,true,14.197,shift_2,A
2026-01-15T16:00,21.804583,87.218332,34.557797,true,13.263,shift_2,A
2026-01-15T16:15,18.760581,75.042325,26.052039,true,14.613,shift_2,A
2026-01-15T16:30,17.477736,69.910942,24.567434,true,13.855,shift_2,A
2026-01-15T16:45,16.926444,67.705775,23.610486,true,14.077,shift_2,A
2026-01-15T17:00,17.293095,69.17238,23.916338,true,14.509,shift_2,A
2026-01-15T17:15,18.888403,75.55361,27.672753,true,14.785,shift_2,A
2026-01-15T17:30,21.159836,84.639346,31.512706,true,15.962,shift_2,A
2026-01-15T17:45,21.403092,85.612367,32.50803,true,14.887,shift_2,A
2026-01-15T18:00,19.225307,76.901229,24.66895,true,14.628,shift_2,A
2026-01-15T18:15,20.222966,80.891863,30.474339,true,15.009,shift_2,A
2026-01-15T18:30,16.990521,67.962084,22.948743,true,15.698,shift_2,A
2026-01-15T18:45,18.638773,74.555091,28.722119,true,15.907,shift_2,A
2026-01-15T19:00,19.076633,76.306532,26.560944,true,15.399,shift_2,A
2026-01-15T19:15,19.720782,78.883126,28.86657,true,15.585,shift_2,A
2026-01-15T19:30,16.324275,65.297099,21.032864,true,15.596,shift_2,A
2026-01-15T19:45,16.449048,65.796191,19.69999,true,15.041,shift_2,A
2026-01-15T20:00,19.524123,78.096493,29.069977,true,16.011,shift_2,A
2026-01-15T20:15,18.010659,72.042638,23.394839,true,15.198,shift_2,A
2026-01-15T20:30,21.247865,84.991459,33.89857,true,15.714,shift_2,A
2026-01-15T20:45,15.117746,60.470986,18.541014,true,15.311,shift_2,A
2026-01-15T21:00,17.149515,68.598059,22.850688,true,15.309,shift_2,A
2026-01-15T21:15,18.172529,72.690116,25.254392,true,14.572,shift_2,A
2026-01-15T21:30,18.372255,73.48902,26.830843,true,15.739,shift_2,A
2026-01-15T21:45,17.237182,68.948729,20.965625,true,15.412,shift_2,A
2026-01-15T22:00,5.298595,21.194379,0.0,false,15.123,off,A
2026-01-15T22:15,4.899641,19.598564,0.0,false,14.848,off,A
2026-01-15T22:30,6.347742,25.390968,0.0,false,15.593,off,A
2026-01-15T22:45,5.399283,21.597131,0.0,false,13.987,off,A
2026-01-15T23:00,5.262289,21.049157,0.0,false,14.685,off,A
2026-01-15T23:15,5.998976,23.995903,0.0,false,15.229,off,A
2026-01-15T23:30,6.328513,25.314052,0.0,false,14.371,off,A
2026-01-15T23:45,5.403238,21.612953,0.0,false,14.378,off,A
2026-01-16T00:00,5.201587,20.806347,0.0,false,14.464,off,A
2026-01-16T00:15,5.746654,22.986618,0.0,false,14.906,off,A
2026-01-16T00:30,5.425793,21.70317,0.0,false,13.853,off,A
2026-01-16T00:45,5.605004,22.420015,0.0,false,13.424,off,A
2026-01-16T01:00,5.501268,22.005072,0.0,false,13.074,off,A
2026-01-16T01:15,5.726822,22.907289,0.0,false,13.303,off,A
2026-01-16T01:30,5.814775,23.259101,0.0,false,13.922,off,A
2026-01-16T01:45,5.21615,20.864602,0.0,false,13.176,off,A
2026-01-16T02:00,5.493347,21.973387,0.0,false,12.924,off,A
2026-01-16T02:15,5.27273,21.09092,0.0,false,13.155,off,A
2026-01-16T02:30,5.569371,22.277483,0.0,false,12.264,off,A
2026-01-16T02:45,6.24893,24.995719,0.0,false,13.266,off,A
2026-01-16T03:00,5.103894,20.415578,0.0,false,12.824,off,A
2026-01-16T03:15,5.161736,20.646944,0.0,false,12.975,off,A
2026-01-16T03:30,5.671044,22.684177,0.0,false,11.732,off,A
2026-01-16T03:45,5.820672,23.282688,0.0,false,11.278,off,A
2026-01-16T04:00,5.659649,22.638597,0.0,false,11.797,off,A
2026-01-16T04:15,5.838571,23.354284,0.0,false,11.274,off,A
2026-01-16T04:30,5.354669,21.418675,0.0,false,11.809,off,A
2026-01-16T04:45,4.435886,17.743542,0.0,false,11.898,off,A
2026-01-16T05:00,5.456985,21.82794,0.0,false,11.488,off,A
2026-01-16T05:15,5.570884,22.283535,0.0,false,10.797,off,A
2026-01-16T05:30,5.205215,20.82086,0.0,false,11.341,off,A
2026-01-16T05:45,5.483432,21.933728,0.0,false,10.936,off,A
2026-01-16T06:00,19.960296,79.841183,30.053873,true,11.106,shift_1,A
2026-01-16T06:15,15.377868,61.511471,17.438857,true,11.49,shift_1,A
2026-01-16T06:30,18.26905,73.076201,24.437216,true,9.905,shift_1,A
2026-01-16T06:45,17.701138,70.804553,24.517327,true,11.718,shift_1,A
2026-01-16T07:00,18.124149,72.496597,24.735004,true,11.173,shift_1,A
2026-01-16T07:15,19.551562,78.206249,30.308165,true,11.081,shift_1,A
2026-01-16T07:30,17.806962,71.22785,25.12204,true,10.621,shift_1,A
2026-01-16T07:45,18.1289,72.515602,25.259981,true,9.768,shift_1,A
2026-01-16T08:00,18.168439,72.673757,25.313158,true,10.212,shift_1,A
2026-01-16T08:15,21.775224,87.100895,34.289743,true,10.588,shift_1,A
2026-01-16T08:30,21.680917,86.723669,33.016475,true,11.536,shift_1,A
2026-01-16T08:45,18.086369,72.345477,25.68841,true,10.258,shift_1,A
2026-01-16T09:00,19.191676,76.766705,27.135476,true,10.867,shift_1,A
2026-01-16T09:15,19.427604,77.710418,28.568692,true,10.858,shift_1,A
2026-01-16T09:30,18.750528,75.002113,25.713243,true,10.278,shift_1,A
2026-01-16T09:45,19.596339,78.385357,27.739909,true,10.75,shift_1,A
2026-01-16T10:00,16.491395,65.965579,20.705961,true,11.153,shift_1,A
2026-01-16T10:15,19.416642,77.666566,27.769118,true,10.56,shift_1,A
2026-01-16T10:30,22.342903,89.371611,36.240592,true,11.345,shift_1,A
2026-01-16T10:45,20.742138,82.968553,30.599597,true,11.047,shift_1,A
2026-01-16T11:00,20.741634,82.966536,30.904368,true,10.791,shift_1,A
2026-01-16T11:15,18.771214,75.084855,25.750077,true,11.351,shift_1,A
2026-01-16T11:30,19.367088,77.468351,28.799497,true,11.766,shift_1,A
2026-01-16T11:45,18.441672,73.766688,25.935772,true,10.824,shift_1,A
2026-01-16T12:00,17.347635,69.39054,22.177435,true,12.053,shift_1,A
2026-01-16T12:15,17.361768,69.447074,21.893566,true,12.173,shift_1,A
2026-01-16T12:30,17.017495,68.06998,21.721673,true,11.946,shift_1,A
2026-01-16T12:45,16.621725,66.486901,20.319147,true,12.263,shift_1,A
2026-01-16T13:00,15.834447,63.337789,20.738151,true,12.423,shift_1,A
2026-01-16T13:15,18.144447,72.577789,24.765662,true,12.8,shift_1,A
2026-01-16T13:30,13.51247,54.049879,11.625256,true,13.436,shift_1,A
2026-01-16T13:45,16.29146,65.16584,19.059587,true,13.593,shift_1,A
2026-01-16T14:00,15.708587,62.834347,18.707471,true,12.668,shift_2,A
2026-01-16T14:15,18.505158,74.020633,25.768304,true,14.151,shift_2,A
2026-01-16T14:30,17.22327,68.893079,20.965842,true,13.843,shift_2,A
2026-01-16T14:45,18.421124,73.684495,26.416595,true,14.347,shift_2,A
2026-01-16T15:00,18.833503,75.334014,26.002678,true,14.257,shift_2,A
2026-01-16T15:15,18.611788,74.447151,27.026588,true,14.446,shift_2,A
2026-01-16T15:30,18.937311,75.749245,26.600383,true,14.776,shift_2,A
2026-01-16T15:45,19.320919,77.283677,27.152877,true,14.487,shift_2,A
2026-01-16T16:00,18.010847,72.043389,25.112053,true,14.423,shift_2,A
2026-01-16T16:15,18.569693,74.278774,24.964949,true,14.207,shift_2,A
2026-01-16T16:30,18.627806,74.511225,26.240596,true,14.428,shift_2,A
2026-01-16T16:45,21.069969,84.279875,30.400491,true,14.989,shift_2,A
2026-01-16T17:00,18.932485,75.729939,26.331034,true,14.145,shift_2,A
2026-01-16T17:15,22.572568,90.290273,36.436159,true,14.111,shift_2,A
2026-01-16T17:30,20.321281,81.285124,32.775443,true,14.661,shift_2,A
2026-01-16T17:45,17.43852,69.754078,23.082539,true,15.259,shift_2,A
2026-01-16T18:00,21.081062,84.324248,32.042661,true,15.426,shift_2,A
2026-01-16T18:15,19.348823,77.395291,28.349919,true,16.36,shift_2,A
2026-01-16T18:30,19.360407,77.441627,27.595151,true,15.997,shift_2,A
2026-01-16T18:45,20.093416,80.373664,29.995673,true,13.473,shift_2,A
2026-01-16T19:00,18.234518,72.938072,24.189051,true,15.272,shift_2,A
2026-01-16T19:15,25.585944,102.343775,42.901407,true,14.505,shift_2,A
2026-01-16T19:30,22.67528,90.70112,36.297852,true,15.738,shift_2,A
2026-01-16T19:45,20.067797,80.271187,31.541191,true,15.121,shift_2,A
2026-01-16T20:00,21.110307,84.441228,31.990505,true,15.874,shift_2,A
2026-01-16T20:15,18.765939,75.063754,26.619803,true,14.843,shift_2,A
2026-01-16T20:30,13.312899,53.251595,13.644125,true,15.182,shift_2,A
2026-01-16T20:45,21.409232,85.636929,30.472181,true,15.276,shift_2,A
2026-01-16T21:00,16.309405,65.237621,20.587923,true,15.917,shift_2,A
2026-01-16T21:15,19.250422,77.001686,27.339496,true,15.983,shift_2,A
2026-01-16T21:30,21.048359,84.193437,30.074791,true,15.503,shift_2,A
2026-01-16T21:45,18.293891,73.175562,24.753866,true,15.321,shift_2,A
2026-01-16T22:00,4.622949,18.491795,0.0,false,15.008,off,A
2026-01-16T22:15,5.206568,20.826273,0.0,false,15.4,off,A
2026-01-16T22:30,5.572971,22.291884,0.0,false,15.716,off,A
2026-01-16T22:45,5.156976,20.627906,0.0,false,15.702,off,A
2026-01-16T23:00,4.847348,19.38939,0.0,false,15.408,off,A
2026-01-16T23:15,5.405102,21.620407,0.0,false,15.191,off,A
2026-01-16T23:30,5.356755,21.427018,0.0,false,15.065,off,A
2026-01-16T23:45,5.701054,22.804215,0.0,false,14.804,off,A
2026-01-17T00:00,5.677072,22.708286,0.0,false,14.618,off,B
2026-01-17T00:15,5.275481,21.101922,0.0,false,15.122,off,B
2026-01-17T00:30,5.358353,21.433411,0.0,false,14.835,off,B
2026-01-17T00:45,6.435888,25.743552,0.0,false,14.583,off,B
2026-01-17T01:00,4.637587,18.550348,0.0,false,13.424,off,B
2026-01-17T01:15,5.223324,20.893297,0.0,false,13.746,off,B
2026-01-17T01:30,5.368295,21.473178,0.0,false,13.239,off,B
2026-01-17T01:45,6.072401,24.289606,0.0,false,13.073,off,B
2026-01-17T02:00,5.963641,23.854564,0.0,false,13.739,off,B
2026-01-17T02:15,5.191691,20.766766,0.0,false,14.169,off,B
2026-01-17T02:30,6.30942,25.237678,0.0,false,11.602,off,B
2026-01-17T02:45,5.477727,21.910906,0.0,false,12.814,off,B
2026-01-17T03:00,4.959322,19.837287,0.0,false,11.628,off,B
2026-01-17T03:15,5.442743,21.770972,0.0,false,12.719,off,B
2026-01-17T03:30,5.123808,20.495231,0.0,false,11.143,off,B
2026-01-17T03:45,6.011469,24.045874,0.0,false,12.595,off,B
2026-01-17T04:00,6.633599,26.534395,0.0,false,12.033,off,B
2026-01-17T04:15,6.224106,24.896424,0.0,false,12.301,off,B
2026-01-17T04:30,5.832495,23.329981,0.0,false,12.321,off,B
2026-01-17T04:45,4.859856,19.439425,0.0,false,10.858,off,B
2026-01-17T05:00,5.603343,22.413371,0.0,false,11.038,off,B
2026-01-17T05:15,5.649882,22.599527,0.0,false,11.297,off,B
2026-01-17T05:30,5.691105,22.764418,0.0,false,11.183,off,B
2026-01-17T05:45,5.50318,22.01272,0.0,false,11.591,off,B
2026-01-17T06:00,4.451482,17.80593,0.0,false,10.867,shift_1,B
2026-01-17T06:15,5.190665,20.762661,0.0,false,11.37,shift_1,B
2026-01-17T06:30,5.847075,23.3883,0.0,false,10.412,shift_1,B
2026-01-17T06:45,5.771986,23.087945,0.0,false,11.268,shift_1,B
2026-01-17T07:00,5.062376,20.249503,0.0,false,11.238,shift_1,B
2026-01-17T07:15,5.279996,21.119985,0.0,false,10.61,shift_1,B
2026-01-17T07:30,5.845521,23.382086,0.0,false,11.563,shift_1,B
2026-01-17T07:45,5.836582,23.346329,0.0,false,10.56,shift_1,B
2026-01-17T08:00,5.453025,21.812101,0.0,false,10.864,shift_1,B
2026-01-17T08:15,5.840234,23.360936,0.0,false,10.915,shift_1,B
2026-01-17T08:30,4.999804,19.999217,0.0,false,10.627,shift_1,B
2026-01-17T08:45,5.394376,21.577504,0.0,false,10.902,shift_1,B
2026-01-17T09:00,5.192711,20.770843,0.0,false,10.189,shift_1,B
2026-01-17T09:15,5.510866,22.043464,0.0,false,10.684,shift_1,B
2026-01-17T09:30,5.415009,21.660036,0.0,false,11.147,shift_1,B
2026-01-17T09:45,5.350651,21.402605,0.0,false,11.159,shift_1,B
2026-01-17T10:00,5.661229,22.644915,0.0,false,11.284,shift_1,B
2026-01-17T10:15,6.074858,24.299433,0.0,false,11.382,shift_1,B
2026-01-17T10:30,4.862696,19.450784,0.0,false,11.052,shift_1,B
2026-01-17T10:45,5.823773,23.29509,0.0,false,11.258,shift_1,B
2026-01-17T11:00,,22.508984,0.0,false,11.421,shift_1,B
2026-01-17T11:15,5.166343,20.665371,0.0,false,10.667,shift_1,B
2026-01-17T11:30,5.811114,23.244457,0.0,false,11.924,shift_1,B
2026-01-17T11:45,5.646804,22.587217,0.0,false,11.412,shift_1,B
2026-01-17T12:00,5.039022,20.156088,0.0,false,11.571,shift_1,B
2026-01-17T12:15,5.586813,22.347252,0.0,false,12.106,shift_1,B
2026-01-17T12:30,5.792018,23.168072,0.0,false,12.418,shift_1,B
2026-01-17T12:45,5.8795,23.518,0.0,false,13.211,shift_1,B
2026-01-17T13:00,5.875876,23.503502,0.0,false,12.349,shift_1,B
2026-01-17T13:15,5.540277,22.161108,0.0,false,11.955,shift_1,B
2026-01-17T13:30,5.771665,23.086659,0.0,false,13.377,shift_1,B
2026-01-17T13:45,6.264016,25.056063,0.0,false,13.427,shift_1,B
2026-01-17T14:00,5.817911,23.271643,0.0,false,12.806,shift_2,B
2026-01-17T14:15,5.945867,23.783467,0.0,false,13.293,shift_2,B
2026-01-17T14:30,5.812833,23.25133,0.0,false,13.561,shift_2,B
2026-01-17T14:45,5.752366,23.009465,0.0,false,14.437,shift_2,B
2026-01-17T15:00,5.352929,21.411717,0.0,false,13.718,shift_2,B
2026-01-17T15:15,5.915246,23.660983,0.0,false,13.633,shift_2,B
2026-01-17T15:30,5.402275,21.609098,0.0,false,14.789,shift_2,B
2026-01-17T15:45,5.246594,20.986377,0.0,false,13.377,shift_2,B
2026-01-17T16:00,5.121287,20.485148,0.0,false,14.643,shift_2,B
2026-01-17T16:15,5.322229,21.288917,0.0,false,13.586,shift_2,B
2026-01-17T16:30,5.630177,22.520708,0.0,false,13.678,shift_2,B
2026-01-17T16:45,5.524107,22.096428,0.0,false,14.624,shift_2,B
2026-01-17T17:00,5.136826,20.547303,0.0,false,15.592,shift_2,B
2026-01-17T17:15,5.488655,21.95462,0.0,false,13.982,shift_2,B
2026-01-17T17:30,4.928183,19.712731,0.0,false,15.394,shift_2,B
2026-01-17T17:45,5.361121,21.444484,0.0,false,15.071,shift_2,B
2026-01-17T18:00,5.253802,21.015207,0.0,false,15.355,shift_2,B
2026-01-17T18:15,5.395021,21.580085,0.0,false,16.75,shift_2,B
2026-01-17T18:30,5.306099,21.224397,0.0,false,15.579,shift_2,B
2026-01-17T18:45,6.052362,24.209446,0.0,false,14.222,shift_2,B
2026-01-17T19:00,6.042727,24.17091,0.0,false,14.013,shift_2,B
2026-01-17T19:15,4.956431,19.825725,0.0,false,14.968,shift_2,B
2026-01-17T19:30,6.378361,25.513445,0.0,false,15.6,shift_2,B
2026-01-17T19:45,5.423497,21.693986,0.0,false,15.831,shift_2,B
2026-01-17T20:00,5.760289,23.041157,0.0,false,15.292,shift_2,B
2026-01-17T20:15,5.785522,23.142086,0.0,false,15.486,shift_2,B
2026-01-17T20:30,5.711377,22.845507,0.0,false,14.673,shift_2,B
2026-01-17T20:45,4.95591,19.823642,0.0,false,15.787,shift_2,B
2026-01-17T21:00,5.44105,21.764198,0.0,false,15.075,shift_2,B
2026-01-17T21:15,5.61601,22.464042,0.0,false,15.3,shift_2,B
2026-01-17T21:30,5.146174,20.584697,0.0,false,14.769,shift_2,B
2026-01-17T21:45,5.163049,20.652197,0.0,false,16.476,shift_2,B
2026-01-17T22:00,5.42917,21.716678,0.0,false,15.128,off,B
2026-01-17T22:15,5.98276,23.931039,0.0,false,15.116,off,B
2026-01-17T22:30,5.841972,23.367887,0.0,false,14.874,off,B
2026-01-17T22:45,5.809231,23.236926,0.0,false,14.628,off,B
2026-01-17T23:00,5.430095,21.720381,0.0,false,14.837,off,B
2026-01-17T23:15,5.720099,22.880396,0.0,false,14.78,off,B
2026-01-17T23:30,5.11182,20.447279,0.0,false,14.101,off,B
2026-01-17T23:45,5.702597,22.810387,0.0,false,15.584,off,B
2026-01-18T00:00,5.756836,23.027342,0.0,false,14.348,off,A
2026-01-18T00:15,4.599438,18.397752,0.0,false,14.354,off,A
2026-01-18T00:30,5.45125,21.805001,0.0,false,14.316,off,A
2026-01-18T00:45,5.190109,20.760436,0.0,false,14.257,off,A
2026-01-18T01:00,5.95685,23.827401,0.0,false,13.816,off,A
2026-01-18T01:15,5.328415,21.313659,0.0,false,13.691,off,A
2026-01-18T01:30,5.342333,21.369334,0.0,false,13.788,off,A
2026-01-18T01:45,5.430198,21.720791,0.0,false,13.976,off,A
2026-01-18T02:00,5.218349,20.873397,0.0,false,13.46,off,A
2026-01-18T02:15,5.787723,23.150893,0.0,false,12.491,off,A
2026-01-18T02:30,5.754975,23.019901,0.0,false,13.083,off,A
2026-01-18T02:45,4.912296,19.649182,0.0,false,13.159,off,A
2026-01-18T03:00,4.697673,18.790691,0.0,false,12.692,off,A
2026-01-18T03:15,5.065748,20.262994,0.0,false,12.735,off,A
2026-01-18T03:30,5.790382,23.161527,0.0,false,12.556,off,A
2026-01-18T03:45,5.490781,21.963125,0.0,false,11.903,off,A
2026-01-18T04:00,4.838441,19.353764,0.0,false,12.64,off,A
2026-01-18T04:15,5.547351,22.189403,0.0,false,12.212,off,A
2026-01-18T04:30,4.839244,19.356974,0.0,false,12.231,off,A
2026-01-18T04:45,5.941679,23.766714,0.0,false,11.632,off,A
2026-01-18T05:00,5.192298,20.769193,0.0,false,12.191,off,A
2026-01-18T05:15,6.236565,24.94626,0.0,false,11.259,off,A
2026-01-18T05:30,5.481701,21.926803,0.0,false,10.585,off,A
2026-01-18T05:45,5.569972,22.279887,0.0,false,11.289,off,A
2026-01-18T06:00,5.885788,23.543152,0.0,false,10.647,shift_1,A
2026-01-18T06:15,6.226456,24.905822,0.0,false,11.481,shift_1,A
2026-01-18T06:30,5.307322,21.22929,0.0,false,10.573,shift_1,A
2026-01-18T06:45,6.226131,24.904526,0.0,false,11.46,shift_1,A
2026-01-18T07:00,4.888789,19.555158,0.0,false,10.859,shift_1,A
2026-01-18T07:15,5.885886,23.543543,0.0,false,10.719,shift_1,A
2026-01-18T07:30,5.945178,23.780714,0.0,false,11.139,shift_1,A
2026-01-18T07:45,5.327473,21.309891,0.0,false,11.747,shift_1,A
2026-01-18T08:00,5.018917,20.075667,0.0,false,10.327,shift_1,A
2026-01-18T08:15,5.907631,23.630525,0.0,false,10.723,shift_1,A
2026-01-18T08:30,5.587508,22.350034,0.0,false,11.664,shift_1,A
2026-01-18T08:45,5.446846,21.787383,0.0,false,10.834,shift_1,A
2026-01-18T09:00,5.195197,20.780789,0.0,false,11.477,shift_1,A
2026-01-18T09:15,5.469043,21.876174,0.0,false,10.859,shift_1,A
2026-01-18T09:30,6.223287,24.893148,0.0,false,10.955,shift_1,A
2026-01-18T09:45,6.482109,25.928436,0.0,false,10.591,shift_1,A
2026-01-18T10:00,5.171805,20.687218,0.0,false,10.786,shift_1,A
2026-01-18T10:15,5.759492,23.037966,0.0,false,10.87,shift_1,A
2026-01-18T10:30,5.948488,23.793954,0.0,false,11.288,shift_1,A
2026-01-18T10:45,4.830713,19.322853,0.0,false,10.987,shift_1,A
2026-01-18T11:15,5.457395,21.829581,0.0,false,10.896,shift_1,A
2026-01-18T11:30,5.177337,20.709348,0.0,false,12.025,shift_1,A
2026-01-18T11:45,5.06193,20.24772,0.0,false,11.478,shift_1,A
2026-01-18T12:00,5.682531,22.730122,0.0,false,11.957,shift_1,A
2026-01-18T12:15,5.966085,23.86434,0.0,false,13.547,shift_1,A
2026-01-18T12:30,4.885281,19.541124,0.0,false,11.691,shift_1,A
2026-01-18T12:45,6.128795,24.51518,0.0,false,12.42,shift_1,A
2026-01-18T13:00,5.289071,21.156284,0.0,false,12.96,shift_1,A
2026-01-18T13:15,6.050941,24.203763,0.0,false,13.292,shift_1,A
2026-01-18T13:30,5.073434,20.293737,0.0,false,13.683,shift_1,A
2026-01-18T13:45,4.98753,19.950118,0.0,false,13.334,shift_1,A
2026-01-18T14:00,4.988559,19.954234,0.0,false,12.876,shift_2,A
2026-01-18T14:15,4.925596,19.702383,0.0,false,13.311,shift_2,A
2026-01-18T14:30,5.49507,21.980282,0.0,false,13.993,shift_2,A
2026-01-18T14:45,5.694175,22.776701,0.0,false,13.334,shift_2,A
2026-01-18T15:00,5.638154,22.552616,0.0,false,14.691,shift_2,A
2026-01-18T15:15,5.386458,21.545833,0.0,false,13.791,shift_2,A
2026-01-18T15:30,5.219386,20.877545,0.0,false,14.183,shift_2,A
2026-01-18T15:45,5.348601,21.394403,0.0,false,13.529,shift_2,A
2026-01-18T16:00,5.169104,20.676416,0.0,false,15.15,shift_2,A
2026-01-18T16:15,5.464487,21.857949,0.0,false,13.703,shift_2,A
2026-01-18T16:30,4.811029,19.244114,0.0,false,15.352,shift_2,A
2026-01-18T16:45,5.664578,22.658313,0.0,false,15.022,shift_2,A
2026-01-18T17:00,5.722838,22.891352,0.0,false,15.315,shift_2,A
2026-01-18T17:15,4.866424,19.465695,0.0,false,15.462,shift_2,A
2026-01-18T17:30,6.051005,24.204022,0.0,false,15.57,shift_2,A
2026-01-18T17:45,5.648568,22.594272,0.0,false,15.247,shift_2,A
2026-01-18T18:00,6.021192,24.084768,0.0,false,14.937,shift_2,A
2026-01-18T18:15,6.159793,24.639174,0.0,false,15.212,shift_2,A
2026-01-18T18:30,5.771106,23.084425,0.0,false,15.398,shift_2,A
2026-01-18T18:45,6.251101,25.004405,0.0,false,15.379,shift_2,A
2026-01-18T19:00,5.647727,22.59091,0.0,false,14.707,shift_2,A
2026-01-18T19:15,5.018089,20.072358,0.0,false,14.691,shift_2,A
2026-01-18T19:30,5.863208,23.452834,0.0,false,16.703,shift_2,A
2026-01-18T19:45,5.497588,21.990351,0.0,false,14.768,shift_2,A
2026-01-18T20:00,5.727919,22.911674,0.0,false,15.469,shift_2,A
2026-01-18T20:15,5.761558,23.04623,0.0,false,16.699,shift_2,A
2026-01-18T20:30,5.703216,22.812866,0.0,false,15.975,shift_2,A
2026-01-18T20:45,5.780454,23.121816,0.0,false,15.184,shift_2,A
2026-01-18T21:00,5.255058,21.02023,0.0,false,16.154,shift_2,A
2026-01-18T21:15,6.079992,24.319969,0.0,false,15.325,shift_2,A
2026-01-18T21:30,5.045073,20.180291,0.0,false,15.693,shift_2,A
2026-01-18T21:45,5.316993,21.267971,0.0,false,15.309,shift_2,A
2026-01-18T22:00,5.470915,21.883658,0.0,false,15.412,off,A
2026-01-18T22:15,6.169575,24.678298,0.0,false,15.233,off,A
2026-01-18T22:30,6.093196,24.372784,0.0,false,15.678,off,A
2026-01-18T22:45,5.544456,22.177824,0.0,false,14.311,off,A
2026-01-18T23:00,5.790165,23.160659,0.0,false,15.634,off,A
2026-01-18T23:15,5.197614,20.790458,0.0,false,14.587,off,A
2026-01-18T23:30,5.414994,21.659977,0.0,false,15.281,off,A
2026-01-18T23:45,5.562646,22.250583,0.0,false,14.992,off,A
2026-01-19T00:00,5.548192,22.192767,0.0,false,14.573,off,A
2026-01-19T00:15,6.180473,24.721893,0.0,false,14.072,off,A
2026-01-19T00:30,6.059735,24.23894,0.0,false,14.612,off,A
2026-01-19T00:45,5.283786,21.135143,0.0,false,13.92,off,A
2026-01-19T01:00,5.155364,20.621454,0.0,false,13.869,off,A
2026-01-19T01:15,5.785003,23.140011,0.0,false,14.208,off,A
2026-01-19T01:30,5.372134,21.488537,0.0,false,13.451,off,A
2026-01-19T01:45,5.198964,20.795857,0.0,false,13.733,off,A
2026-01-19T02:00,6.124195,24.49678,0.0,false,13.177,off,A
2026-01-19T02:15,5.293271,21.173084,0.0,false,12.845,off,A
2026-01-19T02:30,4.649451,18.597805,0.0,false,14.307,off,A
2026-01-19T02:45,6.218921,24.875684,0.0,false,12.301,off,A
2026-01-19T03:00,5.699932,22.799728,0.0,false,12.53,off,A
2026-01-19T03:15,5.213185,20.852741,0.0,false,13.638,off,A
2026-01-19T03:30,5.664315,22.657258,0.0,false,12.129,off,A
2026-01-19T03:45,5.290029,21.160116,0.0,false,12.238,off,A
2026-01-19T04:00,4.968749,19.874996,0.0,false,12.065,off,A
2026-01-19T04:15,5.833798,23.335191,0.0,false,12.225,off,A
2026-01-19T04:30,5.410475,21.6419,0.0,false,11.779,off,A
2026-01-19T04:45,5.284705,21.138821,0.0,false,12.007,off,A
2026-01-19T05:00,5.472667,21.890666,0.0,false,11.46,off,A
2026-01-19T05:15,5.480312,21.921247,0.0,false,12.238,off,A
2026-01-19T05:30,5.434341,21.737364,0.0,false,11.341,off,A
2026-01-19T05:45,5.114033,20.45613,0.0,false,11.111,off,A
2026-01-19T06:00,19.208288,76.833154,28.221756,true,10.757,shift_1,A
2026-01-19T06:15,16.33055,65.322198,21.57862,true,11.185,shift_1,A
2026-01-19T06:30,20.371091,81.484364,31.063029,true,10.839,shift_1,A
2026-01-19T06:45,16.941969,67.767875,22.131156,true,10.676,shift_1,A
2026-01-19T07:00,17.168463,68.673852,22.470973,true,11.081,shift_1,A
2026-01-19T07:15,18.944372,75.777488,26.631919,true,10.684,shift_1,A
2026-01-19T07:30,19.453542,77.814168,28.369656,true,11.009,shift_1,A
2026-01-19T07:45,19.916139,79.664556,27.925174,true,11.493,shift_1,A
2026-01-19T08:00,18.829371,75.317484,27.360628,true,10.842,shift_1,A
2026-01-19T08:15,20.170973,80.683891,30.495927,true,10.895,shift_1,A
2026-01-19T08:30,19.566455,78.265819,26.924346,true,11.649,shift_1,A
2026-01-19T08:45,18.287825,73.151302,25.771276,true,10.405,shift_1,A
2026-01-19T09:00,20.358437,81.433748,30.681297,true,11.472,shift_1,A
2026-01-19T09:15,19.483002,77.932007,27.59527,true,10.786,shift_1,A
2026-01-19T09:30,19.025307,76.101229,27.623583,true,11.49,shift_1,A
2026-01-19T09:45,19.716992,78.867969,28.686391,true,11.19,shift_1,A
2026-01-19T10:00,22.501648,90.00659,36.782361,true,10.99,shift_1,A
2026-01-19T10:15,22.444582,89.778326,35.008352,true,12.059,shift_1,A
2026-01-19T10:30,20.269907,81.079627,30.700855,true,12.335,shift_1,A
2026-01-19T10:45,18.279891,73.119565,24.374073,true,11.24,shift_1,A
2026-01-19T11:00,-5.0,68.008419,20.359004,true,10.873,shift_1,A
2026-01-19T11:15,20.194896,80.779582,29.227241,true,12.239,shift_1,A
2026-01-19T11:30,17.933928,71.735713,25.861634,true,12.247,shift_1,A
2026-01-19T11:45,19.04626,76.18504,28.636766,true,12.634,shift_1,A
2026-01-19T12:00,17.620708,70.482831,23.656392,true,12.203,shift_1,A
2026-01-19T12:15,19.402358,77.609431,28.350255,true,12.112,shift_1,A
2026-01-19T12:30,19.764833,79.059333,28.569066,true,11.847,shift_1,A
2026-01-19T12:45,19.27495,77.099801,26.890064,true,11.865,shift_1,A
2026-01-19T13:00,18.062968,72.251871,25.467612,true,12.658,shift_1,A
2026-01-19T13:15,18.880728,75.522912,26.879697,true,12.019,shift_1,A
2026-01-19T13:30,17.271326,69.085305,22.904435,true,13.27,shift_1,A
2026-01-19T13:45,18.008314,72.033256,23.643361,true,13.299,shift_1,A
2026-01-19T14:00,15.028125,60.112501,16.698013,true,13.169,shift_2,A
2026-01-19T14:15,12.436199,49.744797,11.290094,true,12.893,shift_2,A
2026-01-19T14:30,15.673543,62.69417,20.098607,true,13.488,shift_2,A
2026-01-19T14:45,20.593505,82.374021,30.352872,true,13.757,shift_2,A
2026-01-19T15:00,19.613585,78.454338,29.134818,true,14.033,shift_2,A
2026-01-19T15:15,19.008295,76.033181,28.236713,true,13.744,shift_2,A
2026-01-19T15:30,18.07172,72.286878,25.075661,true,14.505,shift_2,A
2026-01-19T15:45,19.985373,79.941493,31.280307,true,14.258,shift_2,A
2026-01-19T16:00,17.719329,70.877316,24.557154,true,14.766,shift_2,A
2026-01-19T16:15,19.320134,77.280536,27.984804,true,14.79,shift_2,A
2026-01-19T16:30,21.384338,85.537351,33.870185,true,15.026,shift_2,A
2026-01-19T16:45,15.837038,63.348154,18.462598,true,15.239,shift_2,A
2026-01-19T17:00,20.178122,80.712488,30.627592,true,14.216,shift_2,A
2026-01-19T17:15,16.434773,65.739091,20.452035,true,15.343,shift_2,A
2026-01-19T17:30,20.513702,82.054806,31.020907,true,15.777,shift_2,A
2026-01-19T17:45,21.879194,87.516778,33.767221,true,15.457,shift_2,A
2026-01-19T18:00,17.985633,71.942533,25.180851,true,15.234,shift_2,A
2026-01-19T18:15,16.253369,65.013475,22.236691,true,15.606,shift_2,A
2026-01-19T18:30,19.884176,79.536703,29.186079,true,15.582,shift_2,A
2026-01-19T18:45,16.535676,66.142706,21.266939,true,16.291,shift_2,A
2026-01-19T19:00,19.57939,78.31756,28.699931,true,15.075,shift_2,A
2026-01-19T19:15,18.820328,75.281314,27.362796,true,15.593,shift_2,A
2026-01-19T19:30,22.269815,89.07926,34.698521,true,15.349,shift_2,A
2026-01-19T19:45,15.659979,62.639918,18.698573,true,15.784,shift_2,A
2026-01-19T20:00,19.307808,77.231232,26.849421,true,16.169,shift_2,A
2026-01-19T20:15,18.066711,72.266845,25.171471,true,16.489,shift_2,A
2026-01-19T20:30,17.827271,71.309083,23.136647,true,15.613,shift_2,A
2026-01-19T20:45,15.056689,60.226754,16.440521,true,15.621,shift_2,A
2026-01-19T21:00,16.31449,65.257961,22.193273,true,15.747,shift_2,A
2026-01-19T21:15,18.799262,75.197048,27.752296,true,16.334,shift_2,A
2026-01-19T21:30,15.186382,60.745526,18.659672,true,15.767,shift_2,A
2026-01-19T21:45,19.646414,78.585654,27.856638,true,14.574,shift_2,A
2026-01-19T22:00,5.476064,21.904255,0.0,false,15.392,off,A
2026-01-19T22:15,5.197842,20.791367,0.0,false,16.338,off,A
2026-01-19T22:30,5.551018,22.204071,0.0,false,14.772,off,A
2026-01-19T22:45,5.381246,21.524984,0.0,false,15.536,off,A
2026-01-19T23:00,5.193115,20.77246,0.0,false,14.436,off,A
2026-01-19T23:15,5.785901,23.143604,0.0,false,15.372,off,A
2026-01-19T23:30,5.010957,20.04383,0.0,false,14.068,off,A
2026-01-19T23:45,5.489821,21.959285,0.0,false,14.278,off,A
2026-01-20T00:00,5.385671,21.542685,0.0,false,15.838,off,B
2026-01-20T00:15,5.181142,20.724568,0.0,false,14.621,off,B
2026-01-20T00:30,5.259231,21.036924,0.0,false,15.734,off,B
2026-01-20T00:45,5.562487,22.249949,0.0,false,14.032,off,B
2026-01-20T01:00,5.823506,23.294023,0.0,false,13.469,off,B
2026-01-20T01:15,5.162912,20.651647,0.0,false,13.968,off,B
2026-01-20T01:30,4.742386,18.969543,0.0,false,13.513,off,B
2026-01-20T01:45,4.59015,18.360602,0.0,false,13.37,off,B
2026-01-20T02:00,5.30177,21.207082,0.0,false,13.259,off,B
2026-01-20T02:15,5.266859,21.067438,0.0,false,13.026,off,B
2026-01-20T02:30,5.993613,23.974451,0.0,false,12.737,off,B
2026-01-20T02:45,5.432176,21.728703,0.0,false,13.716,off,B
2026-01-20T03:00,5.3774,21.509601,0.0,false,13.409,off,B
2026-01-20T03:15,5.168488,20.673952,0.0,false,12.529,off,B
2026-01-20T03:30,5.747225,22.988902,0.0,false,12.876,off,B
2026-01-20T03:45,5.563991,22.255965,0.0,false,11.733,off,B
2026-01-20T04:00,5.139231,20.556926,0.0,false,11.976,off,B
2026-01-20T04:15,4.732464,18.929857,0.0,false,12.082,off,B
2026-01-20T04:30,6.255806,25.023226,0.0,false,11.745,off,B
2026-01-20T04:45,5.045769,20.183077,0.0,false,12.054,off,B
2026-01-20T05:00,5.535446,22.141785,0.0,false,11.993,off,B
2026-01-20T05:15,5.265693,21.062772,0.0,false,11.444,off,B
2026-01-20T05:30,5.263041,21.052164,0.0,false,11.501,off,B
2026-01-20T05:45,5.795801,23.183203,0.0,false,11.319,off,B
2026-01-20T06:00,15.854442,63.417767,17.437683,true,11.727,shift_1,B
2026-01-20T06:15,22.895619,91.582478,32.942688,true,12.045,shift_1,B
2026-01-20T06:30,21.473785,85.895141,30.119262,true,11.979,shift_1,B
2026-01-20T06:45,18.351853,73.407412,23.964688,true,10.119,shift_1,B
2026-01-20T07:00,22.984518,91.938074,33.2602,true,11.138,shift_1,B
2026-01-20T07:15,15.931343,63.725373,18.997745,true,10.64,shift_1,B
2026-01-20T07:30,23.261004,93.044015,33.337851,true,10.053,shift_1,B
2026-01-20T07:45,19.217916,76.871663,24.829373,true,10.924,shift_1,B
2026-01-20T08:00,22.911502,91.646007,32.960584,true,10.978,shift_1,B
2026-01-20T08:15,21.44245,85.7698,31.70911,true,9.998,shift_1,B
2026-01-20T08:30,17.108047,68.432188,19.865673,true,10.803,shift_1,B
2026-01-20T08:45,16.84671,67.38684,20.266641,true,10.404,shift_1,B
2026-01-20T09:00,20.246358,80.985433,26.542156,true,11.476,shift_1,B
2026-01-20T09:15,21.23645,84.9458,28.921176,true,11.797,shift_1,B
2026-01-20T09:30,19.933721,79.734884,27.498864,true,10.69,shift_1,B
2026-01-20T09:45,22.97335,91.893399,32.571135,true,11.519,shift_1,B
2026-01-20T10:00,22.522888,90.091551,32.557273,true,11.305,shift_1,B
2026-01-20T10:15,22.003392,88.013569,30.550309,true,11.125,shift_1,B
2026-01-20T10:30,21.712493,86.849974,31.567325,true,12.603,shift_1,B
2026-01-20T10:45,17.708996,70.835984,21.220917,true,11.116,shift_1,B
2026-01-20T11:00,23.210545,92.84218,34.282423,true,11.167,shift_1,B
2026-01-20T11:15,20.710358,82.84143,27.914056,true,12.157,shift_1,B
2026-01-20T11:30,19.845896,79.383583,26.628539,true,11.444,shift_1,B
2026-01-20T11:45,20.462732,81.850929,27.029232,true,12.045,shift_1,B
2026-01-20T12:00,21.65774,86.630958,30.118026,true,12.001,shift_1,B
2026-01-20T12:15,12.148937,48.595746,9.031233,true,13.198,shift_1,B
2026-01-20T12:30,14.542395,58.169581,12.597782,true,13.157,shift_1,B
2026-01-20T12:45,15.119124,60.476495,14.633266,true,12.722,shift_1,B
2026-01-20T13:00,17.720794,70.883174,19.965168,true,12.311,shift_1,B
2026-01-20T13:15,17.72559,70.902362,19.473771,true,12.803,shift_1,B
2026-01-20T13:30,17.87458,71.498319,22.405486,true,13.622,shift_1,B
2026-01-20T13:45,21.880577,87.52231,31.846428,true,13.219,shift_1,B
2026-01-20T14:00,21.488766,85.955062,30.29275,true,12.847,shift_2,B
2026-01-20T14:15,19.841706,79.366823,26.584359,true,13.698,shift_2,B
2026-01-20T14:30,18.951481,75.805925,23.017486,true,12.598,shift_2,B
2026-01-20T14:45,18.730649,74.922597,23.681196,true,15.058,shift_2,B
2026-01-20T15:00,20.515259,82.061035,27.507728,true,14.814,shift_2,B
2026-01-20T15:15,18.430752,73.72301,22.762662,true,13.298,shift_2,B
2026-01-20T15:30,19.292565,77.170259,23.373778,true,13.684,shift_2,B
2026-01-20T15:45,15.712851,62.851405,18.422409,true,14.461,shift_2,B
2026-01-20T16:00,18.148266,72.593066,23.111383,true,14.729,shift_2,B
2026-01-20T16:15,20.606227,82.424906,27.829814,true,14.987,shift_2,B
2026-01-20T16:30,17.17536,68.701439,20.651007,true,15.181,shift_2,B
2026-01-20T16:45,20.524228,82.096911,26.88647,true,14.969,shift_2,B
2026-01-20T17:00,19.294571,77.178282,23.582929,true,14.888,shift_2,B
2026-01-20T17:15,17.345338,69.38135,20.739252,true,15.443,shift_2,B
2026-01-20T17:30,17.583732,70.334929,22.236849,true,14.849,shift_2,B
2026-01-20T17:45,25.485645,101.942579,38.338618,true,15.165,shift_2,B
2026-01-20T18:00,22.942606,91.770426,33.518055,true,16.34,shift_2,B
2026-01-20T18:15,20.422433,81.689731,28.554133,true,15.928,shift_2,B
2026-01-20T18:30,22.035772,88.143086,32.42342,true,15.213,shift_2,B
2026-01-20T18:45,22.204256,88.817023,30.989968,true,15.952,shift_2,B
2026-01-20T19:00,18.000699,72.002797,21.467145,true,16.084,shift_2,B
2026-01-20T19:15,17.335335,69.34134,22.26783,true,15.867,shift_2,B
2026-01-20T19:30,16.049171,64.196685,19.033763,true,16.188,shift_2,B
2026-01-20T19:45,17.154546,68.618183,20.398929,true,16.853,shift_2,B
2026-01-20T20:00,19.489125,77.956502,26.351095,true,16.02,shift_2,B
2026-01-20T20:15,21.200209,84.800834,29.62248,true,15.625,shift_2,B
2026-01-20T20:30,14.494631,57.978524,14.391005,true,15.951,shift_2,B
2026-01-20T20:45,17.287696,69.150785,21.1984,true,16.365,shift_2,B
2026-01-20T21:00,20.536981,82.147924,27.522509,true,16.086,shift_2,B
2026-01-20T21:15,21.269663,85.078651,28.01867,true,15.568,shift_2,B
2026-01-20T21:30,16.704968,66.819873,16.261666,true,16.379,shift_2,B
2026-01-20T21:45,16.333401,65.333603,17.830388,true,15.064,shift_2,B
2026-01-20T22:00,5.64454,22.578161,0.0,false,15.602,off,B
2026-01-20T22:15,5.872205,23.48882,0.0,false,16.219,off,B
2026-01-20T22:30,5.528827,22.115308,0.0,false,15.021,off,B
2026-01-20T22:45,5.921165,23.684659,0.0,false,15.869,off,B
2026-01-20T23:00,5.82698,23.30792,0.0,false,15.814,off,B
2026-01-20T23:15,5.294594,21.178375,0.0,false,15.487,off,B
2026-01-20T23:30,5.668958,22.675831,0.0,false,14.347,off,B
2026-01-20T23:45,5.997806,23.991223,0.0,false,14.646,off,B
2026-01-21T00:00,5.347524,21.390098,0.0,false,14.401,off,A
2026-01-21T00:15,5.88679,23.547159,0.0,false,14.479,off,A
2026-01-21T00:30,5.509128,22.036513,0.0,false,14.92,off,A
2026-01-21T00:45,6.145905,24.583621,0.0,false,14.537,off,A
2026-01-21T01:00,5.799215,23.196859,0.0,false,13.353,off,A
2026-01-21T01:15,5.98571,23.942839,0.0,false,14.615,off,A
2026-01-21T01:30,5.190435,20.761738,0.0,false,14.315,off,A
2026-01-21T01:45,5.764872,23.059486,0.0,false,13.481,off,A
2026-01-21T02:00,5.420663,21.682653,0.0,false,13.293,off,A
2026-01-21T02:15,5.023022,20.092087,0.0,false,12.671,off,A
2026-01-21T02:30,5.329599,21.318397,0.0,false,13.434,off,A
2026-01-21T02:45,5.424877,21.69951,0.0,false,12.72,off,A
2026-01-21T03:00,5.3955,21.582002,0.0,false,13.091,off,A
2026-01-21T03:15,5.535392,22.141568,0.0,false,12.87,off,A
2026-01-21T03:30,5.49546,21.981838,0.0,false,12.505,off,A
2026-01-21T03:45,5.299362,21.197449,0.0,false,12.038,off,A
2026-01-21T04:00,5.033428,20.133713,0.0,false,11.419,off,A
2026-01-21T04:15,5.340447,21.361786,0.0,false,11.605,off,A
2026-01-21T04:30,5.496387,21.985548,0.0,false,12.63,off,A
2026-01-21T04:45,5.123022,20.49209,0.0,false,12.014,off,A
2026-01-21T05:00,6.178311,24.713242,0.0,false,11.963,off,A
2026-01-21T05:15,5.170106,20.680426,0.0,false,11.664,off,A
2026-01-21T05:30,5.605161,22.420646,0.0,false,11.021,off,A
2026-01-21T05:45,5.785355,23.14142,0.0,false,11.038,off,A
2026-01-21T06:00,14.752254,59.009015,15.639413,true,10.916,shift_1,A
2026-01-21T06:15,19.373844,77.495376,26.99064,true,10.698,shift_1,A
2026-01-21T06:30,18.790807,75.163227,25.119854,true,10.981,shift_1,A
2026-01-21T06:45,20.870417,83.481668,32.262813,true,10.987,shift_1,A
2026-01-21T07:00,18.284115,73.136458,25.016939,true,10.704,shift_1,A
2026-01-21T07:15,19.992448,79.969793,29.276487,true,11.702,shift_1,A
2026-01-21T07:30,18.933853,75.735411,26.108414,true,11.437,shift_1,A
2026-01-21T07:45,16.406228,65.624913,20.187885,true,10.833,shift_1,A
2026-01-21T08:00,19.859874,79.439497,30.038401,true,12.432,shift_1,A
2026-01-21T08:15,15.019039,60.076155,17.083349,true,11.789,shift_1,A
2026-01-21T08:30,17.341371,69.365485,23.429796,true,11.307,shift_1,A
2026-01-21T08:45,17.658034,70.632134,24.443078,true,11.05,shift_1,A
2026-01-21T09:00,15.735753,62.943012,19.670497,true,10.63,shift_1,A
2026-01-21T09:15,20.92965,83.718601,32.761313,true,11.169,shift_1,A
2026-01-21T09:30,21.972897,87.891588,35.948903,true,10.672,shift_1,A
2026-01-21T09:45,17.26371,69.054838,23.358139,true,11.392,shift_1,A
2026-01-21T10:00,20.782897,83.131589,30.385787,true,11.615,shift_1,A
2026-01-21T10:15,19.913779,79.655116,28.810194,true,11.843,shift_1,A
2026-01-21T10:30,21.878095,87.51238,33.974268,true,11.089,shift_1,A
2026-01-21T10:45,19.812889,79.251554,30.721996,true,11.952,shift_1,A
2026-01-21T11:00,19.459202,77.836809,28.1322,true,11.252,shift_1,A
2026-01-21T11:15,19.155478,76.621912,27.688472,true,12.226,shift_1,A
2026-01-21T11:30,19.859399,79.437598,28.543833,true,12.694,shift_1,A
2026-01-21T11:45,21.308242,85.232969,32.725591,true,12.796,shift_1,A
2026-01-21T12:00,19.519392,78.077568,27.33002,true,12.7,shift_1,A
2026-01-21T12:15,16.09218,64.368722,20.36974,true,13.622,shift_1,A
2026-01-21T12:30,18.455223,73.820893,26.134669,true,13.422,shift_1,A
2026-01-21T12:45,20.167625,80.670499,29.531562,true,12.437,shift_1,A
2026-01-21T13:00,18.189011,72.756045,24.073238,true,13.944,shift_1,A
2026-01-21T13:15,14.705266,58.821065,17.100962,true,13.926,shift_1,A
2026-01-21T13:30,16.552413,66.209652,21.215499,true,13.397,shift_1,A
2026-01-21T13:45,17.136278,68.54511,23.220355,true,13.093,shift_1,A
2026-01-21T14:00,18.565211,74.260843,25.845887,true,12.947,shift_2,A
2026-01-21T14:15,18.965345,75.861378,26.569712,true,14.24,shift_2,A
2026-01-21T14:30,15.858435,63.433742,19.504043,true,14.29,shift_2,A
2026-01-21T14:45,19.974781,79.899125,28.944927,true,14.212,shift_2,A
2026-01-21T15:00,17.744083,70.976334,23.597777,true,14.128,shift_2,A
2026-01-21T15:15,20.080215,80.320859,29.087221,true,13.813,shift_2,A
2026-01-21T15:30,20.590491,82.361965,30.171191,true,15.008,shift_2,A
2026-01-21T15:45,18.282282,73.129128,26.720587,true,13.751,shift_2,A
2026-01-21T16:00,18.790906,75.163626,25.335967,true,14.361,shift_2,A
2026-01-21T16:15,19.894897,79.579588,27.562962,true,15.142,shift_2,A
2026-01-21T16:30,16.485805,65.943221,22.04737,true,15.23,shift_2,A
2026-01-21T16:45,18.623333,74.493331,27.715075,true,14.799,shift_2,A
2026-01-21T17:00,19.455404,77.821615,29.015253,true,15.574,shift_2,A
2026-01-21T17:15,19.993077,79.97231,30.311879,true,15.519,shift_2,A
2026-01-21T17:30,18.166016,72.664065,24.338089,true,15.937,shift_2,A
2026-01-21T17:45,19.480098,77.92039,29.650284,true,16.395,shift_2,A
2026-01-21T18:00,19.193564,76.774255,28.485286,true,15.797,shift_2,A
2026-01-21T18:15,18.973454,75.893815,26.131901,true,15.2,shift_2,A
2026-01-21T18:30,21.626491,86.505963,33.921112,true,16.306,shift_2,A
2026-01-21T18:45,17.78207,71.128281,23.498696,true,16.937,shift_2,A
2026-01-21T19:00,22.047424,88.189697,34.927802,true,15.881,shift_2,A
2026-01-21T19:15,19.042562,76.170247,28.364802,true,15.523,shift_2,A
2026-01-21T19:30,20.670145,82.680581,31.427794,true,15.63,shift_2,A
2026-01-21T19:45,17.558263,70.233051,22.037544,true,16.51,shift_2,A
2026-01-21T20:00,14.424315,57.697259,16.213159,true,16.0,shift_2,A
2026-01-21T20:15,15.785813,63.143252,18.275135,true,15.383,shift_2,A
2026-01-21T20:30,19.116339,76.465355,28.158071,true,16.249,shift_2,A
2026-01-21T20:45,15.089661,60.358644,17.504043,true,16.305,shift_2,A
2026-01-21T21:00,16.940269,67.761075,21.677638,true,15.923,shift_2,A
2026-01-21T21:15,18.939033,75.756134,26.62613,true,15.943,shift_2,A
2026-01-21T21:30,17.160489,68.641958,21.677118,true,16.375,shift_2,A
2026-01-21T21:45,18.30896,73.23584,25.175413,true,15.968,shift_2,A
2026-01-21T22:00,6.266993,25.067973,0.0,false,14.674,off,A
2026-01-21T22:15,5.181421,20.725684,0.0,false,15.208,off,A
2026-01-21T22:30,4.975999,19.903995,0.0,false,15.409,off,A
2026-01-21T22:45,5.25212,21.008479,0.0,false,16.34,off,A
2026-01-21T23:00,5.168129,20.672515,0.0,false,15.013,off,A
2026-01-21T23:15,6.058336,24.233345,0.0,false,15.454,off,A
2026-01-21T23:30,5.190324,20.761296,0.0,false,15.245,off,A
2026-01-21T23:45,5.613426,22.453703,0.0,false,15.638,off,A
2026-01-22T00:00,5.471193,21.884773,0.0,false,14.579,off,A
2026-01-22T00:15,5.59483,22.379322,0.0,false,14.862,off,A
2026-01-22T00:30,5.509567,22.038267,0.0,false,14.648,off,A
2026-01-22T00:45,6.633483,26.533934,0.0,false,15.425,off,A
2026-01-22T01:00,5.133115,20.53246,0.0,false,14.424,off,A
2026-01-22T01:15,5.825252,23.301009,0.0,false,13.653,off,A
2026-01-22T01:30,5.427278,21.709111,0.0,false,13.205,off,A
2026-01-22T01:45,5.572669,22.290676,0.0,false,14.051,off,A
2026-01-22T02:00,6.235108,24.940433,0.0,false,13.488,off,A
2026-01-22T02:15,5.311663,21.246652,0.0,false,13.925,off,A
2026-01-22T02:30,5.42642,21.705682,0.0,false,13.756,off,A
2026-01-22T02:45,5.336967,21.347868,0.0,false,12.944,off,A
2026-01-22T03:00,5.27638,21.105518,0.0,false,13.634,off,A
2026-01-22T03:15,5.908018,23.632072,0.0,false,12.851,off,A
2026-01-22T03:30,5.596163,22.384653,0.0,false,12.886,off,A
2026-01-22T03:45,6.432341,25.729364,0.0,false,12.252,off,A
2026-01-22T04:00,4.55258,18.21032,0.0,false,12.849,off,A
2026-01-22T04:15,4.985572,19.94229,0.0,false,12.953,off,A
2026-01-22T04:30,5.220826,20.883304,0.0,false,11.482,off,A
2026-01-22T04:45,5.391033,21.56413,0.0,false,12.671,off,A
2026-01-22T05:00,4.831997,19.327988,0.0,false,12.028,off,A
2026-01-22T05:15,5.393106,21.572422,0.0,false,12.348,off,A
2026-01-22T05:30,5.629928,22.519711,0.0,false,11.062,off,A
2026-01-22T05:45,5.534009,22.136037,0.0,false,11.857,off,A
2026-01-22T06:00,19.500671,78.002684,26.838149,true,12.171,shift_1,A
2026-01-22T06:15,18.342424,73.369698,24.507749,true,11.421,shift_1,A
2026-01-22T06:30,17.939301,71.757204,22.412815,true,11.96,shift_1,A
2026-01-22T06:45,18.090944,72.363776,24.29473,true,11.381,shift_1,A
2026-01-22T07:00,15.638247,62.552986,16.299202,true,10.848,shift_1,A
2026-01-22T07:15,16.391894,65.567575,20.224658,true,11.77,shift_1,A
2026-01-22T07:30,17.894381,71.577526,22.764212,true,11.523,shift_1,A
2026-01-22T07:45,20.088357,80.353427,30.556203,true,10.948,shift_1,A
2026-01-22T08:00,21.767626,87.070504,33.749303,true,11.444,shift_1,A
2026-01-22T08:15,19.451664,77.806656,27.514121,true,10.952,shift_1,A
2026-01-22T08:30,18.823079,75.292315,24.821356,true,10.998,shift_1,A
2026-01-22T08:45,17.210395,68.841579,23.839276,true,11.937,shift_1,A
2026-01-22T09:00,16.871449,67.485796,21.896856,true,10.634,shift_1,A
2026-01-22T09:15,16.625975,66.503898,20.810672,true,11.285,shift_1,A
2026-01-22T09:30,20.241688,80.96675,28.620821,true,9.929,shift_1,A
2026-01-22T09:45,13.852755,55.411022,13.641641,true,10.841,shift_1,A
2026-01-22T10:00,18.681185,74.724742,26.037915,true,11.876,shift_1,A
2026-01-22T10:15,22.87787,91.511482,36.486875,true,12.257,shift_1,A
2026-01-22T10:30,19.247775,76.991101,28.768749,true,11.089,shift_1,A
2026-01-22T10:45,18.549083,74.196334,26.522491,true,11.803,shift_1,A
2026-01-22T11:00,18.111437,72.445746,26.332434,true,12.688,shift_1,A
2026-01-22T11:15,20.372544,81.490175,30.586127,true,12.232,shift_1,A
2026-01-22T11:30,17.810146,71.240583,24.633991,true,11.781,shift_1,A
2026-01-22T11:45,17.284121,69.136482,22.896869,true,12.049,shift_1,A
2026-01-22T12:00,18.74018,74.960722,27.23387,true,11.762,shift_1,A
2026-01-22T12:15,19.75874,79.034961,27.500468,true,13.023,shift_1,A
2026-01-22T12:30,20.954139,83.816556,32.260044,true,12.051,shift_1,A
2026-01-22T12:45,20.235581,80.942323,29.293178,true,13.196,shift_1,A
2026-01-22T13:00,18.849136,75.396545,26.802092,true,13.074,shift_1,A
2026-01-22T13:15,16.338842,65.355368,19.811669,true,13.566,shift_1,A
2026-01-22T13:30,22.145091,88.580365,34.110594,true,14.134,shift_1,A
2026-01-22T13:45,19.220502,76.882007,26.578004,true,14.257,shift_1,A
2026-01-22T14:00,17.028785,68.115142,23.648731,true,14.663,shift_2,A
2026-01-22T14:15,17.815253,71.261011,24.889869,true,13.769,shift_2,A
2026-01-22T14:30,16.383194,65.532777,21.613413,true,13.418,shift_2,A
2026-01-22T14:45,21.477799,85.911197,32.793928,true,14.634,shift_2,A
2026-01-22T15:00,18.062965,72.251862,25.56459,true,13.64,shift_2,A
2026-01-22T15:15,16.925515,67.70206,20.728711,true,14.634,shift_2,A
2026-01-22T15:30,17.847182,71.388726,23.601019,true,14.998,shift_2,A
2026-01-22T15:45,21.004022,84.016089,34.231357,true,14.828,shift_2,A
2026-01-22T16:00,20.836609,83.346436,32.215033,true,15.147,shift_2,A
2026-01-22T16:15,18.707869,74.831476,27.292292,true,14.83,shift_2,A
2026-01-22T16:30,16.828067,67.312267,21.67504,true,14.944,shift_2,A
2026-01-22T16:45,18.078297,72.313189,24.141714,true,14.293,shift_2,A
2026-01-22T17:00,18.706464,74.825855,25.411296,true,15.269,shift_2,A
2026-01-22T17:15,18.298762,73.195047,24.043313,true,16.359,shift_2,A
2026-01-22T17:30,17.895178,71.580714,23.692543,true,14.798,shift_2,A
2026-01-22T17:45,19.94223,79.768921,28.635581,true,15.898,shift_2,A
2026-01-22T18:00,20.66276,82.651042,31.892523,true,15.754,shift_2,A
2026-01-22T18:15,16.003431,64.013723,18.665515,true,15.619,shift_2,A
2026-01-22T18:30,21.675613,86.702451,32.959325,true,15.566,shift_2,A
2026-01-22T18:45,19.493341,77.973364,28.165714,true,15.947,shift_2,A
2026-01-22T19:00,16.897191,67.588765,20.177789,true,16.003,shift_2,A
2026-01-22T19:15,20.165181,80.660724,29.802935,true,15.858,shift_2,A
2026-01-22T19:30,19.672465,78.689859,27.890662,true,16.314,shift_2,A
2026-01-22T19:45,20.720728,82.882911,31.366149,true,15.75,shift_2,A
2026-01-22T20:00,17.752589,71.010356,23.92452,true,16.21,shift_2,A
2026-01-22T20:15,15.458872,61.835486,19.73446,true,16.475,shift_2,A
2026-01-22T20:30,19.507244,78.028976,28.714482,true,16.032,shift_2,A
2026-01-22T20:45,21.199264,84.797057,31.324541,true,16.828,shift_2,A
2026-01-22T21:00,18.74248,74.969918,25.846971,true,16.831,shift_2,A
2026-01-22T21:15,12.863825,51.455299,10.843015,true,15.717,shift_2,A
2026-01-22T21:30,16.446422,65.785687,23.072478,true,15.614,shift_2,A
2026-01-22T21:45,17.157298,68.629194,22.951221,true,16.381,shift_2,A
2026-01-22T22:00,5.174957,20.69983,0.0,false,15.278,off,A
2026-01-22T22:15,5.111585,20.446338,0.0,false,15.346,off,A
2026-01-22T22:30,5.416078,21.66431,0.0,false,14.967,off,A
2026-01-22T22:45,5.843752,23.375008,0.0,false,15.401,off,A
2026-01-22T23:00,5.321673,21.28669,0.0,false,14.582,off,A
2026-01-22T23:15,5.636366,22.545462,0.0,false,14.893,off,A
2026-01-22T23:30,5.839609,23.358437,0.0,false,15.186,off,A
2026-01-22T23:45,5.500427,22.001707,0.0,false,15.998,off,A
2026-01-23T00:00,5.200149,20.800595,0.0,false,15.308,off,B
2026-01-23T00:15,5.509943,22.039772,0.0,false,14.836,off,B
2026-01-23T00:30,5.044176,20.176703,0.0,false,15.82,off,B
2026-01-23T00:45,5.50778,22.031122,0.0,false,14.53,off,B
2026-01-23T01:00,5.640978,22.56391,0.0,false,14.063,off,B
2026-01-23T01:15,5.547812,22.191248,0.0,false,14.288,off,B
2026-01-23T01:30,5.793836,23.175342,0.0,false,13.759,off,B
2026-01-23T01:45,5.351142,21.404566,0.0,false,13.492,off,B
2026-01-23T02:00,6.059154,24.236618,0.0,false,14.217,off,B
2026-01-23T02:15,5.749138,22.996552,0.0,false,13.255,off,B
2026-01-23T02:30,5.917595,23.67038,0.0,false,13.424,off,B
2026-01-23T02:45,6.178821,24.715286,0.0,false,13.361,off,B
2026-01-23T03:00,5.110704,20.442814,0.0,false,13.913,off,B
2026-01-23T03:15,5.199799,20.799198,0.0,false,12.826,off,B
2026-01-23T03:30,4.773096,19.092386,0.0,false,12.796,off,B
2026-01-23T03:45,5.907921,23.631683,0.0,false,11.851,off,B
2026-01-23T04:00,5.801393,23.205573,0.0,false,12.714,off,B
2026-01-23T04:15,5.079561,20.318244,0.0,false,11.952,off,B
2026-01-23T04:30,6.053136,24.212544,0.0,false,12.175,off,B
2026-01-23T04:45,5.573196,22.292785,0.0,false,12.183,off,B
2026-01-23T05:00,5.65187,22.60748,0.0,false,12.615,off,B
2026-01-23T05:15,5.670958,22.683833,0.0,false,12.005,off,B
2026-01-23T05:30,6.129355,24.517419,0.0,false,11.715,off,B
2026-01-23T05:45,5.211791,20.847165,0.0,false,11.663,off,B
2026-01-23T06:00,20.70388,82.815522,28.653369,true,11.969,shift_1,B
2026-01-23T06:15,19.850007,79.400029,29.342652,true,11.913,shift_1,B
2026-01-23T06:30,19.40775,77.631002,26.080864,true,10.621,shift_1,B
2026-01-23T06:45,19.657151,78.628603,25.89085,true,12.269,shift_1,B
2026-01-23T07:00,18.030648,72.122592,22.629833,true,11.41,shift_1,B
2026-01-23T07:15,20.795196,83.180785,29.859017,true,11.402,shift_1,B
2026-01-23T07:30,18.462883,73.851534,22.955951,true,11.435,shift_1,B
2026-01-23T07:45,19.451685,77.806742,26.313419,true,10.923,shift_1,B
2026-01-23T08:00,18.515992,74.063969,24.698486,true,11.283,shift_1,B
2026-01-23T08:15,13.689588,54.758351,12.346501,true,11.508,shift_1,B
2026-01-23T08:30,20.510623,82.042492,28.081024,true,10.57,shift_1,B
2026-01-23T08:45,19.722547,78.890189,26.145052,true,11.75,shift_1,B
2026-01-23T09:00,19.364063,77.456254,25.146682,true,11.939,shift_1,B
2026-01-23T09:15,22.717515,90.87006,31.038985,true,12.139,shift_1,B
2026-01-23T09:30,19.86039,79.441558,25.273456,true,11.713,shift_1,B
2026-01-23T09:45,20.252733,81.01093,26.674429,true,12.012,shift_1,B
2026-01-23T10:00,21.734729,86.938916,30.570369,true,11.587,shift_1,B
2026-01-23T10:15,24.46178,97.847119,36.483908,true,11.65,shift_1,B
2026-01-23T10:30,20.907155,83.62862,28.963746,true,11.145,shift_1,B
2026-01-23T10:45,21.158334,84.633335,28.929096,true,12.07,shift_1,B
2026-01-23T11:00,17.550745,70.20298,19.631234,true,11.177,shift_1,B
2026-01-23T11:15,23.349476,93.397905,33.84609,true,12.132,shift_1,B
2026-01-23T11:30,16.642607,66.570428,18.353359,true,12.005,shift_1,B
2026-01-23T11:45,23.626423,94.505693,35.161689,true,12.663,shift_1,B
2026-01-23T12:00,15.592305,62.36922,16.959658,true,12.582,shift_1,B
2026-01-23T12:15,18.461317,73.84527,23.84023,true,12.811,shift_1,B
2026-01-23T12:30,22.439275,89.757098,33.21742,true,13.546,shift_1,B
2026-01-23T12:45,18.912519,75.650074,22.701944,true,13.039,shift_1,B
2026-01-23T13:00,20.026495,80.10598,27.515628,true,13.265,shift_1,B
2026-01-23T13:15,19.095695,76.382778,22.775781,true,13.969,shift_1,B
2026-01-23T13:30,17.716946,70.867784,20.823534,true,14.013,shift_1,B
2026-01-23T13:45,18.684075,74.7363,22.85347,true,13.752,shift_1,B
2026-01-23T14:00,18.653616,74.614465,24.060654,true,13.781,shift_2,B
2026-01-23T14:15,19.099824,76.399298,24.343014,true,13.585,shift_2,B
2026-01-23T14:30,16.029614,64.118455,17.30548,true,14.658,shift_2,B
2026-01-23T14:45,17.113377,68.453508,20.880365,true,15.078,shift_2,B
2026-01-23T15:00,20.313967,81.255866,28.486548,true,13.977,shift_2,B
2026-01-23T15:15,17.567895,70.271582,21.498463,true,14.607,shift_2,B
2026-01-23T15:30,18.44373,73.774921,23.331226,true,14.597,shift_2,B
2026-01-23T15:45,19.969696,79.878783,26.938959,true,14.872,shift_2,B
2026-01-23T16:00,18.526216,74.104865,23.601974,true,15.279,shift_2,B
2026-01-23T16:15,15.880769,63.523076,17.824639,true,15.203,shift_2,B
2026-01-23T16:30,17.784816,71.139265,21.681951,true,14.981,shift_2,B
2026-01-23T16:45,18.680703,74.722814,22.599539,true,15.075,shift_2,B
2026-01-23T17:00,22.649744,90.598976,32.440463,true,16.602,shift_2,B
2026-01-23T17:15,21.068134,84.272536,29.300369,true,16.235,shift_2,B
2026-01-23T17:30,18.967886,75.871543,26.242341,true,15.833,shift_2,B
2026-01-23T17:45,19.028026,76.112102,23.895,true,15.451,shift_2,B
2026-01-23T18:00,16.741205,66.964819,19.081243,true,15.718,shift_2,B
2026-01-23T18:15,22.436646,89.746584,31.886535,true,16.179,shift_2,B
2026-01-23T18:30,19.227238,76.908953,23.584672,true,17.298,shift_2,B
2026-01-23T18:45,19.067753,76.271011,24.552576,true,16.621,shift_2,B
2026-01-23T19:00,19.935931,79.743724,26.851226,true,15.835,shift_2,B
2026-01-23T19:15,19.819131,79.276523,27.12937,true,16.023,shift_2,B
2026-01-23T19:30,21.710076,86.840304,31.186558,true,16.834,shift_2,B
2026-01-23T19:45,16.933243,67.732971,21.148784,true,16.719,shift_2,B
2026-01-23T20:00,20.631164,82.524656,28.732721,true,16.451,shift_2,B
2026-01-23T20:15,25.013996,100.055982,35.396635,true,16.551,shift_2,B
2026-01-23T20:30,19.615694,78.462775,26.837274,true,15.836,shift_2,B
2026-01-23T20:45,18.646711,74.586843,22.665236,true,17.661,shift_2,B
2026-01-23T21:00,16.740256,66.961025,19.243908,true,16.256,shift_2,B
2026-01-23T21:15,17.505885,70.02354,21.070824,true,15.484,shift_2,B
2026-01-23T21:30,13.97502,55.900079,12.719683,true,16.216,shift_2,B
2026-01-23T21:45,16.934903,67.739612,19.201299,true,17.312,shift_2,B
2026-01-23T22:00,4.371113,17.484452,0.0,false,15.747,off,B
2026-01-23T22:15,5.226607,20.906429,0.0,false,15.374,off,B
2026-01-23T22:30,5.485968,21.943872,0.0,false,16.2,off,B
2026-01-23T22:45,5.76929,23.077159,0.0,false,15.563,off,B
2026-01-23T23:00,5.434025,21.736102,0.0,false,15.626,off,B
2026-01-23T23:15,4.949504,19.798014,0.0,false,15.776,off,B
2026-01-23T23:30,6.001331,24.005322,0.0,false,15.212,off,B
2026-01-23T23:45,5.183739,20.734956,0.0,false,14.112,off,B
2026-01-24T00:00,5.591651,22.366603,0.0,false,15.225,off,A
2026-01-24T00:15,5.671968,22.687873,0.0,false,14.834,off,A
2026-01-24T00:30,5.89178,23.56712,0.0,false,14.41,off,A
2026-01-24T00:45,6.226074,24.904296,0.0,false,14.798,off,A
2026-01-24T01:00,5.720637,22.882546,0.0,false,14.967,off,A
2026-01-24T01:15,5.178707,20.714828,0.0,false,15.092,off,A
2026-01-24T01:30,4.799924,19.199696,0.0,false,14.076,off,A
2026-01-24T01:45,6.161667,24.646666,0.0,false,14.495,off,A
2026-01-24T02:00,5.013142,20.052568,0.0,false,13.654,off,A
2026-01-24T02:15,5.205078,20.82031,0.0,false,14.296,off,A
2026-01-24T02:30,6.115802,24.463209,0.0,false,13.318,off,A
2026-01-24T02:45,5.425421,21.701686,0.0,false,13.23,off,A
2026-01-24T03:00,5.736352,22.945409,0.0,false,14.056,off,A
2026-01-24T03:15,6.102119,24.408478,0.0,false,12.561,off,A
2026-01-24T03:30,5.902995,23.61198,0.0,false,12.069,off,A
2026-01-24T03:45,5.290642,21.162566,0.0,false,13.036,off,A
2026-01-24T04:00,5.055039,20.220155,0.0,false,12.257,off,A
2026-01-24T04:15,5.549773,22.199093,0.0,false,13.372,off,A
2026-01-24T04:30,5.729566,22.918266,0.0,false,12.06,off,A
2026-01-24T04:45,5.627539,22.510157,0.0,false,12.851,off,A
2026-01-24T05:00,5.881605,23.526418,0.0,false,12.477,off,A
2026-01-24T05:15,5.626636,22.506545,0.0,false,12.046,off,A
2026-01-24T05:30,5.103061,20.412243,0.0,false,11.856,off,A
2026-01-24T05:45,5.680248,22.720992,0.0,false,11.185,off,A
2026-01-24T06:00,5.491577,21.966309,0.0,false,11.377,shift_1,A
2026-01-24T06:15,5.888114,23.552454,0.0,false,11.531,shift_1,A
2026-01-24T06:30,5.622588,22.490353,0.0,false,11.727,shift_1,A
2026-01-24T06:45,5.444798,21.779191,0.0,false,11.386,shift_1,A
2026-01-24T07:00,5.599841,22.399364,0.0,false,11.312,shift_1,A
2026-01-24T07:15,5.4921,21.968399,0.0,false,10.583,shift_1,A
2026-01-24T07:30,5.657305,22.629219,0.0,false,11.602,shift_1,A
2026-01-24T07:45,5.331557,21.326229,0.0,false,10.863,shift_1,A
2026-01-24T08:00,5.284011,21.136045,0.0,false,11.206,shift_1,A
2026-01-24T08:15,5.065427,20.261708,0.0,false,10.794,shift_1,A
2026-01-24T08:30,5.654193,22.616773,0.0,false,11.423,shift_1,A
2026-01-24T08:45,5.151407,20.605627,0.0,false,11.519,shift_1,A
2026-01-24T09:00,5.420483,21.681932,0.0,false,11.674,shift_1,A
2026-01-24T09:15,5.129886,20.519544,0.0,false,11.282,shift_1,A
2026-01-24T09:30,5.78679,23.147162,0.0,false,11.332,shift_1,A
2026-01-24T09:45,5.450744,21.802977,0.0,false,11.563,shift_1,A
2026-01-24T10:00,6.616169,26.464675,0.0,false,11.231,shift_1,A
2026-01-24T10:15,4.688834,18.755337,0.0,false,10.686,shift_1,A
2026-01-24T10:30,5.579766,22.319062,0.0,false,11.651,shift_1,A
2026-01-24T10:45,5.705512,22.822047,0.0,false,12.904,shift_1,A
2026-01-24T11:00,5.867857,23.471429,0.0,false,12.279,shift_1,A
2026-01-24T11:15,4.717962,18.871847,0.0,false,12.296,shift_1,A
2026-01-24T11:30,5.58692,22.34768,0.0,false,12.502,shift_1,A
2026-01-24T11:45,5.211615,20.846462,0.0,false,13.593,shift_1,A
2026-01-24T12:00,4.955928,19.82371,0.0,false,13.275,shift_1,A
2026-01-24T12:15,5.553036,22.212146,0.0,false,13.557,shift_1,A
2026-01-24T12:30,5.781525,23.126099,0.0,false,13.359,shift_1,A
2026-01-24T12:45,5.539018,22.156072,0.0,false,13.432,shift_1,A
2026-01-24T13:00,5.436123,21.744492,0.0,false,12.922,shift_1,A
2026-01-24T13:15,5.454921,21.819684,0.0,false,13.026,shift_1,A
2026-01-24T13:30,5.568895,22.275578,0.0,false,12.766,shift_1,A
2026-01-24T13:45,5.980763,23.923052,0.0,false,14.222,shift_1,A
2026-01-24T14:00,5.56099,22.243961,0.0,false,14.554,shift_2,A
2026-01-24T14:15,5.397903,21.591613,0.0,false,13.983,shift_2,A
2026-01-24T14:30,5.786843,23.147371,0.0,false,14.419,shift_2,A
2026-01-24T14:45,4.961833,19.847334,0.0,false,14.554,shift_2,A
2026-01-24T15:00,5.690993,22.763971,0.0,false,15.233,shift_2,A
2026-01-24T15:15,5.52077,22.08308,0.0,false,15.196,shift_2,A
2026-01-24T15:30,6.275019,25.100076,0.0,false,14.723,shift_2,A
2026-01-24T15:45,4.824744,19.298977,0.0,false,14.468,shift_2,A
2026-01-24T16:00,5.596158,22.38463,0.0,false,16.145,shift_2,A
2026-01-24T16:15,5.265986,21.063943,0.0,false,15.071,shift_2,A
2026-01-24T16:30,6.246908,24.987633,0.0,false,14.416,shift_2,A
2026-01-24T16:45,5.703996,22.815985,0.0,false,15.898,shift_2,A
2026-01-24T17:00,5.134134,20.536536,0.0,false,16.077,shift_2,A
2026-01-24T17:15,5.934285,23.737142,0.0,false,16.006,shift_2,A
2026-01-24T17:30,5.738386,22.953543,0.0,false,14.778,shift_2,A
2026-01-24T17:45,5.540594,22.162375,0.0,false,16.349,shift_2,A
2026-01-24T18:00,5.433775,21.735101,0.0,false,15.619,shift_2,A
2026-01-24T18:15,5.645137,22.580548,0.0,false,15.91,shift_2,A
2026-01-24T18:30,5.805768,23.223072,0.0,false,15.94,shift_2,A
2026-01-24T18:45,5.292062,21.16825,0.0,false,16.005,shift_2,A
2026-01-24T19:00,5.435706,21.742823,0.0,false,16.896,shift_2,A
2026-01-24T19:15,4.981036,19.924143,0.0,false,16.614,shift_2,A
2026-01-24T19:30,4.919131,19.676523,0.0,false,17.136,shift_2,A
2026-01-24T19:45,5.410181,21.640725,0.0,false,16.44,shift_2,A
2026-01-24T20:00,5.390244,21.560977,0.0,false,16.015,shift_2,A
2026-01-24T20:15,6.195578,24.782314,0.0,false,17.009,shift_2,A
2026-01-24T20:30,5.357014,21.428055,0.0,false,16.257,shift_2,A
2026-01-24T20:45,6.186047,24.744188,0.0,false,15.41,shift_2,A
2026-01-24T21:00,5.136034,20.544136,0.0,false,15.778,shift_2,A
2026-01-24T21:15,5.793622,23.17449,0.0,false,16.316,shift_2,A
2026-01-24T21:30,6.369844,25.479376,0.0,false,16.968,shift_2,A
2026-01-24T21:45,5.307936,21.231746,0.0,false,16.516,shift_2,A
2026-01-24T22:00,5.4286,21.714399,0.0,false,15.733,off,A
2026-01-24T22:15,5.881956,23.527825,0.0,false,16.378,off,A
2026-01-24T22:30,4.74222,18.968881,0.0,false,16.189,off,A
2026-01-24T22:45,6.082675,24.330702,0.0,false,15.493,off,A
2026-01-24T23:00,5.467866,21.871462,0.0,false,15.398,off,A
2026-01-24T23:15,5.470427,21.881707,0.0,false,16.908,off,A
2026-01-24T23:30,6.235484,24.941938,0.0,false,16.13,off,A
2026-01-24T23:45,5.326037,21.304147,0.0,false,15.665,off,A
2026-01-25T00:00,9.656425,38.625701,0.0,false,14.11,off,A
2026-01-25T00:15,10.236784,40.947137,0.0,false,15.427,off,A
2026-01-25T00:30,9.557655,38.230621,0.0,false,15.543,off,A
2026-01-25T00:45,9.179956,36.719825,0.0,false,14.903,off,A
2026-01-25T01:00,10.211721,40.846886,0.0,false,14.206,off,A
2026-01-25T01:15,10.326682,41.306729,0.0,false,13.397,off,A
2026-01-25T01:30,9.425565,37.70226,0.0,false,15.242,off,A
2026-01-25T01:45,10.687389,42.749556,0.0,false,14.034,off,A
2026-01-25T02:00,10.158934,40.635738,0.0,false,14.25,off,A
2026-01-25T02:15,9.451278,37.805113,0.0,false,13.89,off,A
2026-01-25T02:30,10.514667,42.058666,0.0,false,13.605,off,A
2026-01-25T02:45,10.288677,41.15471,0.0,false,13.556,off,A
2026-01-25T03:00,9.651424,38.605696,0.0,false,13.172,off,A
2026-01-25T03:15,9.578787,38.315147,0.0,false,12.981,off,A
2026-01-25T03:30,9.99204,39.968162,0.0,false,12.362,off,A
2026-01-25T03:45,9.623842,38.495369,0.0,false,12.78,off,A
2026-01-25T04:00,9.627365,38.509461,0.0,false,13.098,off,A
2026-01-25T04:15,10.199352,40.797408,0.0,false,12.824,off,A
2026-01-25T04:30,10.136821,40.547284,0.0,false,13.311,off,A
2026-01-25T04:45,10.029884,40.119535,0.0,false,12.746,off,A
2026-01-25T05:00,10.342289,41.369156,0.0,false,11.529,off,A
2026-01-25T05:15,9.950288,39.801151,0.0,false,12.96,off,A
2026-01-25T05:30,10.369545,41.478179,0.0,false,13.064,off,A
2026-01-25T05:45,9.927524,39.710096,0.0,false,12.922,off,A
2026-01-25T06:00,5.522391,22.089564,0.0,false,11.393,shift_1,A
2026-01-25T06:15,5.579382,22.317529,0.0,false,11.395,shift_1,A
2026-01-25T06:30,5.565805,22.263219,0.0,false,11.569,shift_1,A
2026-01-25T06:45,5.110298,20.441194,0.0,false,11.588,shift_1,A
2026-01-25T07:00,6.00765,24.0306,0.0,false,11.32,shift_1,A
2026-01-25T07:15,4.963669,19.854678,0.0,false,11.516,shift_1,A
2026-01-25T07:30,5.37103,21.484119,0.0,false,10.513,shift_1,A
2026-01-25T07:45,5.027913,20.11165,0.0,false,11.645,shift_1,A
2026-01-25T08:00,5.724327,22.897308,0.0,false,10.606,shift_1,A
2026-01-25T08:15,5.848799,23.395195,0.0,false,13.102,shift_1,A
2026-01-25T08:30,5.452938,21.81175,0.0,false,11.023,shift_1,A
2026-01-25T08:45,4.99129,19.965159,0.0,false,11.489,shift_1,A
2026-01-25T09:00,5.442893,21.771573,0.0,false,10.883,shift_1,A
2026-01-25T09:15,5.601151,22.404605,0.0,false,12.028,shift_1,A
2026-01-25T09:30,5.703768,22.815071,0.0,false,11.349,shift_1,A
2026-01-25T09:45,5.106929,20.427714,0.0,false,12.018,shift_1,A
2026-01-25T10:00,5.758071,23.032283,0.0,false,11.226,shift_1,A
2026-01-25T10:15,5.662165,22.648659,0.0,false,12.489,shift_1,A
2026-01-25T10:30,6.086798,24.347193,0.0,false,12.606,shift_1,A
2026-01-25T10:45,5.691449,22.765798,0.0,false,11.356,shift_1,A
2026-01-25T11:00,5.953431,23.813723,0.0,false,12.89,shift_1,A
2026-01-25T11:15,5.264968,21.059873,0.0,false,13.065,shift_1,A
2026-01-25T11:30,5.810512,23.242049,0.0,false,12.819,shift_1,A
2026-01-25T11:45,5.576273,22.305093,0.0,false,12.312,shift_1,A
2026-01-25T12:00,5.160464,20.641855,0.0,false,12.084,shift_1,A
2026-01-25T12:15,5.920566,23.682265,0.0,false,13.058,shift_1,A
2026-01-25T12:30,6.113642,24.454567,0.0,false,13.043,shift_1,A
2026-01-25T12:45,5.106868,20.427471,0.0,false,13.941,shift_1,A
2026-01-25T13:00,5.29862,21.194482,0.0,false,13.302,shift_1,A
2026-01-25T13:15,5.787261,23.149045,0.0,false,13.924,shift_1,A
2026-01-25T13:30,5.869635,23.478538,0.0,false,13.277,shift_1,A
2026-01-25T13:45,5.97114,23.884558,0.0,false,13.176,shift_1,A
2026-01-25T14:00,5.428353,21.713411,0.0,false,12.78,shift_2,A
2026-01-25T14:15,5.770372,23.081486,0.0,false,13.81,shift_2,A
2026-01-25T14:30,4.623388,18.49355,0.0,false,14.453,shift_2,A
2026-01-25T14:45,5.26514,21.060562,0.0,false,13.815,shift_2,A
2026-01-25T15:00,6.152505,24.610021,0.0,false,15.239,shift_2,A
2026-01-25T15:15,6.06918,24.27672,0.0,false,15.145,shift_2,A
2026-01-25T15:30,5.666642,22.666569,0.0,false,14.58,shift_2,A
2026-01-25T15:45,5.068076,20.272304,0.0,false,15.169,shift_2,A
2026-01-25T16:00,5.357261,21.429043,0.0,false,15.075,shift_2,A
2026-01-25T16:15,5.698157,22.792628,0.0,false,15.617,shift_2,A
2026-01-25T16:30,5.287249,21.148997,0.0,false,15.248,shift_2,A
2026-01-25T16:45,5.702126,22.808502,0.0,false,14.698,shift_2,A
2026-01-25T17:00,5.488404,21.953615,0.0,false,15.716,shift_2,A
2026-01-25T17:15,5.301851,21.207402,0.0,false,16.153,shift_2,A
2026-01-25T17:30,5.259182,21.036728,0.0,false,15.501,shift_2,A
2026-01-25T17:45,5.587055,22.348219,0.0,false,15.907,shift_2,A
2026-01-25T18:00,5.323695,21.294779,0.0,false,15.862,shift_2,A
2026-01-25T18:15,5.336965,21.34786,0.0,false,15.577,shift_2,A
2026-01-25T18:30,5.235693,20.94277,0.0,false,15.436,shift_2,A
2026-01-25T18:45,5.568559,22.274238,0.0,false,16.637,shift_2,A
2026-01-25T19:00,5.410175,21.6407,0.0,false,16.337,shift_2,A
2026-01-25T19:15,5.028627,20.11451,0.0,false,16.902,shift_2,A
2026-01-25T19:30,5.213414,20.853654,0.0,false,16.7,shift_2,A
2026-01-25T19:45,5.439164,21.756658,0.0,false,16.634,shift_2,A
2026-01-25T20:00,5.624925,22.4997,0.0,false,16.228,shift_2,A
2026-01-25T20:15,5.014825,20.059301,0.0,false,16.172,shift_2,A
2026-01-25T20:30,4.998119,19.992478,0.0,false,16.237,shift_2,A
2026-01-25T20:45,5.25684,21.027358,0.0,false,16.525,shift_2,A
2026-01-25T21:00,5.645713,22.582852,0.0,false,15.783,shift_2,A
2026-01-25T21:15,5.426186,21.704746,0.0,false,16.568,shift_2,A
2026-01-25T21:30,5.865318,23.461272,0.0,false,16.164,shift_2,A
2026-01-25T21:45,5.603226,22.412905,0.0,false,16.107,shift_2,A
2026-01-25T22:00,10.223034,40.892137,0.0,false,15.598,off,A
2026-01-25T22:15,10.207295,40.82918,0.0,false,16.007,off,A
2026-01-25T22:30,9.698811,38.795244,0.0,false,15.847,off,A
2026-01-25T22:45,9.917478,39.669912,0.0,false,15.279,off,A
2026-01-25T23:00,9.48112,37.924478,0.0,false,15.538,off,A
2026-01-25T23:15,10.410251,41.641005,0.0,false,16.274,off,A
2026-01-25T23:30,9.144408,36.57763,0.0,false,14.505,off,A
2026-01-25T23:45,10.062614,40.250457,0.0,false,14.629,off,A
2026-01-26T00:00,9.527266,38.109062,0.0,false,16.693,off,B
2026-01-26T00:15,10.533166,42.132664,0.0,false,15.05,off,B
2026-01-26T00:30,10.446351,41.785404,0.0,false,14.812,off,B
2026-01-26T00:45,9.988315,39.953259,0.0,false,15.374,off,B
2026-01-26T01:00,10.374366,41.497464,0.0,false,15.191,off,B
2026-01-26T01:15,9.930163,39.720653,0.0,false,13.89,off,B
2026-01-26T01:30,10.01186,40.047442,0.0,false,14.115,off,B
2026-01-26T01:45,9.601416,38.405664,0.0,false,13.66,off,B
2026-01-26T02:00,9.997076,39.988303,0.0,false,14.131,off,B
2026-01-26T02:15,10.084169,40.336675,0.0,false,14.633,off,B
2026-01-26T02:30,10.524144,42.096575,0.0,false,14.493,off,B
2026-01-26T02:45,8.586069,34.344278,0.0,false,14.184,off,B
2026-01-26T03:00,10.185382,40.741528,0.0,false,13.07,off,B
2026-01-26T03:15,9.788846,39.155382,0.0,false,12.638,off,B
2026-01-26T03:30,10.019015,40.07606,0.0,false,13.481,off,B
2026-01-26T03:45,10.692987,42.771949,0.0,false,12.823,off,B
2026-01-26T04:00,10.444532,41.778128,0.0,false,12.642,off,B
2026-01-26T04:15,10.039663,40.158651,0.0,false,12.69,off,B
2026-01-26T04:30,9.663758,38.655033,0.0,false,12.402,off,B
2026-01-26T04:45,9.453728,37.814914,0.0,false,12.344,off,B
2026-01-26T05:00,10.045228,40.180914,0.0,false,12.641,off,B
2026-01-26T05:15,10.317769,41.271078,0.0,false,12.004,off,B
2026-01-26T05:30,9.212953,36.85181,0.0,false,11.599,off,B
2026-01-26T05:45,9.449023,37.796091,0.0,false,12.235,off,B
2026-01-26T06:00,19.584329,78.337317,24.734814,true,11.241,shift_1,B
2026-01-26T06:15,17.535803,70.143211,19.498954,true,11.472,shift_1,B
2026-01-26T06:30,20.919481,83.677922,28.31801,true,11.087,shift_1,B
2026-01-26T06:45,18.358053,73.432211,23.588527,true,11.373,shift_1,B
2026-01-26T07:00,18.495713,73.982851,23.765269,true,11.355,shift_1,B
2026-01-26T07:15,20.543952,82.175808,28.4062,true,10.828,shift_1,B
2026-01-26T07:30,20.192898,80.771594,24.434181,true,12.023,shift_1,B
2026-01-26T07:45,16.109157,64.436628,18.862472,true,11.888,shift_1,B
2026-01-26T08:00,18.157169,72.628676,23.857119,true,11.155,shift_1,B
2026-01-26T08:15,19.327994,77.311974,26.481422,true,11.046,shift_1,B
2026-01-26T08:30,20.191163,80.764654,27.960959,true,11.575,shift_1,B
2026-01-26T08:45,20.866076,83.464306,27.580907,true,11.953,shift_1,B
2026-01-26T09:00,19.858298,79.433191,26.407649,true,12.021,shift_1,B
2026-01-26T09:15,20.632776,82.531105,29.618255,true,11.967,shift_1,B
2026-01-26T09:30,19.81664,79.26656,25.116824,true,12.257,shift_1,B
2026-01-26T09:45,19.222491,76.889966,24.792093,true,11.951,shift_1,B
2026-01-26T10:00,18.339821,73.359283,24.33215,true,12.658,shift_1,B
2026-01-26T10:15,23.985999,95.943996,34.336957,true,11.897,shift_1,B
2026-01-26T10:30,15.896227,63.584907,17.32041,true,12.636,shift_1,B
2026-01-26T10:45,19.673437,78.693749,26.847201,true,11.985,shift_1,B
2026-01-26T11:00,18.748537,74.994147,21.550284,true,12.198,shift_1,B
2026-01-26T11:15,18.629861,74.519442,24.568016,true,12.485,shift_1,B
2026-01-26T11:30,21.815845,87.263382,29.713419,true,13.06,shift_1,B
2026-01-26T11:45,18.616236,74.464942,24.06335,true,12.888,shift_1,B
2026-01-26T12:00,19.143136,76.572542,23.9746,true,12.471,shift_1,B
2026-01-26T12:15,20.485395,81.941581,27.015537,true,12.722,shift_1,B
2026-01-26T12:30,21.684834,86.739335,30.096468,true,12.92,shift_1,B
2026-01-26T12:45,19.258468,77.033872,24.71468,true,13.491,shift_1,B
2026-01-26T13:00,17.395792,69.583167,20.336853,true,13.026,shift_1,B
2026-01-26T13:15,18.699458,74.797832,23.118151,true,14.063,shift_1,B
2026-01-26T13:30,17.226039,68.904156,20.164253,true,13.662,shift_1,B
2026-01-26T13:45,17.135647,68.54259,20.516169,true,14.132,shift_1,B
2026-01-26T14:00,18.651216,74.604864,24.835194,true,13.856,shift_2,B
2026-01-26T14:15,19.510518,78.042071,25.267915,true,14.404,shift_2,B
2026-01-26T14:30,19.077965,76.311859,25.478104,true,14.149,shift_2,B
2026-01-26T14:45,20.193483,80.77393,28.265744,true,14.21,shift_2,B
2026-01-26T15:00,18.119321,72.477282,21.640422,true,14.428,shift_2,B
2026-01-26T15:15,17.537387,70.149547,21.899503,true,14.187,shift_2,B
2026-01-26T15:30,18.595326,74.381304,23.822119,true,15.888,shift_2,B
2026-01-26T15:45,20.608735,82.434942,29.914269,true,15.266,shift_2,B
2026-01-26T16:00,19.965275,79.861101,27.091795,true,14.813,shift_2,B
2026-01-26T16:15,18.45005,73.8002,22.86105,true,14.771,shift_2,B
2026-01-26T16:30,23.672241,94.688965,36.596338,true,15.788,shift_2,B
2026-01-26T16:45,18.022071,72.088285,21.116539,true,15.011,shift_2,B
2026-01-26T17:00,17.42148,69.685919,19.876387,true,15.423,shift_2,B
2026-01-26T17:15,22.990705,91.962819,33.305977,true,15.613,shift_2,B
2026-01-26T17:30,22.835381,91.341524,32.390815,true,15.756,shift_2,B
2026-01-26T17:45,19.605437,78.421747,25.971894,true,16.933,shift_2,B
2026-01-26T18:00,23.15118,92.604718,33.637718,true,17.004,shift_2,B
2026-01-26T18:15,17.790212,71.160846,22.80375,true,15.92,shift_2,B
2026-01-26T18:30,19.652253,78.60901,26.887805,true,15.918,shift_2,B
2026-01-26T18:45,14.596338,58.385352,14.836612,true,16.831,shift_2,B
2026-01-26T19:00,21.906533,87.62613,30.51437,true,16.178,shift_2,B
2026-01-26T19:15,20.321658,81.286632,28.299242,true,15.94,shift_2,B
2026-01-26T19:30,17.502689,70.010755,20.69701,true,16.728,shift_2,B
2026-01-26T19:45,24.767111,99.068444,36.606768,true,17.332,shift_2,B
2026-01-26T20:00,18.249372,72.997488,23.404975,true,16.087,shift_2,B
2026-01-26T20:15,15.537701,62.150805,16.855116,true,16.293,shift_2,B
2026-01-26T20:30,24.406429,97.625716,36.375857,true,17.141,shift_2,B
2026-01-26T20:45,20.06833,80.273318,28.209367,true,16.657,shift_2,B
2026-01-26T21:00,20.756856,83.027426,28.555093,true,16.095,shift_2,B
2026-01-26T21:15,20.081544,80.326175,28.541603,true,16.287,shift_2,B
2026-01-26T21:30,17.383064,69.532257,20.017873,true,16.997,shift_2,B
2026-01-26T21:45,20.834929,83.339716,27.602299,true,16.346,shift_2,B
2026-01-26T22:00,10.334936,41.339745,0.0,false,15.762,off,B
2026-01-26T22:15,10.570175,42.280701,0.0,false,16.435,off,B
2026-01-26T22:30,10.475026,41.900106,0.0,false,15.823,off,B
2026-01-26T22:45,9.823161,39.292642,0.0,false,16.347,off,B
2026-01-26T23:00,9.851072,39.404289,0.0,false,16.372,off,B
2026-01-26T23:15,9.959859,39.839438,0.0,false,16.208,off,B
2026-01-26T23:30,10.027175,40.108698,0.0,false,15.679,off,B
2026-01-26T23:45,9.965312,39.861249,0.0,false,15.999,off,B
2026-01-27T00:00,10.239863,40.959452,0.0,false,15.747,off,A
2026-01-27T00:15,10.369599,41.478397,0.0,false,14.883,off,A
2026-01-27T00:30,10.204317,40.817267,0.0,false,15.9,off,A
2026-01-27T00:45,9.659278,38.637113,0.0,false,15.213,off,A
2026-01-27T01:00,9.386455,37.54582,0.0,false,15.498,off,A
2026-01-27T01:15,10.61994,42.479762,0.0,false,14.766,off,A
2026-01-27T01:30,10.215815,40.863259,0.0,false,14.188,off,A
2026-01-27T01:45,10.263392,41.05357,0.0,false,14.007,off,A
2026-01-27T02:00,9.835098,39.340393,0.0,false,13.499,off,A
2026-01-27T02:15,10.040617,40.162467,0.0,false,13.724,off,A
2026-01-27T02:30,10.603012,42.412048,0.0,false,13.03,off,A
2026-01-27T02:45,9.804465,39.217858,0.0,false,13.874,off,A
2026-01-27T03:00,9.990479,39.961916,0.0,false,14.304,off,A
2026-01-27T03:15,10.115315,40.461261,0.0,false,13.531,off,A
2026-01-27T03:30,10.063007,40.252028,0.0,false,14.045,off,A
2026-01-27T03:45,10.03577,40.143079,0.0,false,12.567,off,A
2026-01-27T04:00,9.989665,39.95866,0.0,false,13.166,off,A
2026-01-27T04:15,9.67672,38.706881,0.0,false,12.493,off,A
2026-01-27T04:30,10.192455,40.769819,0.0,false,11.836,off,A
2026-01-27T04:45,9.74299,38.971962,0.0,false,12.141,off,A
2026-01-27T05:00,10.431686,41.726743,0.0,false,12.694,off,A
2026-01-27T05:15,9.859483,39.437933,0.0,false,11.809,off,A
2026-01-27T05:30,10.20234,40.80936,0.0,false,12.026,off,A
2026-01-27T05:45,9.6791,38.716399,0.0,false,11.608,off,A
2026-01-27T06:00,16.188777,64.755107,20.903767,true,12.251,shift_1,A
2026-01-27T06:15,15.899688,63.598751,19.378308,true,11.959,shift_1,A
2026-01-27T06:30,17.433205,69.732822,23.194934,true,12.539,shift_1,A
2026-01-27T06:45,15.028377,60.113508,16.664397,true,11.604,shift_1,A
2026-01-27T07:00,21.592723,86.37089,30.842204,true,12.3,shift_1,A
2026-01-27T07:15,18.078103,72.312413,25.853186,true,11.607,shift_1,A
2026-01-27T07:30,20.571982,82.287926,30.161753,true,12.654,shift_1,A
2026-01-27T07:45,17.145514,68.582057,24.930745,true,12.01,shift_1,A
2026-01-27T08:00,19.971804,79.887216,29.338694,true,12.332,shift_1,A
2026-01-27T08:15,20.532538,82.130152,30.743386,true,11.299,shift_1,A
2026-01-27T08:30,16.289992,65.159969,21.261388,true,11.828,shift_1,A
2026-01-27T08:45,18.401135,73.604539,26.624912,true,11.71,shift_1,A
2026-01-27T09:00,18.26894,73.075759,25.277682,true,12.659,shift_1,A
2026-01-27T09:15,21.787353,87.149414,35.090088,true,11.969,shift_1,A
2026-01-27T09:30,17.269821,69.079285,21.549089,true,11.804,shift_1,A
2026-01-27T09:45,19.786355,79.145419,28.83251,true,12.177,shift_1,A
2026-01-27T10:00,18.934182,75.736728,27.529637,true,12.949,shift_1,A
2026-01-27T10:15,21.59827,86.39308,33.194874,true,11.838,shift_1,A
2026-01-27T10:30,18.281893,73.127571,24.679474,true,12.463,shift_1,A
2026-01-27T10:45,19.397936,77.591742,28.259722,true,12.627,shift_1,A
2026-01-27T11:00,19.72705,78.908199,29.468416,true,12.676,shift_1,A
2026-01-27T11:15,15.938577,63.754306,18.579595,true,12.402,shift_1,A
2026-01-27T11:30,21.171944,84.687777,34.543684,true,12.63,shift_1,A
2026-01-27T11:45,19.601714,78.406855,29.370722,true,12.902,shift_1,A
2026-01-27T12:00,19.335487,77.341947,27.415953,true,13.198,shift_1,A
2026-01-27T12:15,12.295121,49.180486,9.710362,true,12.984,shift_1,A
2026-01-27T12:30,16.319774,65.279096,21.548108,true,13.297,shift_1,A
2026-01-27T12:45,19.527012,78.108046,26.826597,true,13.664,shift_1,A
2026-01-27T13:00,20.308859,81.235435,30.456816,true,13.156,shift_1,A
2026-01-27T13:15,19.222666,76.890664,26.76662,true,13.471,shift_1,A
2026-01-27T13:30,20.880542,83.522169,31.930368,true,13.618,shift_1,A
2026-01-27T13:45,16.007101,64.028402,18.266615,true,13.426,shift_1,A
2026-01-27T14:00,17.983892,71.935567,24.365188,true,13.93,shift_2,A
2026-01-27T14:15,19.489246,77.956984,28.856795,true,14.314,shift_2,A
2026-01-27T14:30,13.323985,53.295939,12.571292,true,13.978,shift_2,A
2026-01-27T14:45,20.022318,80.08927,30.46183,true,14.562,shift_2,A
2026-01-27T15:00,18.133337,72.533346,23.084031,true,15.365,shift_2,A
2026-01-27T15:15,17.62143,70.485719,22.838654,true,14.523,shift_2,A
2026-01-27T15:30,19.367647,77.47059,29.423729,true,15.757,shift_2,A
2026-01-27T15:45,17.748489,70.993955,25.547713,true,15.856,shift_2,A
2026-01-27T16:00,17.580325,70.3213,24.258091,true,15.177,shift_2,A
2026-01-27T16:15,20.228203,80.912813,29.090195,true,16.248,shift_2,A
2026-01-27T16:30,15.828551,63.314205,18.445638,true,15.288,shift_2,A
2026-01-27T16:45,20.959367,83.837466,31.471758,true,15.872,shift_2,A
2026-01-27T17:00,20.727883,82.911531,31.47668,true,16.052,shift_2,A
2026-01-27T17:15,23.594313,94.377252,37.621775,true,16.189,shift_2,A
2026-01-27T17:30,16.797497,67.189986,20.011823,true,15.664,shift_2,A
2026-01-27T17:45,18.91519,75.66076,27.381799,true,16.067,shift_2,A
2026-01-27T18:00,18.102923,72.411692,26.010483,true,16.535,shift_2,A
2026-01-27T18:15,14.309514,57.238056,16.080498,true,15.556,shift_2,A
2026-01-27T18:30,17.49346,69.97384,23.233196,true,17.129,shift_2,A
2026-01-27T18:45,21.567994,86.271975,34.29884,true,17.135,shift_2,A
2026-01-27T19:00,17.64201,70.56804,25.593238,true,16.977,shift_2,A
2026-01-27T19:15,18.885342,75.541366,27.706233,true,17.137,shift_2,A
2026-01-27T19:30,19.596484,78.385936,28.464209,true,16.788,shift_2,A
2026-01-27T19:45,18.516024,74.064098,25.532395,true,16.217,shift_2,A
2026-01-27T20:00,17.723409,70.893636,24.920512,true,17.083,shift_2,A
2026-01-27T20:15,20.57616,82.304642,31.779046,true,16.913,shift_2,A
2026-01-27T20:30,20.720918,82.883674,30.445367,true,16.938,shift_2,A
2026-01-27T20:45,19.239294,76.957174,26.261187,true,17.331,shift_2,A
2026-01-27T21:00,16.525964,66.103856,20.392134,true,17.297,shift_2,A
2026-01-27T21:15,16.44688,65.787522,20.847904,true,16.691,shift_2,A
2026-01-27T21:30,19.546255,78.185019,27.630186,true,15.512,shift_2,A
2026-01-27T21:45,20.155582,80.62233,30.703378,true,17.024,shift_2,A
2026-01-27T22:00,10.617442,42.469769,0.0,false,16.292,off,A
2026-01-27T22:15,9.704985,38.819938,0.0,false,16.825,off,A
2026-01-27T22:30,9.908458,39.633831,0.0,false,15.01,off,A
2026-01-27T22:45,10.025058,40.100233,0.0,false,15.552,off,A
2026-01-27T23:00,9.421148,37.684593,0.0,false,16.46,off,A
2026-01-27T23:15,9.513693,38.054771,0.0,false,15.992,off,A
2026-01-27T23:30,10.020637,40.08255,0.0,false,16.97,off,A
2026-01-27T23:45,9.582383,38.32953,0.0,false,15.833,off,A
2026-01-28T00:00,9.616461,38.465844,0.0,false,14.493,off,A
2026-01-28T00:15,10.469049,41.876197,0.0,false,14.937,off,A
2026-01-28T00:30,10.3308,41.323198,0.0,false,14.693,off,A
2026-01-28T00:45,9.955382,39.821529,0.0,false,15.324,off,A
2026-01-28T01:00,9.780136,39.120542,0.0,false,13.714,off,A
2026-01-28T01:15,10.214922,40.859687,0.0,false,15.283,off,A
2026-01-28T01:30,9.425238,37.700952,0.0,false,14.711,off,A
2026-01-28T01:45,10.101482,40.405927,0.0,false,14.536,off,A
2026-01-28T02:00,10.173254,40.693016,0.0,false,14.067,off,A
2026-01-28T02:15,9.196896,36.787586,0.0,false,13.791,off,A
2026-01-28T02:30,9.723876,38.895505,0.0,false,13.662,off,A
2026-01-28T02:45,10.287799,41.151195,0.0,false,14.431,off,A
2026-01-28T03:00,9.781292,39.125169,0.0,false,13.637,off,A
2026-01-28T03:15,10.597654,42.390616,0.0,false,13.785,off,A
2026-01-28T03:30,9.744351,38.977406,0.0,false,12.869,off,A
2026-01-28T03:45,10.192336,40.769343,0.0,false,13.779,off,A
2026-01-28T04:00,10.462106,41.848425,0.0,false,12.84,off,A
2026-01-28T04:15,9.622875,38.491501,0.0,false,13.197,off,A
2026-01-28T04:30,9.997123,39.988493,0.0,false,12.925,off,A
2026-01-28T04:45,10.242959,40.971834,0.0,false,13.488,off,A
2026-01-28T05:00,10.05332,40.213281,0.0,false,12.784,off,A
2026-01-28T05:15,9.444342,37.777369,0.0,false,12.691,off,A
2026-01-28T05:30,10.155738,40.622951,0.0,false,11.599,off,A
2026-01-28T05:45,9.838607,39.354429,0.0,false,12.431,off,A
2026-01-28T06:00,15.876543,63.50617,18.481075,true,11.146,shift_1,A
2026-01-28T06:15,16.170255,64.681019,20.753162,true,12.131,shift_1,A
2026-01-28T06:30,17.474347,69.897389,23.324088,true,12.133,shift_1,A
2026-01-28T06:45,18.309037,73.236147,25.02182,true,11.69,shift_1,A
2026-01-28T07:00,20.991014,83.964056,32.842646,true,11.582,shift_1,A
2026-01-28T07:15,14.721461,58.885843,17.086578,true,11.941,shift_1,A
2026-01-28T07:30,19.759818,79.039272,28.835996,true,12.291,shift_1,A
2026-01-28T07:45,18.705747,74.822989,27.362383,true,11.479,shift_1,A
2026-01-28T08:00,13.327435,53.30974,12.855319,true,12.345,shift_1,A
2026-01-28T08:15,21.161866,84.647464,32.880147,true,11.416,shift_1,A
2026-01-28T08:30,21.866283,87.465132,34.024201,true,12.45,shift_1,A
2026-01-28T08:45,17.362543,69.450171,23.386344,true,11.039,shift_1,A
2026-01-28T09:00,19.348638,77.394554,29.368975,true,12.095,shift_1,A
2026-01-28T09:15,17.13762,68.550481,22.655938,true,12.335,shift_1,A
2026-01-28T09:30,19.695738,78.78295,27.272763,true,12.129,shift_1,A
2026-01-28T09:45,16.359592,65.438369,21.444857,true,12.637,shift_1,A
2026-01-28T10:00,19.85183,79.407322,28.646413,true,12.72,shift_1,A
2026-01-28T10:15,22.058368,88.233472,34.192795,true,12.244,shift_1,A
2026-01-28T10:30,18.25148,73.005919,24.538085,true,12.72,shift_1,A
2026-01-28T10:45,18.524519,74.098075,26.525662,true,11.625,shift_1,A
2026-01-28T11:00,16.526863,66.10745,22.78685,true,12.154,shift_1,A
2026-01-28T11:15,18.539618,74.158472,26.091656,true,13.281,shift_1,A
2026-01-28T11:30,21.481962,85.927849,32.121888,true,13.038,shift_1,A
2026-01-28T11:45,18.734317,74.937268,27.345683,true,12.705,shift_1,A
2026-01-28T12:00,18.97942,75.917681,26.105238,true,13.426,shift_1,A
2026-01-28T12:15,20.146762,80.58705,29.5027,true,13.618,shift_1,A
2026-01-28T12:30,15.990475,63.9619,18.990569,true,13.397,shift_1,A
2026-01-28T12:45,17.015575,68.062301,22.674902,true,14.348,shift_1,A
2026-01-28T13:00,20.832618,83.330471,32.900744,true,13.972,shift_1,A
2026-01-28T13:15,16.753487,67.013949,21.1964,true,12.614,shift_1,A
2026-01-28T13:30,17.124958,68.499831,22.776844,true,13.912,shift_1,A
2026-01-28T13:45,16.325815,65.303261,19.824058,true,13.823,shift_1,A
2026-01-28T14:00,15.330185,61.32074,15.993348,true,14.596,shift_2,A
2026-01-28T14:15,18.744654,74.978616,26.729811,true,14.694,shift_2,A
2026-01-28T14:30,16.286728,65.14691,18.460303,true,14.763,shift_2,A
2026-01-28T14:45,16.913244,67.652977,23.072875,true,15.505,shift_2,A
2026-01-28T15:00,18.993183,75.972731,27.485685,true,14.804,shift_2,A
2026-01-28T15:15,18.089361,72.357443,25.648747,true,14.715,shift_2,A
2026-01-28T15:30,20.364015,81.45606,29.931608,true,15.934,shift_2,A
2026-01-28T15:45,19.262261,77.049044,26.628415,true,15.062,shift_2,A
2026-01-28T16:00,19.536071,78.144285,27.028598,true,14.513,shift_2,A
2026-01-28T16:15,17.001026,68.004103,21.652999,true,16.604,shift_2,A
2026-01-28T16:30,20.483893,81.93557,32.825175,true,16.354,shift_2,A
2026-01-28T16:45,19.521059,78.084236,27.927052,true,14.953,shift_2,A
2026-01-28T17:00,19.02091,76.083641,25.831482,true,16.015,shift_2,A
2026-01-28T17:15,18.160878,72.643511,24.768513,true,16.928,shift_2,A
2026-01-28T17:30,22.120469,88.481876,36.599136,true,15.715,shift_2,A
2026-01-28T17:45,17.222112,68.888449,23.590976,true,15.853,shift_2,A
2026-01-28T18:00,23.983459,95.933836,39.688221,true,17.114,shift_2,A
2026-01-28T18:15,20.401094,81.604375,31.648779,true,16.384,shift_2,A
2026-01-28T18:30,19.417244,77.668977,27.73941,true,17.288,shift_2,A
2026-01-28T18:45,18.201247,72.804987,26.707345,true,16.331,shift_2,A
2026-01-28T19:00,20.129176,80.516703,31.922044,true,16.734,shift_2,A
2026-01-28T19:15,17.976375,71.9055,24.774815,true,16.257,shift_2,A
2026-01-28T19:30,18.909608,75.638433,26.570618,true,16.743,shift_2,A
2026-01-28T19:45,15.599,62.395998,17.996178,true,16.787,shift_2,A
2026-01-28T20:00,18.365617,73.462469,27.290331,true,17.411,shift_2,A
2026-01-28T20:15,18.943043,75.77217,27.970949,true,16.921,shift_2,A
2026-01-28T20:30,21.386608,85.546432,31.586202,true,16.826,shift_2,A
2026-01-28T20:45,19.04435,76.1774,27.381666,true,16.825,shift_2,A
2026-01-28T21:00,21.073495,84.293981,31.454223,true,16.52,shift_2,A
2026-01-28T21:15,17.471559,69.886235,21.63782,true,16.986,shift_2,A
2026-01-28T21:30,15.763164,63.052655,17.619943,true,17.14,shift_2,A
2026-01-28T21:45,17.517211,70.068843,25.352355,true,16.636,shift_2,A
2026-01-28T22:00,10.395808,41.58323,0.0,false,15.743,off,A
2026-01-28T22:15,10.32498,41.299918,0.0,false,16.005,off,A
2026-01-28T22:30,9.409902,37.639608,0.0,false,15.63,off,A
2026-01-28T22:45,10.363759,41.455038,0.0,false,17.145,off,A
2026-01-28T23:00,10.089484,40.357936,0.0,false,16.013,off,A
2026-01-28T23:15,10.142401,40.569603,0.0,false,15.604,off,A
2026-01-28T23:30,9.833811,39.335243,0.0,false,16.421,off,A
2026-01-28T23:45,9.323113,37.292454,0.0,false,15.941,off,A
2026-01-29T00:00,10.401833,41.607333,0.0,false,16.564,off,B
2026-01-29T00:15,9.866229,39.464915,0.0,false,15.504,off,B
2026-01-29T00:30,9.798093,39.192371,0.0,false,16.075,off,B
2026-01-29T00:45,9.874446,39.497786,0.0,false,15.401,off,B
2026-01-29T01:00,10.415534,41.662135,0.0,false,14.598,off,B
2026-01-29T01:15,10.185677,40.742708,0.0,false,14.694,off,B
2026-01-29T01:30,9.946212,39.784849,0.0,false,14.565,off,B
2026-01-29T01:45,9.738055,38.95222,0.0,false,14.491,off,B
2026-01-29T02:00,9.965286,39.861143,0.0,false,14.779,off,B
2026-01-29T02:15,10.298729,41.194917,0.0,false,14.681,off,B
2026-01-29T02:30,9.803391,39.213565,0.0,false,14.698,off,B
2026-01-29T02:45,9.93024,39.720959,0.0,false,14.257,off,B
2026-01-29T03:00,9.714227,38.85691,0.0,false,13.755,off,B
2026-01-29T03:15,10.252062,41.008249,0.0,false,13.372,off,B
2026-01-29T03:30,9.70821,38.832841,0.0,false,13.285,off,B
2026-01-29T03:45,10.142727,40.570908,0.0,false,13.731,off,B
2026-01-29T04:00,10.042286,40.169142,0.0,false,12.554,off,B
2026-01-29T04:15,10.438482,41.753926,0.0,false,13.588,off,B
2026-01-29T04:30,9.555713,38.222851,0.0,false,12.622,off,B
2026-01-29T04:45,10.537631,42.150525,0.0,false,12.582,off,B
2026-01-29T05:00,9.082522,36.33009,0.0,false,13.017,off,B
2026-01-29T05:15,9.112867,36.451468,0.0,false,12.963,off,B
2026-01-29T05:30,10.338144,41.352577,0.0,false,13.396,off,B
2026-01-29T05:45,10.04278,40.171119,0.0,false,12.137,off,B
2026-01-29T06:00,17.9638,71.855201,21.452922,true,12.578,shift_1,B
2026-01-29T06:15,18.930321,75.721284,22.705927,true,12.106,shift_1,B
2026-01-29T06:30,18.458363,73.833453,24.313516,true,11.084,shift_1,B
2026-01-29T06:45,18.484237,73.93695,20.730002,true,11.954,shift_1,B
2026-01-29T07:00,18.56529,74.26116,23.8443,true,11.741,shift_1,B
2026-01-29T07:15,17.880026,71.520103,22.293691,true,12.406,shift_1,B
2026-01-29T07:30,21.197103,84.788413,29.108708,true,12.869,shift_1,B
2026-01-29T07:45,17.87559,71.502359,22.4292,true,13.124,shift_1,B
2026-01-29T08:00,22.099288,88.397154,32.015763,true,11.516,shift_1,B
2026-01-29T08:15,17.833529,71.334116,23.258712,true,12.513,shift_1,B
2026-01-29T08:30,21.187136,84.748542,28.231701,true,11.533,shift_1,B
2026-01-29T08:45,21.310793,85.243173,28.987652,true,12.612,shift_1,B
2026-01-29T09:00,20.964544,83.858176,28.784112,true,10.676,shift_1,B
2026-01-29T09:15,19.404872,77.619488,24.399957,true,11.891,shift_1,B
2026-01-29T09:30,24.746639,98.986556,37.744607,true,12.673,shift_1,B
2026-01-29T09:45,24.575996,98.303986,37.466273,true,11.773,shift_1,B
2026-01-29T10:00,17.812821,71.251282,21.143986,true,11.987,shift_1,B
2026-01-29T10:15,22.540825,90.163301,32.257987,true,12.637,shift_1,B
2026-01-29T10:30,21.980535,87.92214,30.693135,true,12.701,shift_1,B
2026-01-29T10:45,22.411983,89.647934,31.991821,true,13.122,shift_1,B
2026-01-29T11:00,21.886644,87.546577,31.485553,true,12.376,shift_1,B
2026-01-29T11:15,19.549148,78.196591,23.574514,true,12.691,shift_1,B
2026-01-29T11:30,21.795502,87.18201,30.115577,true,12.405,shift_1,B
2026-01-29T11:45,19.868389,79.473557,26.207706,true,13.462,shift_1,B
2026-01-29T12:00,13.561565,54.246259,12.409848,true,13.064,shift_1,B
2026-01-29T12:15,17.858361,71.433443,21.512959,true,13.989,shift_1,B
2026-01-29T12:30,17.105208,68.420831,20.363145,true,14.775,shift_1,B
2026-01-29T12:45,14.576222,58.304887,14.852089,true,13.483,shift_1,B
2026-01-29T13:00,20.186218,80.744873,27.248685,true,13.051,shift_1,B
2026-01-29T13:15,21.137767,84.55107,28.321226,true,12.859,shift_1,B
2026-01-29T13:30,21.196095,84.784381,28.8119,true,13.906,shift_1,B
2026-01-29T13:45,19.544758,78.179032,25.366196,true,13.792,shift_1,B
2026-01-29T14:00,16.788484,67.153936,18.78687,true,13.995,shift_2,B
2026-01-29T14:15,18.866176,75.464705,23.773547,true,15.73,shift_2,B
2026-01-29T14:30,18.271664,73.086656,22.780572,true,14.212,shift_2,B
2026-01-29T14:45,17.559347,70.23739,20.991472,true,14.712,shift_2,B
2026-01-29T15:00,22.613486,90.453945,30.736488,true,14.778,shift_2,B
2026-01-29T15:15,18.632339,74.529357,23.026368,true,14.836,shift_2,B
2026-01-29T15:30,17.521366,70.085466,21.386593,true,15.661,shift_2,B
2026-01-29T15:45,16.91264,67.650558,17.402584,true,15.812,shift_2,B
2026-01-29T16:00,19.027239,76.108957,24.479476,true,15.814,shift_2,B
2026-01-29T16:15,23.784866,95.139466,35.418328,true,15.265,shift_2,B
2026-01-29T16:30,24.301598,97.206391,35.581087,true,15.717,shift_2,B
2026-01-29T16:45,21.055312,84.221248,29.336822,true,15.964,shift_2,B
2026-01-29T17:00,20.022255,80.089019,26.365972,true,15.999,shift_2,B
2026-01-29T17:15,23.900381,95.601526,37.617137,true,16.84,shift_2,B
2026-01-29T17:30,22.797894,91.191577,33.043429,true,17.557,shift_2,B
2026-01-29T17:45,17.06535,68.2614,18.699609,true,16.276,shift_2,B
2026-01-29T18:00,21.888342,87.55337,31.339268,true,16.031,shift_2,B
2026-01-29T18:15,21.726679,86.906717,30.132117,true,15.842,shift_2,B
2026-01-29T18:30,23.156728,92.626912,32.218642,true,16.255,shift_2,B
2026-01-29T18:45,21.132355,84.529418,29.886418,true,17.025,shift_2,B
2026-01-29T19:00,19.530537,78.122148,25.440315,true,16.308,shift_2,B
2026-01-29T19:15,20.811381,83.245525,26.16112,true,16.871,shift_2,B
2026-01-29T19:30,17.497769,69.991076,21.914453,true,17.177,shift_2,B
2026-01-29T19:45,17.968852,71.875409,21.358065,true,16.038,shift_2,B
2026-01-29T20:00,18.482547,73.930188,22.535716,true,16.77,shift_2,B
2026-01-29T20:15,20.36735,81.469399,27.451195,true,17.182,shift_2,B
2026-01-29T20:30,15.811155,63.244622,18.610969,true,16.873,shift_2,B
2026-01-29T20:45,17.212116,68.848462,20.901025,true,16.462,shift_2,B
2026-01-29T21:00,17.561923,70.247693,22.158992,true,16.741,shift_2,B
2026-01-29T21:15,19.526596,78.106382,25.950551,true,16.729,shift_2,B
2026-01-29T21:30,19.751833,79.00733,25.655616,true,17.132,shift_2,B
2026-01-29T21:45,20.029817,80.119268,26.027333,true,16.468,shift_2,B
2026-01-29T22:00,10.427317,41.709269,0.0,false,15.613,off,B
2026-01-29T22:15,10.260247,41.040989,0.0,false,16.236,off,B
2026-01-29T22:30,9.826345,39.305379,0.0,false,15.243,off,B
2026-01-29T22:45,9.940639,39.762555,0.0,false,15.443,off,B
2026-01-29T23:00,10.162789,40.651158,0.0,false,16.271,off,B
2026-01-29T23:15,9.498987,37.995949,0.0,false,16.072,off,B
2026-01-29T23:30,9.46189,37.84756,0.0,false,16.586,off,B
2026-01-29T23:45,9.689308,38.757231,0.0,false,15.634,off,B
2026-01-30T00:00,9.438762,37.755046,0.0,false,15.465,off,A
2026-01-30T00:15,10.298446,41.193785,0.0,false,16.164,off,A
2026-01-30T00:30,9.942266,39.769064,0.0,false,15.508,off,A
2026-01-30T00:45,9.955968,39.823874,0.0,false,14.839,off,A
2026-01-30T01:00,10.034566,40.138264,0.0,false,14.709,off,A
2026-01-30T01:15,9.901143,39.604573,0.0,false,15.2,off,A
2026-01-30T01:30,10.233437,40.933747,0.0,false,15.042,off,A
2026-01-30T01:45,10.789902,43.159606,0.0,false,15.082,off,A
2026-01-30T02:00,9.506466,38.025863,0.0,false,13.802,off,A
2026-01-30T02:15,9.920883,39.683532,0.0,false,13.744,off,A
2026-01-30T02:30,9.787828,39.151314,0.0,false,13.392,off,A
2026-01-30T02:45,10.291702,41.166806,0.0,false,14.447,off,A
2026-01-30T03:00,10.341457,41.365826,0.0,false,14.689,off,A
2026-01-30T03:15,9.788412,39.153648,0.0,false,14.219,off,A
2026-01-30T03:30,10.351548,41.40619,0.0,false,13.38,off,A
2026-01-30T03:45,9.233459,36.933836,0.0,false,13.839,off,A
2026-01-30T04:00,9.608858,38.435434,0.0,false,12.571,off,A
2026-01-30T04:15,10.526949,42.107796,0.0,false,12.697,off,A
2026-01-30T04:30,10.131973,40.52789,0.0,false,13.897,off,A
2026-01-30T04:45,10.776778,43.107114,0.0,false,13.038,off,A
2026-01-30T05:00,10.223617,40.894469,0.0,false,12.972,off,A
2026-01-30T05:15,10.149728,40.598914,0.0,false,12.823,off,A
2026-01-30T05:30,10.290539,41.162157,0.0,false,13.207,off,A
2026-01-30T05:45,9.842744,39.370976,0.0,false,12.48,off,A
2026-01-30T06:00,14.731843,58.927373,15.606587,true,12.481,shift_1,A
2026-01-30T06:15,17.943321,71.773282,25.563913,true,12.337,shift_1,A
2026-01-30T06:30,18.18227,72.729081,24.993738,true,12.44,shift_1,A
2026-01-30T06:45,15.714842,62.859367,20.122294,true,12.334,shift_1,A
2026-01-30T07:00,13.977192,55.908768,13.520464,true,12.328,shift_1,A
2026-01-30T07:15,19.18714,76.748561,26.698488,true,13.098,shift_1,A
2026-01-30T07:30,21.200494,84.801977,30.424997,true,12.851,shift_1,A
2026-01-30T07:45,17.94998,71.79992,23.888127,true,11.586,shift_1,A
2026-01-30T08:00,18.589226,74.356905,25.967813,true,11.208,shift_1,A
2026-01-30T08:15,21.106503,84.426011,31.741931,true,12.67,shift_1,A
2026-01-30T08:30,19.11924,76.476961,27.102879,true,12.386,shift_1,A
2026-01-30T08:45,20.69537,82.781478,32.214167,true,12.444,shift_1,A
2026-01-30T09:00,19.105203,76.420813,27.094154,true,12.326,shift_1,A
2026-01-30T09:15,18.390769,73.563077,26.476293,true,12.726,shift_1,A
2026-01-30T09:30,18.452927,73.811707,25.055796,true,11.751,shift_1,A
2026-01-30T09:45,18.515914,74.063657,25.049821,true,12.191,shift_1,A
2026-01-30T10:00,21.615563,86.462253,31.58286,true,12.431,shift_1,A
2026-01-30T10:15,20.169225,80.676899,29.764293,true,13.378,shift_1,A
2026-01-30T10:30,21.652313,86.609253,34.311158,true,13.089,shift_1,A
2026-01-30T10:45,21.007154,84.028617,32.044179,true,12.024,shift_1,A
2026-01-30T11:00,19.917419,79.669676,30.185263,true,13.053,shift_1,A
2026-01-30T11:15,21.033841,84.135364,32.512161,true,12.612,shift_1,A
2026-01-30T11:30,18.508964,74.035857,25.419111,true,12.603,shift_1,A
2026-01-30T11:45,22.423376,89.693504,35.09274,true,12.872,shift_1,A
2026-01-30T12:00,19.647297,78.589186,27.147681,true,12.521,shift_1,A
2026-01-30T12:15,17.515508,70.06203,23.240301,true,15.058,shift_1,A
2026-01-30T12:30,19.535829,78.143318,27.985275,true,12.881,shift_1,A
2026-01-30T12:45,16.339021,65.356085,19.423272,true,13.854,shift_1,A
2026-01-30T13:00,20.782468,83.129871,31.322757,true,14.783,shift_1,A
2026-01-30T13:15,19.588905,78.355621,28.762161,true,14.003,shift_1,A
2026-01-30T13:30,15.049319,60.197276,15.48911,true,12.925,shift_1,A
2026-01-30T13:45,17.222239,68.888955,23.332983,true,15.017,shift_1,A
2026-01-30T14:00,15.175656,60.702622,17.489621,true,14.366,shift_2,A
2026-01-30T14:15,16.254637,65.018548,20.831989,true,15.553,shift_2,A
2026-01-30T14:30,17.848958,71.39583,25.106888,true,14.17,shift_2,A
2026-01-30T14:45,17.979452,71.91781,22.727558,true,15.329,shift_2,A
2026-01-30T15:00,18.366568,73.466271,26.91431,true,15.458,shift_2,A
2026-01-30T15:15,18.852931,75.411724,26.363315,true,15.331,shift_2,A
2026-01-30T15:30,18.036937,72.147748,25.816833,true,15.65,shift_2,A
2026-01-30T15:45,16.660749,66.642994,20.013354,true,14.418,shift_2,A
2026-01-30T16:00,20.919589,83.678357,31.711849,true,16.166,shift_2,A
2026-01-30T16:15,18.082427,72.329708,26.492179,true,16.018,shift_2,A
2026-01-30T16:30,17.385095,69.540379,23.558018,true,16.127,shift_2,A
2026-01-30T16:45,19.258657,77.034628,26.819604,true,15.67,shift_2,A
2026-01-30T17:00,17.360908,69.443631,22.616798,true,16.683,shift_2,A
2026-01-30T17:15,15.724518,62.898071,17.673456,true,16.358,shift_2,A
2026-01-30T17:30,20.127636,80.510543,30.823453,true,16.176,shift_2,A
2026-01-30T17:45,21.888874,87.555494,34.282022,true,16.983,shift_2,A
2026-01-30T18:00,17.988015,71.95206,24.812445,true,16.952,shift_2,A
2026-01-30T18:15,21.879671,87.518682,33.303564,true,16.199,shift_2,A
2026-01-30T18:30,19.126388,76.505552,28.111173,true,16.586,shift_2,A
2026-01-30T18:45,17.76898,71.075921,25.15577,true,16.229,shift_2,A
2026-01-30T19:00,19.320092,77.280367,28.950621,true,15.96,shift_2,A
2026-01-30T19:15,13.908684,55.634735,13.866343,true,16.947,shift_2,A
2026-01-30T19:30,18.020044,72.080175,23.669266,true,16.648,shift_2,A
2026-01-30T19:45,19.333189,77.332755,27.901431,true,16.949,shift_2,A
2026-01-30T20:00,17.036705,68.146819,22.042231,true,17.256,shift_2,A
2026-01-30T20:15,19.560679,78.242718,29.138736,true,16.894,shift_2,A
2026-01-30T20:30,19.057874,76.231495,27.845928,true,17.371,shift_2,A
2026-01-30T20:45,17.097719,68.390877,22.848339,true,17.331,shift_2,A
2026-01-30T21:00,16.047712,64.190848,19.156659,true,16.53,shift_2,A
2026-01-30T21:15,17.651726,70.606904,22.735684,true,16.785,shift_2,A
2026-01-30T21:30,17.268875,69.075501,24.627134,true,17.266,shift_2,A
2026-01-30T21:45,13.632295,54.52918,14.166007,true,17.001,shift_2,A
2026-01-30T22:00,10.613881,42.455525,0.0,false,16.6,off,A
2026-01-30T22:15,9.387467,37.549867,0.0,false,15.354,off,A
2026-01-30T22:30,10.276484,41.105936,0.0,false,16.141,off,A
2026-01-30T22:45,9.679976,38.719903,0.0,false,15.579,off,A
2026-01-30T23:00,10.35273,41.41092,0.0,false,16.89,off,A
2026-01-30T23:15,10.405528,41.622113,0.0,false,15.86,off,A
2026-01-30T23:30,9.637259,38.549036,0.0,false,16.08,off,A
2026-01-30T23:45,9.748937,38.99575,0.0,false,15.548,off,A
2026-01-31T00:00,10.183537,40.734148,0.0,false,15.329,off,A
2026-01-31T00:15,9.423905,37.69562,0.0,false,16.229,off,A
2026-01-31T00:30,9.5822,38.3288,0.0,false,15.909,off,A
2026-01-31T00:45,10.121411,40.485643,0.0,false,15.386,off,A
2026-01-31T01:00,9.990386,39.961545,0.0,false,15.773,off,A
2026-01-31T01:15,10.651718,42.606872,0.0,false,15.231,off,A
2026-01-31T01:30,10.421266,41.685062,0.0,false,15.753,off,A
2026-01-31T01:45,10.203276,40.813103,0.0,false,15.157,off,A
2026-01-31T02:00,10.29492,41.179679,0.0,false,15.438,off,A
2026-01-31T02:15,10.042477,40.169908,0.0,false,14.116,off,A
2026-01-31T02:30,9.442911,37.771644,0.0,false,14.498,off,A
2026-01-31T02:45,10.684295,42.73718,0.0,false,13.842,off,A
2026-01-31T03:00,10.203947,40.815788,0.0,false,13.403,off,A
2026-01-31T03:15,10.386023,41.544092,0.0,false,13.972,off,A
2026-01-31T03:30,9.689272,38.757087,0.0,false,13.273,off,A
2026-01-31T03:45,9.748434,38.993737,0.0,false,13.54,off,A
2026-01-31T04:00,10.072723,40.29089,0.0,false,14.143,off,A
2026-01-31T04:15,9.601541,38.406165,0.0,false,13.656,off,A
2026-01-31T04:30,10.995844,43.983375,0.0,false,13.392,off,A
2026-01-31T04:45,9.551615,38.206458,0.0,false,12.943,off,A
2026-01-31T05:00,9.810211,39.240844,0.0,false,13.42,off,A
2026-01-31T05:15,9.548942,38.19577,0.0,false,12.095,off,A
2026-01-31T05:30,10.209084,40.836336,0.0,false,12.044,off,A
2026-01-31T05:45,9.65243,38.60972,0.0,false,12.115,off,A
2026-01-31T06:00,5.670341,22.681362,0.0,false,12.268,shift_1,A
2026-01-31T06:15,5.993146,23.972582,0.0,false,12.822,shift_1,A
2026-01-31T06:30,5.906527,23.626107,0.0,false,12.143,shift_1,A
2026-01-31T06:45,6.184277,24.737109,0.0,false,11.858,shift_1,A
2026-01-31T07:00,5.606289,22.425154,0.0,false,12.514,shift_1,A
2026-01-31T07:15,5.889639,23.558557,0.0,false,11.373,shift_1,A
2026-01-31T07:30,5.255457,21.021826,0.0,false,11.906,shift_1,A
2026-01-31T07:45,5.25753,21.030121,0.0,false,11.714,shift_1,A
2026-01-31T08:00,5.670907,22.683628,0.0,false,12.365,shift_1,A
2026-01-31T08:15,6.24928,24.997119,0.0,false,12.15,shift_1,A
2026-01-31T08:30,5.614422,22.457689,0.0,false,11.516,shift_1,A
2026-01-31T08:45,5.725451,22.901804,0.0,false,11.502,shift_1,A
2026-01-31T09:00,5.554305,22.217222,0.0,false,12.49,shift_1,A
2026-01-31T09:15,5.733832,22.935328,0.0,false,12.504,shift_1,A
2026-01-31T09:30,4.946381,19.785526,0.0,false,12.551,shift_1,A
2026-01-31T09:45,6.19951,24.798041,0.0,false,12.815,shift_1,A
2026-01-31T10:00,5.395924,21.583696,0.0,false,13.015,shift_1,A
2026-01-31T10:15,5.598888,22.39555,0.0,false,13.523,shift_1,A
2026-01-31T10:30,5.773096,23.092383,0.0,false,13.221,shift_1,A
2026-01-31T10:45,4.863125,19.452499,0.0,false,13.46,shift_1,A
2026-01-31T11:00,5.709709,22.838835,0.0,false,12.454,shift_1,A
2026-01-31T11:15,5.354584,21.418338,0.0,false,12.851,shift_1,A
2026-01-31T11:30,5.275553,21.102212,0.0,false,13.849,shift_1,A
2026-01-31T11:45,5.65061,22.60244,0.0,false,13.384,shift_1,A
2026-01-31T12:00,4.57454,18.29816,0.0,false,13.255,shift_1,A
2026-01-31T12:15,5.396616,21.586464,0.0,false,12.582,shift_1,A
2026-01-31T12:30,5.211936,20.847743,0.0,false,14.762,shift_1,A
2026-01-31T12:45,6.331147,25.324589,0.0,false,13.803,shift_1,A
2026-01-31T13:00,5.70372,22.814881,0.0,false,13.991,shift_1,A
2026-01-31T13:15,5.16493,20.659721,0.0,false,14.287,shift_1,A
2026-01-31T13:30,5.299016,21.196062,0.0,false,13.863,shift_1,A
2026-01-31T13:45,5.206563,20.826253,0.0,false,14.451,shift_1,A
2026-01-31T14:00,5.604027,22.416108,0.0,false,14.372,shift_2,A
2026-01-31T14:15,6.443958,25.775833,0.0,false,15.382,shift_2,A
2026-01-31T14:30,5.613744,22.454975,0.0,false,14.589,shift_2,A
2026-01-31T14:45,5.252426,21.009704,0.0,false,14.615,shift_2,A
2026-01-31T15:00,6.190656,24.762625,0.0,false,14.406,shift_2,A
2026-01-31T15:15,5.883885,23.535539,0.0,false,15.209,shift_2,A
2026-01-31T15:30,4.562027,18.248106,0.0,false,15.048,shift_2,A
2026-01-31T15:45,4.853748,19.414993,0.0,false,16.578,shift_2,A
2026-01-31T16:00,5.981096,23.924383,0.0,false,15.352,shift_2,A
2026-01-31T16:15,5.425604,21.702414,0.0,false,16.052,shift_2,A
2026-01-31T16:30,5.386986,21.547945,0.0,false,16.808,shift_2,A
2026-01-31T16:45,5.00535,20.021399,0.0,false,16.667,shift_2,A
2026-01-31T17:00,5.277465,21.10986,0.0,false,17.1,shift_2,A
2026-01-31T17:15,5.212643,20.850574,0.0,false,16.588,shift_2,A
2026-01-31T17:30,5.388076,21.552302,0.0,false,16.195,shift_2,A
2026-01-31T17:45,5.402049,21.608195,0.0,false,17.156,shift_2,A
2026-01-31T18:00,5.311319,21.245278,0.0,false,16.881,shift_2,A
2026-01-31T18:15,4.913998,19.65599,0.0,false,17.523,shift_2,A
2026-01-31T18:30,6.065731,24.262924,0.0,false,16.09,shift_2,A
2026-01-31T18:45,6.188375,24.7535,0.0,false,15.905,shift_2,A
2026-01-31T19:00,5.67387,22.695481,0.0,false,17.026,shift_2,A
2026-01-31T19:15,5.236947,20.947787,0.0,false,17.232,shift_2,A
2026-01-31T19:30,6.314949,25.259795,0.0,false,17.356,shift_2,A
2026-01-31T19:45,5.21507,20.86028,0.0,false,17.723,shift_2,A
2026-01-31T20:00,5.03114,20.12456,0.0,false,17.739,shift_2,A
2026-01-31T20:15,5.558327,22.233308,0.0,false,17.004,shift_2,A
2026-01-31T20:30,4.945939,19.783754,0.0,false,17.719,shift_2,A
2026-01-31T20:45,5.335112,21.340448,0.0,false,17.596,shift_2,A
2026-01-31T21:00,5.899019,23.596077,0.0,false,16.214,shift_2,A
2026-01-31T21:15,4.698613,18.794453,0.0,false,16.778,shift_2,A
2026-01-31T21:30,4.825396,19.301585,0.0,false,17.327,shift_2,A
2026-01-31T21:45,5.049407,20.197628,0.0,false,16.672,shift_2,A
2026-01-31T22:00,10.435589,41.742356,0.0,false,16.378,off,A
2026-01-31T22:15,9.396806,37.587225,0.0,false,17.015,off,A
2026-01-31T22:30,10.027268,40.109073,0.0,false,16.489,off,A
2026-01-31T22:45,10.184243,40.736971,0.0,false,17.176,off,A
2026-01-31T23:00,9.483569,37.934275,0.0,false,15.781,off,A
2026-01-31T23:15,10.305432,41.221729,0.0,false,16.599,off,A
2026-01-31T23:30,9.749541,38.998162,0.0,false,15.84,off,A
2026-01-31T23:45,10.115815,40.46326,0.0,false,16.262,off,A
2026-02-01T00:00,9.891438,39.56575,0.0,false,14.656,off,B
2026-02-01T00:15,9.406346,37.625384,0.0,false,16.239,off,B
2026-02-01T00:30,9.50087,38.003479,0.0,false,16.113,off,B
2026-02-01T00:45,9.661622,38.646487,0.0,false,15.641,off,B
2026-02-01T01:00,10.088364,40.353454,0.0,false,14.561,off,B
2026-02-01T01:15,10.608688,42.434752,0.0,false,15.158,off,B
2026-02-01T01:30,9.364695,37.45878,0.0,false,15.463,off,B
2026-02-01T01:45,10.392529,41.570114,0.0,false,15.049,off,B
2026-02-01T02:00,10.744161,42.976646,0.0,false,15.146,off,B
2026-02-01T02:15,9.717374,38.869498,0.0,false,15.534,off,B
2026-02-01T02:30,10.960539,43.842157,0.0,false,14.589,off,B
2026-02-01T02:45,9.731816,38.927263,0.0,false,14.873,off,B
2026-02-01T03:00,9.377486,37.509944,0.0,false,13.312,off,B
2026-02-01T03:15,9.956962,39.827848,0.0,false,14.246,off,B
2026-02-01T03:30,9.768115,39.07246,0.0,false,13.673,off,B
2026-02-01T03:45,10.246633,40.98653,0.0,false,13.185,off,B
2026-02-01T04:00,10.172418,40.689673,0.0,false,13.457,off,B
2026-02-01T04:15,10.71593,42.86372,0.0,false,12.514,off,B
2026-02-01T04:30,10.428248,41.712992,0.0,false,13.789,off,B
2026-02-01T04:45,10.35621,41.424841,0.0,false,12.041,off,B
2026-02-01T05:00,10.171658,40.686633,0.0,false,12.237,off,B
2026-02-01T05:15,10.428658,41.714633,0.0,false,13.423,off,B
2026-02-01T05:30,10.741098,42.964393,0.0,false,13.101,off,B
2026-02-01T05:45,9.677026,38.708103,0.0,false,12.725,off,B
2026-02-01T06:00,5.50774,22.03096,0.0,false,12.292,shift_1,B
2026-02-01T06:15,5.074894,20.299578,0.0,false,12.898,shift_1,B
2026-02-01T06:30,5.490177,21.960708,0.0,false,12.819,shift_1,B
2026-02-01T06:45,5.126416,20.505663,0.0,false,12.124,shift_1,B
2026-02-01T07:00,5.622145,22.48858,0.0,false,12.071,shift_1,B
2026-02-01T07:15,5.801776,23.207103,0.0,false,12.172,shift_1,B
2026-02-01T07:30,4.912095,19.64838,0.0,false,11.437,shift_1,B
2026-02-01T07:45,5.943709,23.774835,0.0,false,11.708,shift_1,B
2026-02-01T08:00,5.514971,22.059885,0.0,false,12.152,shift_1,B
2026-02-01T08:15,5.762491,23.049963,0.0,false,12.523,shift_1,B
2026-02-01T08:30,4.929099,19.716394,0.0,false,11.976,shift_1,B
2026-02-01T08:45,4.888564,19.554257,0.0,false,12.09,shift_1,B
2026-02-01T09:00,5.193397,20.773588,0.0,false,12.273,shift_1,B
2026-02-01T09:15,5.578442,22.313768,0.0,false,12.498,shift_1,B
2026-02-01T09:30,5.75389,23.015562,0.0,false,12.23,shift_1,B
2026-02-01T09:45,4.762007,19.048027,0.0,false,13.897,shift_1,B
2026-02-01T10:00,5.110886,20.443545,0.0,false,13.77,shift_1,B
2026-02-01T10:15,5.115495,20.461978,0.0,false,11.965,shift_1,B
2026-02-01T10:30,5.58631,22.345238,0.0,false,13.105,shift_1,B
2026-02-01T10:45,5.268105,21.072419,0.0,false,12.532,shift_1,B
2026-02-01T11:00,5.736616,22.946463,0.0,false,12.574,shift_1,B
2026-02-01T11:15,5.397882,21.591528,0.0,false,13.7,shift_1,B
2026-02-01T11:30,5.34953,21.398118,0.0,false,12.86,shift_1,B
2026-02-01T11:45,5.478267,21.913066,0.0,false,12.179,shift_1,B
2026-02-01T12:00,5.352313,21.409251,0.0,false,13.663,shift_1,B
2026-02-01T12:15,5.948487,23.793946,0.0,false,13.363,shift_1,B
2026-02-01T12:30,5.655065,22.620259,0.0,false,13.921,shift_1,B
2026-02-01T12:45,5.557318,22.229272,0.0,false,14.169,shift_1,B
2026-02-01T13:00,4.95217,19.808681,0.0,false,14.731,shift_1,B
2026-02-01T13:15,4.586736,18.346943,0.0,false,14.218,shift_1,B
2026-02-01T13:30,6.301331,25.205325,0.0,false,14.185,shift_1,B
2026-02-01T13:45,5.058718,20.23487,0.0,false,13.915,shift_1,B
2026-02-01T14:00,5.845317,23.381269,0.0,false,14.684,shift_2,B
2026-02-01T14:15,5.282514,21.130056,0.0,false,15.225,shift_2,B
2026-02-01T14:30,5.476803,21.907212,0.0,false,15.896,shift_2,B
2026-02-01T14:45,6.137372,24.549487,0.0,false,15.778,shift_2,B
2026-02-01T15:00,4.902036,19.608143,0.0,false,14.877,shift_2,B
2026-02-01T15:15,5.574473,22.297891,0.0,false,15.793,shift_2,B
2026-02-01T15:30,5.607241,22.428964,0.0,false,15.695,shift_2,B
2026-02-01T15:45,6.124565,24.49826,0.0,false,15.777,shift_2,B
2026-02-01T16:00,6.008333,24.033333,0.0,false,14.466,shift_2,B
2026-02-01T16:15,5.449021,21.796084,0.0,false,16.24,shift_2,B
2026-02-01T16:30,5.992934,23.971737,0.0,false,15.756,shift_2,B
2026-02-01T16:45,5.543292,22.173169,0.0,false,15.789,shift_2,B
2026-02-01T17:00,4.838,19.351998,0.0,false,17.058,shift_2,B
2026-02-01T17:15,5.624315,22.49726,0.0,false,16.759,shift_2,B
2026-02-01T17:30,5.313958,21.255832,0.0,false,16.918,shift_2,B
2026-02-01T17:45,5.915439,23.661757,0.0,false,17.093,shift_2,B
2026-02-01T18:00,6.333368,25.33347,0.0,false,16.736,shift_2,B
2026-02-01T18:15,5.228552,20.914209,0.0,false,16.395,shift_2,B
2026-02-01T18:30,5.413326,21.653303,0.0,false,17.632,shift_2,B
2026-02-01T18:45,5.321384,21.285535,0.0,false,16.62,shift_2,B
2026-02-01T19:00,5.817544,23.270175,0.0,false,17.893,shift_2,B
2026-02-01T19:15,4.750694,19.002774,0.0,false,16.71,shift_2,B
2026-02-01T19:30,5.598241,22.392965,0.0,false,17.946,shift_2,B
2026-02-01T19:45,5.136969,20.547876,0.0,false,17.005,shift_2,B
2026-02-01T20:00,4.97145,19.8858,0.0,false,16.185,shift_2,B
2026-02-01T20:15,5.302516,21.210064,0.0,false,17.366,shift_2,B
2026-02-01T20:30,5.867593,23.470372,0.0,false,18.023,shift_2,B
2026-02-01T20:45,5.129107,20.516427,0.0,false,16.877,shift_2,B
2026-02-01T21:00,5.350773,21.403091,0.0,false,17.781,shift_2,B
2026-02-01T21:15,5.538588,22.154353,0.0,false,18.41,shift_2,B
2026-02-01T21:30,4.683721,18.734883,0.0,false,16.348,shift_2,B
2026-02-01T21:45,6.07816,24.312641,0.0,false,16.596,shift_2,B
2026-02-01T22:00,8.999931,35.999724,0.0,false,16.763,off,B
2026-02-01T22:15,9.883953,39.53581,0.0,false,16.487,off,B
2026-02-01T22:30,10.173035,40.692142,0.0,false,17.39,off,B
2026-02-01T22:45,10.121177,40.484708,0.0,false,16.526,off,B
2026-02-01T23:00,10.423619,41.694477,0.0,false,17.601,off,B
2026-02-01T23:15,10.27367,41.094681,0.0,false,15.999,off,B
2026-02-01T23:30,10.931782,43.727129,0.0,false,16.809,off,B
2026-02-01T23:45,9.870677,39.48271,0.0,false,16.254,off,B
2026-02-02T00:00,9.809081,39.236325,0.0,false,16.252,off,A
2026-02-02T00:15,9.678007,38.712029,0.0,false,16.005,off,A
2026-02-02T00:30,9.417254,37.669016,0.0,false,15.792,off,A
2026-02-02T00:45,10.319429,41.277714,0.0,false,16.049,off,A
2026-02-02T01:00,10.298857,41.19543,0.0,false,14.645,off,A
2026-02-02T01:15,10.565128,42.260511,0.0,false,15.031,off,A
2026-02-02T01:30,10.434807,41.739229,0.0,false,15.652,off,A
2026-02-02T01:45,9.582745,38.330978,0.0,false,15.283,off,A
2026-02-02T02:00,10.054249,40.216995,0.0,false,13.785,off,A
2026-02-02T02:15,10.075919,40.303677,0.0,false,14.024,off,A
2026-02-02T02:30,10.312473,41.24989,0.0,false,13.753,off,A
2026-02-02T02:45,9.488211,37.952844,0.0,false,14.594,off,A
2026-02-02T03:00,10.169562,40.678249,0.0,false,13.694,off,A
2026-02-02T03:15,10.091947,40.367786,0.0,false,14.463,off,A
2026-02-02T03:30,10.064755,40.25902,0.0,false,13.52,off,A
2026-02-02T03:45,9.78618,39.144721,0.0,false,13.605,off,A
2026-02-02T04:00,10.016566,40.066264,0.0,false,12.869,off,A
2026-02-02T04:15,9.9488,39.7952,0.0,false,13.025,off,A
2026-02-02T04:30,10.334515,41.33806,0.0,false,12.295,off,A
2026-02-02T04:45,10.031813,40.127251,0.0,false,12.894,off,A
2026-02-02T05:00,10.621455,42.48582,0.0,false,13.806,off,A
2026-02-02T05:15,9.591552,38.366208,0.0,false,13.275,off,A
2026-02-02T05:30,10.120025,40.480099,0.0,false,12.796,off,A
2026-02-02T05:45,10.056207,40.224826,0.0,false,12.88,off,A
2026-02-02T06:00,19.532176,78.128704,27.211836,true,13.069,shift_1,A
2026-02-02T06:15,16.310797,65.243189,20.486044,true,12.993,shift_1,A
2026-02-02T06:30,18.433573,73.734291,26.142639,true,12.508,shift_1,A
2026-02-02T06:45,17.048124,68.192496,22.61143,true,12.451,shift_1,A
2026-02-02T07:00,20.476915,81.907662,29.07861,true,12.615,shift_1,A
2026-02-02T07:15,17.875508,71.502031,22.882754,true,12.883,shift_1,A
2026-02-02T07:30,18.848145,75.392581,27.282024,true,11.63,shift_1,A
2026-02-02T07:45,22.087859,88.351437,35.499398,true,12.054,shift_1,A
2026-02-02T08:00,19.709176,78.836703,28.953131,true,12.447,shift_1,A
2026-02-02T08:15,19.230971,76.923884,28.046215,true,11.649,shift_1,A
2026-02-02T08:30,19.020941,76.083766,26.679932,true,12.292,shift_1,A
2026-02-02T08:45,16.168688,64.674752,19.563261,true,12.577,shift_1,A
2026-02-02T09:00,15.078321,60.313285,17.932438,true,13.291,shift_1,A
2026-02-02T09:15,14.665256,58.661023,17.799426,true,12.111,shift_1,A
2026-02-02T09:30,21.398801,85.595205,33.666412,true,12.034,shift_1,A
2026-02-02T09:45,19.235706,76.942824,27.200334,true,12.115,shift_1,A
2026-02-02T10:00,20.519841,82.079365,28.292116,true,12.901,shift_1,A
2026-02-02T10:15,19.99311,79.972438,30.20741,true,12.877,shift_1,A
2026-02-02T10:30,16.547519,66.190077,22.0994,true,12.41,shift_1,A
2026-02-02T10:45,19.306707,77.226828,28.539076,true,13.219,shift_1,A
2026-02-02T11:00,21.114273,84.457091,32.766888,true,12.88,shift_1,A
2026-02-02T11:15,19.782137,79.128546,28.602119,true,13.192,shift_1,A
2026-02-02T11:30,13.330054,53.320216,14.478106,true,12.924,shift_1,A
2026-02-02T11:45,17.478055,69.91222,23.522369,true,13.611,shift_1,A
2026-02-02T12:00,17.071677,68.286708,21.997246,true,12.715,shift_1,A
2026-02-02T12:15,15.865715,63.462861,20.200282,true,13.738,shift_1,A
2026-02-02T12:30,17.738988,70.955953,23.955238,true,14.83,shift_1,A
2026-02-02T12:45,16.502747,66.010987,20.938585,true,13.349,shift_1,A
2026-02-02T13:00,17.718049,70.872195,24.982009,true,13.601,shift_1,A
2026-02-02T13:15,15.694222,62.776888,20.279399,true,13.964,shift_1,A
2026-02-02T13:30,17.651038,70.604153,24.679387,true,13.708,shift_1,A
2026-02-02T13:45,17.634977,70.539906,23.231738,true,14.568,shift_1,A
2026-02-02T14:00,16.053139,64.212557,20.681352,true,15.23,shift_2,A
2026-02-02T14:15,19.304494,77.217976,28.239,true,15.085,shift_2,A
2026-02-02T14:30,17.392618,69.570473,23.108241,true,15.117,shift_2,A
2026-02-02T14:45,17.363425,69.453699,22.249826,true,15.629,shift_2,A
2026-02-02T15:00,21.882679,87.530715,35.280548,true,15.678,shift_2,A
2026-02-02T15:15,19.193639,76.774558,28.858725,true,16.202,shift_2,A
2026-02-02T15:30,19.208008,76.832031,28.262334,true,16.063,shift_2,A
2026-02-02T15:45,19.343951,77.375806,29.322452,true,14.699,shift_2,A
2026-02-02T16:00,15.374034,61.496136,17.126905,true,15.987,shift_2,A
2026-02-02T16:15,17.368237,69.472949,23.46857,true,15.295,shift_2,A
2026-02-02T16:30,16.193743,64.77497,19.380598,true,16.342,shift_2,A
2026-02-02T16:45,18.20551,72.822042,25.340054,true,16.714,shift_2,A
2026-02-02T17:00,22.16436,88.65744,35.496936,true,15.215,shift_2,A
2026-02-02T17:15,19.622014,78.488057,28.644444,true,17.027,shift_2,A
2026-02-02T17:30,18.488316,73.953266,24.724295,true,17.151,shift_2,A
2026-02-02T17:45,19.691972,78.767886,29.044498,true,17.69,shift_2,A
2026-02-02T18:00,20.031816,80.127265,30.146613,true,17.478,shift_2,A
2026-02-02T18:15,19.912769,79.651077,28.665707,true,16.895,shift_2,A
2026-02-02T18:30,21.635316,86.541263,31.871747,true,16.882,shift_2,A
2026-02-02T18:45,19.351133,77.404534,27.415472,true,17.487,shift_2,A
2026-02-02T19:00,16.672399,66.689595,21.873196,true,17.017,shift_2,A
2026-02-02T19:15,20.694204,82.776816,31.961732,true,16.591,shift_2,A
2026-02-02T19:30,20.01822,80.072878,29.349948,true,16.377,shift_2,A
2026-02-02T19:45,15.686637,62.74655,19.699887,true,17.47,shift_2,A
2026-02-02T20:00,17.585683,70.342731,22.976542,true,18.205,shift_2,A
2026-02-02T20:15,15.143148,60.572592,18.665467,true,17.38,shift_2,A
2026-02-02T20:30,17.552731,70.210924,23.653347,true,17.55,shift_2,A
2026-02-02T20:45,14.958638,59.83455,16.72955,true,17.797,shift_2,A
2026-02-02T21:00,19.528292,78.113169,28.745025,true,17.824,shift_2,A
2026-02-02T21:15,18.764374,75.057496,27.392502,true,17.426,shift_2,A
2026-02-02T21:30,19.526801,78.107204,28.400977,true,16.395,shift_2,A
2026-02-02T21:45,16.935634,67.742538,20.74122,true,17.975,shift_2,A
2026-02-02T22:00,10.197041,40.788164,0.0,false,17.404,off,A
2026-02-02T22:15,9.621845,38.48738,0.0,false,16.917,off,A
2026-02-02T22:30,9.80257,39.210281,0.0,false,16.661,off,A
2026-02-02T22:45,9.581456,38.325823,0.0,false,16.715,off,A
2026-02-02T23:00,10.712875,42.851502,0.0,false,16.714,off,A
2026-02-02T23:15,10.212456,40.849822,0.0,false,16.033,off,A
2026-02-02T23:30,10.200518,40.80207,0.0,false,15.4,off,A
2026-02-02T23:45,9.635714,38.542855,0.0,false,16.344,off,A
2026-02-03T00:00,10.041717,40.166868,0.0,false,16.451,off,A
2026-02-03T00:15,10.045271,40.181082,0.0,false,16.936,off,A
2026-02-03T00:30,9.941618,39.766472,0.0,false,16.08,off,A
2026-02-03T00:45,11.040731,44.162923,0.0,false,15.168,off,A
2026-02-03T01:00,10.122329,40.489317,0.0,false,15.664,off,A
2026-02-03T01:15,9.413285,37.653142,0.0,false,15.456,off,A
2026-02-03T01:30,9.329921,37.319683,0.0,false,14.572,off,A
2026-02-03T01:45,10.200845,40.803381,0.0,false,15.75,off,A
2026-02-03T02:00,9.427658,37.710631,0.0,false,14.758,off,A
2026-02-03T02:15,9.958483,39.833933,0.0,false,14.347,off,A
2026-02-03T02:30,10.349168,41.396671,0.0,false,13.983,off,A
2026-02-03T02:45,9.887375,39.549499,0.0,false,14.036,off,A
2026-02-03T03:00,9.124669,36.498676,0.0,false,14.229,off,A
2026-02-03T03:15,10.016084,40.064336,0.0,false,14.527,off,A
2026-02-03T03:30,9.843635,39.37454,0.0,false,12.861,off,A
2026-02-03T03:45,9.586181,38.344723,0.0,false,13.653,off,A
2026-02-03T04:00,10.481781,41.927126,0.0,false,13.85,off,A
2026-02-03T04:15,9.435569,37.742277,0.0,false,13.71,off,A
2026-02-03T04:30,9.208704,36.834817,0.0,false,13.065,off,A
2026-02-03T04:45,9.600704,38.402815,0.0,false,13.378,off,A
2026-02-03T05:00,10.320464,41.281857,0.0,false,13.296,off,A
2026-02-03T05:15,10.0831,40.3324,0.0,false,13.485,off,A
2026-02-03T05:30,9.351417,37.405668,0.0,false,12.815,off,A
2026-02-03T05:45,10.883606,43.534425,0.0,false,13.938,off,A
2026-02-03T06:00,18.144765,72.57906,26.077009,true,12.714,shift_1,A
2026-02-03T06:15,17.599133,70.396533,24.090656,true,12.49,shift_1,A
2026-02-03T06:30,18.184752,72.73901,25.634143,true,13.495,shift_1,A
2026-02-03T06:45,17.739879,70.959517,25.487954,true,12.354,shift_1,A
2026-02-03T07:00,18.287716,73.150865,24.331165,true,12.752,shift_1,A
2026-02-03T07:15,16.593602,66.374407,21.578119,true,12.652,shift_1,A
2026-02-03T07:30,19.335365,77.341459,27.347298,true,13.14,shift_1,A
2026-02-03T07:45,17.804204,71.216816,25.141131,true,12.728,shift_1,A
2026-02-03T08:00,18.715498,74.861993,25.032759,true,13.325,shift_1,A
2026-02-03T08:15,20.531006,82.124026,31.94195,true,12.387,shift_1,A
2026-02-03T08:30,18.149182,72.596727,25.399073,true,11.789,shift_1,A
2026-02-03T08:45,19.069786,76.279143,28.873201,true,12.804,shift_1,A
2026-02-03T09:00,16.135466,64.541863,20.477187,true,12.14,shift_1,A
2026-02-03T09:15,18.508772,74.035089,24.62493,true,12.512,shift_1,A
2026-02-03T09:30,18.188916,72.755664,23.674644,true,12.825,shift_1,A
2026-02-03T09:45,19.598859,78.395435,29.018279,true,13.139,shift_1,A
2026-02-03T10:00,20.496863,81.987452,32.06934,true,13.729,shift_1,A
2026-02-03T10:15,18.109858,72.43943,23.876002,true,12.928,shift_1,A
2026-02-03T10:30,17.838635,71.35454,24.737221,true,12.428,shift_1,A
2026-02-03T10:45,17.215054,68.860217,22.482481,true,13.286,shift_1,A
2026-02-03T11:00,19.718037,78.872147,31.722089,true,12.083,shift_1,A
2026-02-03T11:15,19.306971,77.227882,28.404457,true,13.366,shift_1,A
2026-02-03T11:30,21.50051,86.00204,32.441758,true,13.954,shift_1,A
2026-02-03T11:45,19.21472,76.858879,28.04271,true,14.104,shift_1,A
2026-02-03T12:00,20.687824,82.751296,31.507018,true,13.808,shift_1,A
2026-02-03T12:15,15.886828,63.547313,17.20223,true,12.62,shift_1,A
2026-02-03T12:30,17.460983,69.843934,22.150131,true,13.558,shift_1,A
2026-02-03T12:45,19.267153,77.068611,27.637078,true,14.571,shift_1,A
2026-02-03T13:00,22.151938,88.607753,35.621906,true,13.218,shift_1,A
2026-02-03T13:15,17.965385,71.861539,24.979353,true,14.983,shift_1,A
2026-02-03T13:30,18.164057,72.656228,23.235329,true,14.466,shift_1,A
2026-02-03T13:45,19.275806,77.103222,25.944044,true,14.116,shift_1,A
2026-02-03T14:00,17.368889,69.475555,24.099699,true,14.671,shift_2,A
2026-02-03T14:15,15.846489,63.385957,18.291961,true,15.912,shift_2,A
2026-02-03T14:30,16.248643,64.994573,19.76709,true,14.269,shift_2,A
2026-02-03T14:45,16.87399,67.49596,22.993725,true,14.857,shift_2,A
2026-02-03T15:00,15.29038,61.161521,18.618357,true,15.617,shift_2,A
2026-02-03T15:15,14.689833,58.759332,15.322362,true,15.862,shift_2,A
2026-02-03T15:30,21.150596,84.602386,33.189015,true,15.474,shift_2,A
2026-02-03T15:45,19.026067,76.104268,26.134531,true,15.591,shift_2,A
2026-02-03T16:00,17.834937,71.339746,22.791942,true,14.958,shift_2,A
2026-02-03T16:15,15.732813,62.931251,20.307786,true,15.795,shift_2,A
2026-02-03T16:30,16.629326,66.517304,20.516101,true,16.275,shift_2,A
2026-02-03T16:45,18.022176,72.088704,24.771942,true,15.823,shift_2,A
2026-02-03T17:00,18.298076,73.192304,26.279768,true,16.389,shift_2,A
2026-02-03T17:15,21.795089,87.180354,33.872364,true,16.36,shift_2,A
2026-02-03T17:30,21.525562,86.102248,33.197693,true,17.12,shift_2,A
2026-02-03T17:45,20.390148,81.560594,30.93789,true,16.852,shift_2,A
2026-02-03T18:00,19.804627,79.218507,29.125429,true,17.964,shift_2,A
2026-02-03T18:15,20.682469,82.729875,32.164428,true,17.95,shift_2,A
2026-02-03T18:30,16.740713,66.962851,21.521795,true,17.475,shift_2,A
2026-02-03T18:45,19.450942,77.80377,28.431284,true,17.381,shift_2,A
2026-02-03T19:00,20.14046,80.561841,29.466443,true,16.863,shift_2,A
2026-02-03T19:15,19.176878,76.707513,27.044343,true,17.041,shift_2,A
2026-02-03T19:30,19.760332,79.041329,28.569064,true,17.651,shift_2,A
2026-02-03T19:45,20.317553,81.270213,30.025152,true,17.723,shift_2,A
2026-02-03T20:00,18.957107,75.828428,27.674963,true,17.172,shift_2,A
2026-02-03T20:15,19.104323,76.417293,27.305101,true,17.128,shift_2,A
2026-02-03T20:30,19.049473,76.197894,28.004613,true,17.066,shift_2,A
2026-02-03T20:45,16.078221,64.312885,18.192159,true,17.608,shift_2,A
2026-02-03T21:00,18.910324,75.641296,26.846973,true,17.584,shift_2,A
2026-02-03T21:15,14.70015,58.800599,15.924329,true,16.629,shift_2,A
2026-02-03T21:30,18.878922,75.515688,25.71282,true,17.05,shift_2,A
2026-02-03T21:45,16.178151,64.712606,19.159841,true,17.376,shift_2,A
2026-02-03T22:00,10.160259,40.641037,0.0,false,16.786,off,A
2026-02-03T22:15,9.792252,39.169006,0.0,false,17.303,off,A
2026-02-03T22:30,9.863555,39.45422,0.0,false,17.639,off,A
2026-02-03T22:45,10.508674,42.034695,0.0,false,16.82,off,A
2026-02-03T23:00,9.667355,38.669419,0.0,false,16.787,off,A
2026-02-03T23:15,10.092604,40.370416,0.0,false,16.4,off,A
2026-02-03T23:30,9.796727,39.186909,0.0,false,16.226,off,A
2026-02-03T23:45,9.922562,39.690248,0.0,false,16.788,off,A
2026-02-04T00:00,9.935642,39.742569,0.0,false,17.147,off,B
2026-02-04T00:15,9.901864,39.607458,0.0,false,15.623,off,B
2026-02-04T00:30,9.768498,39.073993,0.0,false,16.45,off,B
2026-02-04T00:45,10.002813,40.01125,0.0,false,16.39,off,B
2026-02-04T01:00,9.709716,38.838866,0.0,false,15.872,off,B
2026-02-04T01:15,9.997699,39.990798,0.0,false,15.532,off,B
2026-02-04T01:30,9.813799,39.255195,0.0,false,15.878,off,B
2026-02-04T01:45,9.558609,38.234435,0.0,false,14.41,off,B
2026-02-04T02:00,10.254542,41.018167,0.0,false,14.688,off,B
2026-02-04T02:15,9.608197,38.432787,0.0,false,14.417,off,B
2026-02-04T02:30,9.992085,39.96834,0.0,false,14.549,off,B
2026-02-04T02:45,9.486443,37.945772,0.0,false,14.496,off,B
2026-02-04T03:00,10.381074,41.524294,0.0,false,14.224,off,B
2026-02-04T03:15,10.15315,40.612599,0.0,false,14.421,off,B
2026-02-04T03:30,9.887472,39.549887,0.0,false,13.691,off,B
2026-02-04T03:45,10.227716,40.910862,0.0,false,13.297,off,B
2026-02-04T04:00,9.907425,39.629702,0.0,false,14.2,off,B
2026-02-04T04:15,9.666446,38.665782,0.0,false,13.449,off,B
2026-02-04T04:30,10.666939,42.667755,0.0,false,13.446,off,B
2026-02-04T04:45,10.087978,40.351911,0.0,false,13.02,off,B
2026-02-04T05:00,9.96106,39.844238,0.0,false,13.715,off,B
2026-02-04T05:15,10.135235,40.540939,0.0,false,12.493,off,B
2026-02-04T05:30,10.061116,40.244464,0.0,false,13.808,off,B
2026-02-04T05:45,9.979623,39.91849,0.0,false,12.93,off,B
2026-02-04T06:00,19.336667,77.346666,25.501606,true,11.798,shift_1,B
2026-02-04T06:15,21.148469,84.593877,30.126739,true,12.329,shift_1,B
2026-02-04T06:30,16.368668,65.474671,17.882582,true,12.767,shift_1,B
2026-02-04T06:45,19.523128,78.092511,25.378457,true,11.957,shift_1,B
2026-02-04T07:00,16.126262,64.505049,18.038038,true,12.981,shift_1,B
2026-02-04T07:15,20.110927,80.44371,28.446708,true,12.164,shift_1,B
2026-02-04T07:30,20.52192,82.087679,27.635349,true,12.353,shift_1,B
2026-02-04T07:45,22.000081,88.000325,31.159475,true,11.765,shift_1,B
2026-02-04T08:00,18.844766,75.379064,23.885628,true,13.027,shift_1,B
2026-02-04T08:15,19.857414,79.429657,24.213803,true,12.631,shift_1,B
2026-02-04T08:30,20.563686,82.254742,28.487636,true,12.413,shift_1,B
2026-02-04T08:45,19.641105,78.564419,26.421732,true,12.298,shift_1,B
2026-02-04T09:00,20.294494,81.177975,27.655462,true,12.138,shift_1,B
2026-02-04T09:15,19.833357,79.333428,26.814744,true,13.724,shift_1,B
2026-02-04T09:30,23.718486,94.873946,36.670979,true,13.026,shift_1,B
2026-02-04T09:45,18.140925,72.5637,22.745285,true,13.399,shift_1,B
2026-02-04T10:00,19.074505,76.298021,25.732763,true,12.167,shift_1,B
2026-02-04T10:15,19.839349,79.357397,26.353474,true,12.645,shift_1,B
2026-02-04T10:30,21.116882,84.467527,29.244589,true,13.171,shift_1,B
2026-02-04T10:45,21.338255,85.353019,28.569151,true,13.796,shift_1,B
2026-02-04T11:00,18.455385,73.821539,24.274058,true,13.326,shift_1,B
2026-02-04T11:15,18.846964,75.387856,24.992384,true,11.983,shift_1,B
2026-02-04T11:30,21.956493,87.825974,33.202882,true,13.494,shift_1,B
2026-02-04T11:45,15.903014,63.612056,18.831445,true,13.975,shift_1,B
2026-02-04T12:00,20.191848,80.76739,29.783018,true,14.897,shift_1,B
2026-02-04T12:15,19.675354,78.701415,24.458376,true,14.593,shift_1,B
2026-02-04T12:30,19.874631,79.498526,26.19101,true,13.608,shift_1,B
2026-02-04T12:45,19.841793,79.367174,25.48695,true,13.188,shift_1,B
2026-02-04T13:00,20.508303,82.033214,27.156706,true,13.902,shift_1,B
2026-02-04T13:15,21.705782,86.823127,29.941322,true,14.551,shift_1,B
2026-02-04T13:30,19.891344,79.565377,25.376378,true,15.509,shift_1,B
2026-02-04T13:45,20.463563,81.854251,27.345141,true,14.792,shift_1,B
2026-02-04T14:00,20.321538,81.286152,27.62617,true,15.249,shift_2,B
2026-02-04T14:15,15.055959,60.223835,14.947328,true,15.031,shift_2,B
2026-02-04T14:30,17.094135,68.376541,20.225626,true,14.768,shift_2,B
2026-02-04T14:45,20.425335,81.701338,27.145166,true,15.843,shift_2,B
2026-02-04T15:00,19.361252,77.445006,25.93714,true,15.584,shift_2,B
2026-02-04T15:15,22.511519,90.046075,32.952,true,16.6,shift_2,B
2026-02-04T15:30,16.520853,66.083413,19.403587,true,15.363,shift_2,B
2026-02-04T15:45,20.299292,81.19717,27.114064,true,15.667,shift_2,B
2026-02-04T16:00,20.219411,80.877644,26.901553,true,16.702,shift_2,B
2026-02-04T16:15,23.93905,95.7562,34.207417,true,16.267,shift_2,B
2026-02-04T16:30,20.639455,82.557821,28.307571,true,16.154,shift_2,B
2026-02-04T16:45,18.568067,74.272268,24.342139,true,16.545,shift_2,B
2026-02-04T17:00,22.967389,91.869556,32.177847,true,16.659,shift_2,B
2026-02-04T17:15,21.340995,85.363978,28.445919,true,17.38,shift_2,B
2026-02-04T17:30,19.778678,79.114711,27.305839,true,16.972,shift_2,B
2026-02-04T17:45,22.43648,89.74592,33.103235,true,17.7,shift_2,B
2026-02-04T18:00,25.042196,100.168783,38.038815,true,16.564,shift_2,B
2026-02-04T18:15,20.190819,80.763278,26.49757,true,16.732,shift_2,B
2026-02-04T18:30,22.968471,91.873882,31.965427,true,17.875,shift_2,B
2026-02-04T18:45,21.961551,87.846203,29.993021,true,17.759,shift_2,B
2026-02-04T19:00,18.551733,74.206931,24.547094,true,17.192,shift_2,B
2026-02-04T19:15,18.829122,75.316488,23.64698,true,17.862,shift_2,B
2026-02-04T19:30,19.196718,76.786871,25.1062,true,17.558,shift_2,B
2026-02-04T19:45,23.261094,93.044376,34.517545,true,18.018,shift_2,B
2026-02-04T20:00,23.952188,95.808751,35.644287,true,17.138,shift_2,B
2026-02-04T20:15,19.19727,76.789081,23.942957,true,17.244,shift_2,B
2026-02-04T20:30,19.0872,76.348801,25.671544,true,17.463,shift_2,B
2026-02-04T20:45,21.820177,87.280709,30.410411,true,17.091,shift_2,B
2026-02-04T21:00,15.196149,60.784595,16.020618,true,17.947,shift_2,B
2026-02-04T21:15,21.280539,85.122155,27.625287,true,17.55,shift_2,B
2026-02-04T21:30,16.681166,66.724662,19.619134,true,17.438,shift_2,B
2026-02-04T21:45,21.708968,86.835874,30.682818,true,16.6,shift_2,B
2026-02-04T22:00,10.458866,41.835463,0.0,false,16.872,off,B
2026-02-04T22:15,9.872699,39.490796,0.0,false,17.78,off,B
2026-02-04T22:30,10.116383,40.46553,0.0,false,16.752,off,B
2026-02-04T22:45,10.199887,40.799548,0.0,false,16.061,off,B
2026-02-04T23:00,10.073765,40.29506,0.0,false,17.135,off,B
2026-02-04T23:15,10.0066,40.026402,0.0,false,17.031,off,B
2026-02-04T23:30,10.555124,42.220495,0.0,false,16.636,off,B
2026-02-04T23:45,10.649963,42.59985,0.0,false,16.473,off,B
2026-02-05T00:00,9.894631,39.578525,0.0,false,16.808,off,A
2026-02-05T00:15,9.729345,38.917379,0.0,false,16.214,off,A
2026-02-05T00:30,11.110335,44.441341,0.0,false,16.695,off,A
2026-02-05T00:45,10.118841,40.475366,0.0,false,15.806,off,A
2026-02-05T01:00,10.037103,40.148413,0.0,false,16.019,off,A
2026-02-05T01:15,10.25451,41.018041,0.0,false,15.534,off,A
2026-02-05T01:30,9.650675,38.602701,0.0,false,14.725,off,A
2026-02-05T01:45,10.026747,40.106989,0.0,false,15.411,off,A
2026-02-05T02:00,10.234266,40.937062,0.0,false,15.229,off,A
2026-02-05T02:15,9.579762,38.319048,0.0,false,15.565,off,A
2026-02-05T02:30,10.429794,41.719176,0.0,false,14.463,off,A
2026-02-05T02:45,10.075117,40.300468,0.0,false,14.687,off,A
2026-02-05T03:00,9.266381,37.065523,0.0,false,15.088,off,A
2026-02-05T03:15,10.079143,40.316572,0.0,false,15.071,off,A
2026-02-05T03:30,10.485322,41.94129,0.0,false,13.535,off,A
2026-02-05T03:45,10.602418,42.409673,0.0,false,14.923,off,A
2026-02-05T04:00,10.278879,41.115516,0.0,false,13.754,off,A
2026-02-05T04:15,9.452335,37.809341,0.0,false,14.009,off,A
2026-02-05T04:30,9.602779,38.411114,0.0,false,14.889,off,A
2026-02-05T04:45,9.988031,39.952125,0.0,false,14.514,off,A
2026-02-05T05:00,9.898228,39.592911,0.0,false,13.494,off,A
2026-02-05T05:15,10.715835,42.863338,0.0,false,13.949,off,A
2026-02-05T05:30,9.749363,38.997454,0.0,false,13.237,off,A
2026-02-05T05:45,10.268326,41.073303,0.0,false,12.702,off,A
2026-02-05T06:00,14.657683,58.630734,15.879926,true,11.851,shift_1,A
2026-02-05T06:15,16.676336,66.705344,21.545448,true,13.041,shift_1,A
2026-02-05T06:30,17.012235,68.048942,22.127209,true,11.959,shift_1,A
2026-02-05T06:45,18.237932,72.951727,27.141114,true,12.908,shift_1,A
2026-02-05T07:00,14.120202,56.480808,13.970737,true,13.497,shift_1,A
2026-02-05T07:15,20.253757,81.015029,29.76235,true,12.452,shift_1,A
2026-02-05T07:30,16.992852,67.971407,23.636587,true,12.556,shift_1,A
2026-02-05T07:45,16.624677,66.498707,21.940317,true,12.59,shift_1,A
2026-02-05T08:00,18.425397,73.70159,26.049567,true,12.071,shift_1,A
2026-02-05T08:15,17.086309,68.345235,23.696783,true,13.07,shift_1,A
2026-02-05T08:30,18.200947,72.803786,26.925292,true,12.256,shift_1,A
2026-02-05T08:45,18.51063,74.04252,25.975832,true,13.334,shift_1,A
2026-02-05T09:00,20.68837,82.753481,30.777471,true,12.779,shift_1,A
2026-02-05T09:15,18.632769,74.531074,24.118482,true,12.382,shift_1,A
2026-02-05T09:30,16.997146,67.988582,22.846052,true,11.765,shift_1,A
2026-02-05T09:45,20.030142,80.120567,29.431996,true,13.337,shift_1,A
2026-02-05T10:00,19.610461,78.441844,29.670116,true,12.527,shift_1,A
2026-02-05T10:15,17.596267,70.385067,24.224512,true,12.769,shift_1,A
2026-02-05T10:30,19.839254,79.357018,28.959886,true,12.644,shift_1,A
2026-02-05T10:45,18.513745,74.05498,25.404441,true,12.838,shift_1,A
2026-02-05T11:00,21.815231,87.260925,34.63291,true,13.435,shift_1,A
2026-02-05T11:15,19.898942,79.595769,30.450832,true,13.642,shift_1,A
2026-02-05T11:30,16.37642,65.50568,19.905463,true,13.064,shift_1,A
2026-02-05T11:45,19.268537,77.074149,27.664765,true,13.639,shift_1,A
2026-02-05T12:00,19.63294,78.53176,29.148799,true,13.981,shift_1,A
2026-02-05T12:15,19.038556,76.154222,28.631146,true,14.397,shift_1,A
2026-02-05T12:30,22.696511,90.786043,32.931537,true,14.053,shift_1,A
2026-02-05T12:45,17.518507,70.074028,24.967277,true,14.303,shift_1,A
2026-02-05T13:00,17.644941,70.579764,24.186769,true,14.538,shift_1,A
2026-02-05T13:15,17.91401,71.65604,25.321418,true,15.527,shift_1,A
2026-02-05T13:30,19.001281,76.005122,27.753962,true,14.257,shift_1,A
2026-02-05T13:45,14.462241,57.848963,15.525097,true,14.498,shift_1,A
2026-02-05T14:00,19.43781,77.751239,27.978598,true,15.427,shift_2,A
2026-02-05T14:15,15.558007,62.232027,18.015388,true,16.116,shift_2,A
2026-02-05T14:30,14.574878,58.299511,15.874464,true,15.644,shift_2,A
2026-02-05T14:45,18.007247,72.02899,25.398581,true,15.069,shift_2,A
2026-02-05T15:00,20.989185,83.956741,32.457623,true,16.103,shift_2,A
2026-02-05T15:15,15.92937,63.71748,18.76448,true,15.608,shift_2,A
2026-02-05T15:30,20.731719,82.926875,29.853836,true,15.623,shift_2,A
2026-02-05T15:45,21.988885,87.95554,34.695588,true,17.1,shift_2,A
2026-02-05T16:00,16.519498,66.077993,22.067791,true,16.61,shift_2,A
2026-02-05T16:15,16.365169,65.460674,19.274434,true,16.888,shift_2,A
2026-02-05T16:30,19.174769,76.699077,25.756174,true,16.219,shift_2,A
2026-02-05T16:45,19.90223,79.608921,29.705333,true,16.905,shift_2,A
2026-02-05T17:00,18.263664,73.054655,26.158093,true,17.325,shift_2,A
2026-02-05T17:15,15.709699,62.838796,19.905396,true,16.514,shift_2,A
2026-02-05T17:30,18.774532,75.098126,27.501739,true,17.448,shift_2,A
2026-02-05T17:45,19.894198,79.576791,28.946009,true,17.6,shift_2,A
2026-02-05T18:00,18.622364,74.489457,25.761803,true,16.798,shift_2,A
2026-02-05T18:15,21.62385,86.495401,33.069702,true,17.236,shift_2,A
2026-02-05T18:30,19.655638,78.622553,29.450661,true,18.188,shift_2,A
2026-02-05T18:45,24.187803,96.751212,39.363763,true,17.52,shift_2,A
2026-02-05T19:00,20.44257,81.770279,31.031121,true,17.467,shift_2,A
2026-02-05T19:15,21.38518,85.540719,32.811261,true,17.421,shift_2,A
2026-02-05T19:30,22.071367,88.285467,35.534069,true,18.075,shift_2,A
2026-02-05T19:45,20.894234,83.576938,31.164592,true,17.779,shift_2,A
2026-02-05T20:00,19.444473,77.777891,26.257108,true,17.442,shift_2,A
2026-02-05T20:15,19.51603,78.064118,27.918014,true,17.345,shift_2,A
2026-02-05T20:30,18.988313,75.95325,28.4535,true,16.892,shift_2,A
2026-02-05T20:45,20.320886,81.283544,31.017991,true,17.689,shift_2,A
2026-02-05T21:00,17.951504,71.806016,24.411062,true,16.784,shift_2,A
2026-02-05T21:15,18.458277,73.83311,25.405568,true,17.557,shift_2,A
2026-02-05T21:30,19.044662,76.178649,29.44907,true,16.707,shift_2,A
2026-02-05T21:45,19.040214,76.160856,27.989223,true,17.194,shift_2,A
2026-02-05T22:00,9.69894,38.795759,0.0,false,16.569,off,A
2026-02-05T22:15,10.802011,43.208044,0.0,false,16.965,off,A
2026-02-05T22:30,10.168345,40.67338,0.0,false,16.366,off,A
2026-02-05T22:45,9.673599,38.694395,0.0,false,16.909,off,A
2026-02-05T23:00,9.524732,38.098929,0.0,false,16.206,off,A
2026-02-05T23:15,10.269908,41.079632,0.0,false,16.949,off,A
2026-02-05T23:30,9.617662,38.470649,0.0,false,17.309,off,A
2026-02-05T23:45,10.230326,40.921306,0.0,false,15.457,off,A
2026-02-06T00:00,10.473996,41.895984,0.0,false,16.744,off,A
2026-02-06T00:15,10.598671,42.394686,0.0,false,15.39,off,A
2026-02-06T00:30,10.807133,43.22853,0.0,false,16.253,off,A
2026-02-06T00:45,10.556324,42.225294,0.0,false,15.93,off,A
2026-02-06T01:00,10.860246,43.440983,0.0,false,15.588,off,A
2026-02-06T01:15,9.39342,37.573679,0.0,false,15.462,off,A
2026-02-06T01:30,10.456707,41.826829,0.0,false,15.676,off,A
2026-02-06T01:45,9.975743,39.902973,0.0,false,16.028,off,A
2026-02-06T02:00,9.995303,39.981213,0.0,false,15.43,off,A
2026-02-06T02:15,10.418939,41.675758,0.0,false,15.74,off,A
2026-02-06T02:30,10.388996,41.555985,0.0,false,14.653,off,A
2026-02-06T02:45,10.47502,41.90008,0.0,false,14.733,off,A
2026-02-06T03:00,10.036725,40.146901,0.0,false,14.394,off,A
2026-02-06T03:15,9.374303,37.497211,0.0,false,14.143,off,A
2026-02-06T03:30,10.449776,41.799104,0.0,false,13.666,off,A
2026-02-06T03:45,9.683469,38.733875,0.0,false,14.435,off,A
2026-02-06T04:00,10.01331,40.053238,0.0,false,14.227,off,A
2026-02-06T04:15,9.822884,39.291536,0.0,false,14.228,off,A
2026-02-06T04:30,9.539366,38.157462,0.0,false,13.704,off,A
2026-02-06T04:45,10.20969,40.838759,0.0,false,14.156,off,A
2026-02-06T05:00,10.978011,43.912045,0.0,false,13.522,off,A
2026-02-06T05:15,10.571924,42.287696,0.0,false,13.941,off,A
2026-02-06T05:30,9.794734,39.178935,0.0,false,13.414,off,A
2026-02-06T05:45,10.020855,40.083419,0.0,false,13.381,off,A
2026-02-06T06:00,19.949505,79.798022,29.868174,true,12.896,shift_1,A
2026-02-06T06:15,17.433537,69.734149,24.601343,true,13.116,shift_1,A
2026-02-06T06:30,19.351494,77.405977,27.947041,true,13.189,shift_1,A
2026-02-06T06:45,17.042477,68.169907,22.68712,true,12.993,shift_1,A
2026-02-06T07:00,14.738108,58.952431,15.541382,true,12.503,shift_1,A
2026-02-06T07:15,16.427844,65.711377,22.611089,true,12.116,shift_1,A
2026-02-06T07:30,19.358612,77.434449,27.927758,true,12.42,shift_1,A
2026-02-06T07:45,18.20584,72.823362,26.792126,true,12.752,shift_1,A
2026-02-06T08:00,17.775697,71.102786,23.904769,true,13.167,shift_1,A
2026-02-06T08:15,14.157836,56.631342,13.131815,true,12.954,shift_1,A
2026-02-06T08:30,19.826559,79.306237,29.585107,true,12.582,shift_1,A
2026-02-06T08:45,21.097078,84.388312,33.750913,true,12.47,shift_1,A
2026-02-06T09:00,18.323649,73.294597,24.818533,true,12.963,shift_1,A
2026-02-06T09:15,20.812917,83.251667,31.199901,true,13.313,shift_1,A
2026-02-06T09:30,18.975203,75.900814,26.689549,true,12.621,shift_1,A
2026-02-06T09:45,20.201171,80.804682,30.392687,true,13.591,shift_1,A
2026-02-06T10:00,21.340903,85.363612,32.654418,true,13.172,shift_1,A
2026-02-06T10:15,18.951007,75.804026,26.03287,true,13.602,shift_1,A
2026-02-06T10:30,19.733511,78.934044,28.394981,true,13.069,shift_1,A
2026-02-06T10:45,18.862866,75.451463,26.460234,true,12.686,shift_1,A
2026-02-06T11:00,19.825224,79.300895,31.624376,true,13.546,shift_1,A
2026-02-06T11:15,21.245552,84.982209,32.127899,true,12.751,shift_1,A
2026-02-06T11:30,19.137839,76.551358,26.216417,true,14.682,shift_1,A
2026-02-06T11:45,13.641127,54.564506,14.978467,true,14.955,shift_1,A
2026-02-06T12:00,16.429004,65.716017,18.897849,true,13.732,shift_1,A
2026-02-06T12:15,17.555356,70.221422,22.092953,true,13.992,shift_1,A
2026-02-06T12:30,17.410731,69.642926,22.290056,true,14.6,shift_1,A
2026-02-06T12:45,17.246295,68.98518,21.35469,true,13.966,shift_1,A
2026-02-06T13:00,16.851855,67.407421,22.029607,true,14.161,shift_1,A
2026-02-06T13:15,12.349392,49.397567,11.543363,true,14.462,shift_1,A
2026-02-06T13:30,20.770266,83.081066,30.958097,true,14.98,shift_1,A
2026-02-06T13:45,16.866004,67.464016,23.321641,true,14.808,shift_1,A
2026-02-06T14:00,17.06691,68.267638,22.718623,true,15.102,shift_2,A
2026-02-06T14:15,18.763915,75.05566,25.918522,true,15.692,shift_2,A
2026-02-06T14:30,18.078184,72.312738,26.7524,true,16.658,shift_2,A
2026-02-06T14:45,17.431854,69.727415,23.969421,true,15.02,shift_2,A
2026-02-06T15:00,20.776835,83.107339,31.599649,true,15.751,shift_2,A
2026-02-06T15:15,20.81825,83.273,31.9986,true,15.429,shift_2,A
2026-02-06T15:30,18.883813,75.535253,26.267167,true,16.161,shift_2,A
2026-02-06T15:45,19.032605,76.130419,25.897261,true,15.968,shift_2,A
2026-02-06T16:00,16.995129,67.980515,21.906476,true,17.096,shift_2,A
2026-02-06T16:15,17.689739,70.758956,25.102436,true,17.382,shift_2,A
2026-02-06T16:30,19.999059,79.996237,29.781271,true,16.429,shift_2,A
2026-02-06T16:45,19.41641,77.665641,28.458252,true,16.898,shift_2,A
2026-02-06T17:00,21.886033,87.544132,34.105052,true,17.249,shift_2,A
2026-02-06T17:15,21.71425,86.857001,33.347158,true,17.373,shift_2,A
2026-02-06T17:30,15.415398,61.661593,17.81041,true,17.78,shift_2,A
2026-02-06T17:45,18.762237,75.048948,27.364,true,17.51,shift_2,A
2026-02-06T18:00,18.086601,72.346404,24.391284,true,17.329,shift_2,A
2026-02-06T18:15,19.325519,77.302076,26.838707,true,17.811,shift_2,A
2026-02-06T18:30,18.190004,72.760016,24.924114,true,17.278,shift_2,A
2026-02-06T18:45,21.099782,84.399127,32.694083,true,17.398,shift_2,A
2026-02-06T19:00,20.311364,81.245455,32.162148,true,17.912,shift_2,A
2026-02-06T19:15,18.516504,74.066015,27.755454,true,17.656,shift_2,A
2026-02-06T19:30,17.933452,71.733809,25.832961,true,17.736,shift_2,A
2026-02-06T19:45,18.074359,72.297435,27.033329,true,18.39,shift_2,A
2026-02-06T20:00,17.901682,71.606726,24.378804,true,17.493,shift_2,A
2026-02-06T20:15,16.442432,65.769729,20.239645,true,17.344,shift_2,A
2026-02-06T20:30,20.32983,81.319319,30.025194,true,17.226,shift_2,A
2026-02-06T20:45,17.06923,68.276919,21.999252,true,17.801,shift_2,A
2026-02-06T21:00,17.651304,70.605215,25.275743,true,17.675,shift_2,A
2026-02-06T21:15,13.54238,54.169519,12.886265,true,17.594,shift_2,A
2026-02-06T21:30,15.621468,62.485872,19.21455,true,18.775,shift_2,A
2026-02-06T21:45,15.739409,62.957634,19.74775,true,17.888,shift_2,A
2026-02-06T22:00,10.061041,40.244164,0.0,false,17.277,off,A
2026-02-06T22:15,9.813535,39.25414,0.0,false,17.744,off,A
2026-02-06T22:30,9.894676,39.578705,0.0,false,16.913,off,A
2026-02-06T22:45,10.119661,40.478645,0.0,false,16.757,off,A
2026-02-06T23:00,9.66748,38.669921,0.0,false,17.682,off,A
2026-02-06T23:15,9.97205,39.888199,0.0,false,16.301,off,A
2026-02-06T23:30,9.427892,37.711567,0.0,false,16.462,off,A
2026-02-06T23:45,9.257495,37.02998,0.0,false,15.953,off,A
2026-02-07T00:00,9.703195,38.812779,0.0,false,16.548,off,B
2026-02-07T00:15,10.157605,40.630419,0.0,false,17.332,off,B
2026-02-07T00:30,9.559518,38.238073,0.0,false,15.777,off,B
2026-02-07T00:45,9.455147,37.820587,0.0,false,15.902,off,B
2026-02-07T01:00,10.439912,41.759648,0.0,false,15.939,off,B
2026-02-07T01:15,9.721875,38.8875,0.0,false,15.658,off,B
2026-02-07T01:30,9.410324,37.641295,0.0,false,14.672,off,B
2026-02-07T01:45,9.947108,39.788431,0.0,false,15.538,off,B
2026-02-07T02:00,9.429781,37.719125,0.0,false,15.426,off,B
2026-02-07T02:15,9.79909,39.196359,0.0,false,15.604,off,B
2026-02-07T02:30,9.55671,38.226841,0.0,false,14.084,off,B
2026-02-07T02:45,9.969928,39.879711,0.0,false,14.523,off,B
2026-02-07T03:00,10.350349,41.401398,0.0,false,13.852,off,B
2026-02-07T03:15,10.339286,41.357143,0.0,false,14.52,off,B
2026-02-07T03:30,9.881759,39.527036,0.0,false,15.093,off,B
2026-02-07T03:45,10.230535,40.92214,0.0,false,13.908,off,B
2026-02-07T04:00,10.43127,41.725082,0.0,false,13.213,off,B
2026-02-07T04:15,9.82912,39.316478,0.0,false,13.912,off,B
2026-02-07T04:30,9.477064,37.908256,0.0,false,13.242,off,B
2026-02-07T04:45,10.184069,40.736276,0.0,false,13.528,off,B
2026-02-07T05:00,9.077511,36.310044,0.0,false,13.555,off,B
2026-02-07T05:15,10.205317,40.821269,0.0,false,13.108,off,B
2026-02-07T05:30,9.940029,39.760116,0.0,false,14.266,off,B
2026-02-07T05:45,10.00151,40.006039,0.0,false,13.443,off,B
2026-02-07T06:00,5.039449,20.157795,0.0,false,12.965,shift_1,B
2026-02-07T06:15,4.963428,19.853711,0.0,false,12.631,shift_1,B
2026-02-07T06:30,5.840385,23.361542,0.0,false,13.254,shift_1,B
2026-02-07T06:45,5.245265,20.981059,0.0,false,12.87,shift_1,B
2026-02-07T07:00,6.386588,25.546354,0.0,false,13.421,shift_1,B
2026-02-07T07:15,5.723944,22.895777,0.0,false,12.006,shift_1,B
2026-02-07T07:30,5.628227,22.512906,0.0,false,12.922,shift_1,B
2026-02-07T07:45,6.115557,24.462227,0.0,false,13.183,shift_1,B
2026-02-07T08:00,6.361173,25.444693,0.0,false,12.768,shift_1,B
2026-02-07T08:15,5.80453,23.21812,0.0,false,12.247,shift_1,B
2026-02-07T08:30,4.932485,19.72994,0.0,false,12.138,shift_1,B
2026-02-07T08:45,5.787975,23.151899,0.0,false,13.089,shift_1,B
2026-02-07T09:00,5.723753,22.895013,0.0,false,12.627,shift_1,B
2026-02-07T09:15,5.944427,23.777708,0.0,false,12.601,shift_1,B
2026-02-07T09:30,5.58277,22.331079,0.0,false,12.282,shift_1,B
2026-02-07T09:45,5.58404,22.33616,0.0,false,13.232,shift_1,B
2026-02-07T10:00,5.451827,21.807308,0.0,false,13.167,shift_1,B
2026-02-07T10:15,4.913009,19.652035,0.0,false,11.965,shift_1,B
2026-02-07T10:30,5.777944,23.111775,0.0,false,13.847,shift_1,B
2026-02-07T10:45,5.524799,22.099198,0.0,false,14.131,shift_1,B
2026-02-07T11:00,5.444315,21.777262,0.0,false,14.407,shift_1,B
2026-02-07T11:15,5.312662,21.250648,0.0,false,14.199,shift_1,B
2026-02-07T11:30,5.861966,23.447864,0.0,false,13.534,shift_1,B
2026-02-07T11:45,6.109995,24.439981,0.0,false,13.219,shift_1,B
2026-02-07T12:00,5.497431,21.989722,0.0,false,15.003,shift_1,B
2026-02-07T12:15,5.285633,21.142533,0.0,false,14.915,shift_1,B
2026-02-07T12:30,5.594996,22.379982,0.0,false,14.251,shift_1,B
2026-02-07T12:45,5.781572,23.126289,0.0,false,14.251,shift_1,B
2026-02-07T13:00,5.760196,23.040785,0.0,false,15.131,shift_1,B
2026-02-07T13:15,4.890675,19.562698,0.0,false,14.587,shift_1,B
2026-02-07T13:30,5.358442,21.433768,0.0,false,15.214,shift_1,B
2026-02-07T13:45,5.018163,20.07265,0.0,false,14.36,shift_1,B
2026-02-07T14:00,6.109473,24.437892,0.0,false,15.189,shift_2,B
2026-02-07T14:15,5.148111,20.592446,0.0,false,15.686,shift_2,B
2026-02-07T14:30,5.102858,20.411432,0.0,false,15.118,shift_2,B
2026-02-07T14:45,5.564091,22.256365,0.0,false,15.309,shift_2,B
2026-02-07T15:00,6.582655,26.330621,0.0,false,16.535,shift_2,B
2026-02-07T15:15,5.307045,21.228179,0.0,false,17.018,shift_2,B
2026-02-07T15:30,5.53943,22.15772,0.0,false,16.758,shift_2,B
2026-02-07T15:45,5.705902,22.823609,0.0,false,17.308,shift_2,B
2026-02-07T16:00,5.885692,23.542768,0.0,false,16.334,shift_2,B
2026-02-07T16:15,5.248606,20.994424,0.0,false,16.324,shift_2,B
2026-02-07T16:30,5.392899,21.571596,0.0,false,16.697,shift_2,B
2026-02-07T16:45,5.905288,23.621152,0.0,false,15.939,shift_2,B
2026-02-07T17:00,5.004298,20.01719,0.0,false,18.434,shift_2,B
2026-02-07T17:15,4.820999,19.283996,0.0,false,17.888,shift_2,B
2026-02-07T17:30,5.167946,20.671785,0.0,false,17.274,shift_2,B
2026-02-07T17:45,5.709246,22.836985,0.0,false,17.504,shift_2,B
2026-02-07T18:00,5.43452,21.738079,0.0,false,16.85,shift_2,B
2026-02-07T18:15,5.128688,20.514752,0.0,false,17.942,shift_2,B
2026-02-07T18:30,6.013958,24.055834,0.0,false,18.261,shift_2,B
2026-02-07T18:45,6.067266,24.269063,0.0,false,17.462,shift_2,B
2026-02-07T19:00,5.254143,21.016572,0.0,false,16.775,shift_2,B
2026-02-07T19:15,5.878531,23.514123,0.0,false,18.051,shift_2,B
2026-02-07T19:30,5.891841,23.567364,0.0,false,18.361,shift_2,B
2026-02-07T19:45,5.775405,23.101621,0.0,false,17.846,shift_2,B
2026-02-07T20:00,4.912773,19.651093,0.0,false,17.847,shift_2,B
2026-02-07T20:15,5.727702,22.910807,0.0,false,18.278,shift_2,B
2026-02-07T20:30,5.269053,21.076211,0.0,false,17.747,shift_2,B
2026-02-07T20:45,5.127332,20.509327,0.0,false,18.757,shift_2,B
2026-02-07T21:00,5.219236,20.876944,0.0,false,17.782,shift_2,B
2026-02-07T21:15,5.954438,23.817752,0.0,false,17.672,shift_2,B
2026-02-07T21:30,5.37691,21.50764,0.0,false,17.846,shift_2,B
2026-02-07T21:45,5.872621,23.490484,0.0,false,17.98,shift_2,B
2026-02-07T22:00,9.827905,39.31162,0.0,false,17.463,off,B
2026-02-07T22:15,9.242673,36.970691,0.0,false,17.048,off,B
2026-02-07T22:30,9.716502,38.86601,0.0,false,18.09,off,B
2026-02-07T22:45,9.660109,38.640437,0.0,false,16.632,off,B
2026-02-07T23:00,10.443973,41.775891,0.0,false,16.53,off,B
2026-02-07T23:15,9.609311,38.437245,0.0,false,16.937,off,B
2026-02-07T23:30,9.599737,38.398948,0.0,false,16.451,off,B
2026-02-07T23:45,9.428604,37.714416,0.0,false,17.283,off,B
2026-02-08T00:00,10.195619,40.782474,0.0,false,16.723,off,A
2026-02-08T00:15,10.090481,40.361922,0.0,false,16.722,off,A
2026-02-08T00:30,9.060504,36.242018,0.0,false,16.319,off,A
2026-02-08T00:45,9.801383,39.205532,0.0,false,16.227,off,A
2026-02-08T01:00,10.578899,42.315597,0.0,false,15.419,off,A
2026-02-08T01:15,9.850681,39.402724,0.0,false,16.548,off,A
2026-02-08T01:30,10.001508,40.006031,0.0,false,15.937,off,A
2026-02-08T01:45,9.828022,39.312089,0.0,false,14.651,off,A
2026-02-08T02:00,9.955671,39.822684,0.0,false,15.867,off,A
2026-02-08T02:15,10.452452,41.809807,0.0,false,14.77,off,A
2026-02-08T02:30,9.536125,38.1445,0.0,false,15.28,off,A
2026-02-08T02:45,9.831024,39.324098,0.0,false,14.66,off,A
2026-02-08T03:00,10.304025,41.216099,0.0,false,14.293,off,A
2026-02-08T03:15,10.054798,40.21919,0.0,false,14.357,off,A
2026-02-08T03:30,9.732339,38.929354,0.0,false,15.367,off,A
2026-02-08T03:45,10.000464,40.001856,0.0,false,13.775,off,A
2026-02-08T04:00,9.866303,39.46521,0.0,false,13.956,off,A
2026-02-08T04:15,9.380242,37.520968,0.0,false,13.587,off,A
2026-02-08T04:30,9.482772,37.931089,0.0,false,13.713,off,A
2026-02-08T04:45,11.135961,44.543842,0.0,false,13.233,off,A
2026-02-08T05:00,10.950683,43.802733,0.0,false,14.876,off,A
2026-02-08T05:15,9.560629,38.242517,0.0,false,13.399,off,A
2026-02-08T05:30,9.588405,38.35362,0.0,false,13.726,off,A
2026-02-08T05:45,9.627091,38.508365,0.0,false,13.215,off,A
2026-02-08T06:00,5.457436,21.829745,0.0,false,13.714,shift_1,A
2026-02-08T06:15,5.257189,21.028754,0.0,false,13.351,shift_1,A
2026-02-08T06:30,4.774847,19.099388,0.0,false,13.023,shift_1,A
2026-02-08T06:45,5.374879,21.499515,0.0,false,13.014,shift_1,A
2026-02-08T07:00,5.311993,21.247971,0.0,false,13.226,shift_1,A
2026-02-08T07:15,5.531286,22.125144,0.0,false,12.483,shift_1,A
2026-02-08T07:30,5.442522,21.770088,0.0,false,13.684,shift_1,A
2026-02-08T07:45,4.499306,17.997224,0.0,false,13.829,shift_1,A
2026-02-08T08:00,5.392322,21.569287,0.0,false,12.499,shift_1,A
2026-02-08T08:15,4.404735,17.618938,0.0,false,12.271,shift_1,A
2026-02-08T08:30,5.102055,20.408219,0.0,false,12.978,shift_1,A
2026-02-08T08:45,5.443203,21.772812,0.0,false,12.578,shift_1,A
2026-02-08T09:00,5.251286,21.005143,0.0,false,12.908,shift_1,A
2026-02-08T09:15,5.18572,20.742879,0.0,false,13.374,shift_1,A
2026-02-08T09:30,5.989698,23.958792,0.0,false,13.691,shift_1,A
2026-02-08T09:45,5.149995,20.59998,0.0,false,12.399,shift_1,A
2026-02-08T10:00,4.990671,19.962685,0.0,false,13.728,shift_1,A
2026-02-08T10:15,5.563064,22.252257,0.0,false,13.065,shift_1,A
2026-02-08T10:30,5.969507,23.878028,0.0,false,13.95,shift_1,A
2026-02-08T10:45,5.716335,22.86534,0.0,false,13.481,shift_1,A
2026-02-08T11:00,6.15122,24.60488,0.0,false,13.829,shift_1,A
2026-02-08T11:15,5.446047,21.784188,0.0,false,13.777,shift_1,A
2026-02-08T11:30,4.982202,19.928809,0.0,false,13.812,shift_1,A
2026-02-08T11:45,4.423994,17.695977,0.0,false,13.393,shift_1,A
2026-02-08T12:00,6.284404,25.137617,0.0,false,14.917,shift_1,A
2026-02-08T12:15,5.83954,23.358161,0.0,false,13.465,shift_1,A
2026-02-08T12:30,5.419384,21.677538,0.0,false,14.676,shift_1,A
2026-02-08T12:45,5.459309,21.837237,0.0,false,14.939,shift_1,A
2026-02-08T13:00,5.862877,23.451509,0.0,false,16.111,shift_1,A
2026-02-08T13:15,5.065665,20.262659,0.0,false,14.55,shift_1,A
2026-02-08T13:30,5.393794,21.575175,0.0,false,15.795,shift_1,A
2026-02-08T13:45,5.55968,22.238718,0.0,false,15.16,shift_1,A
2026-02-08T14:00,5.962495,23.84998,0.0,false,15.465,shift_2,A
2026-02-08T14:15,4.579968,18.319872,0.0,false,15.123,shift_2,A
2026-02-08T14:30,5.182092,20.728368,0.0,false,15.48,shift_2,A
2026-02-08T14:45,4.834638,19.338552,0.0,false,15.601,shift_2,A
2026-02-08T15:00,4.917764,19.671055,0.0,false,15.608,shift_2,A
2026-02-08T15:15,5.064796,20.259185,0.0,false,16.715,shift_2,A
2026-02-08T15:30,6.074841,24.299365,0.0,false,16.274,shift_2,A
2026-02-08T15:45,5.649745,22.598979,0.0,false,16.368,shift_2,A
2026-02-08T16:00,5.730071,22.920283,0.0,false,17.185,shift_2,A
2026-02-08T16:15,5.083229,20.332914,0.0,false,16.529,shift_2,A
2026-02-08T16:30,5.575235,22.300939,0.0,false,17.599,shift_2,A
2026-02-08T16:45,5.359022,21.436088,0.0,false,16.721,shift_2,A
2026-02-08T17:00,4.788898,19.155594,0.0,false,17.174,shift_2,A
2026-02-08T17:15,5.917803,23.671212,0.0,false,17.553,shift_2,A
2026-02-08T17:30,5.16363,20.65452,0.0,false,17.088,shift_2,A
2026-02-08T17:45,5.420572,21.682288,0.0,false,17.305,shift_2,A
2026-02-08T18:00,5.840125,23.360502,0.0,false,18.606,shift_2,A
2026-02-08T18:15,5.254487,21.017947,0.0,false,17.764,shift_2,A
2026-02-08T18:30,5.426264,21.705057,0.0,false,17.78,shift_2,A
2026-02-08T18:45,5.328885,21.315538,0.0,false,17.217,shift_2,A
2026-02-08T19:00,5.071706,20.286823,0.0,false,18.067,shift_2,A
2026-02-08T19:15,5.43717,21.74868,0.0,false,17.226,shift_2,A
2026-02-08T19:30,4.811494,19.245974,0.0,false,17.711,shift_2,A
2026-02-08T19:45,5.970288,23.881152,0.0,false,18.521,shift_2,A
2026-02-08T20:00,5.317283,21.26913,0.0,false,18.975,shift_2,A
2026-02-08T20:15,5.990313,23.961253,0.0,false,18.212,shift_2,A
2026-02-08T20:30,5.960309,23.841237,0.0,false,18.182,shift_2,A
2026-02-08T20:45,5.30526,21.221038,0.0,false,17.964,shift_2,A
2026-02-08T21:00,5.696787,22.787149,0.0,false,18.081,shift_2,A
2026-02-08T21:15,5.936345,23.745382,0.0,false,18.14,shift_2,A
2026-02-08T21:30,5.414187,21.656747,0.0,false,17.821,shift_2,A
2026-02-08T21:45,5.440236,21.760944,0.0,false,18.263,shift_2,A
2026-02-08T22:00,10.379228,41.516913,0.0,false,17.187,off,A
2026-02-08T22:15,10.448172,41.792687,0.0,false,16.444,off,A
2026-02-08T22:30,10.000182,40.000727,0.0,false,17.838,off,A
2026-02-08T22:45,9.839448,39.357791,0.0,false,17.883,off,A
2026-02-08T23:00,9.425541,37.702165,0.0,false,17.35,off,A
2026-02-08T23:15,10.178005,40.712018,0.0,false,16.463,off,A
2026-02-08T23:30,9.542185,38.168741,0.0,false,16.748,off,A
2026-02-08T23:45,9.967305,39.869219,0.0,false,17.285,off,A
2026-02-09T00:00,5.434723,21.738893,0.0,false,16.449,off,A
2026-02-09T00:15,5.931507,23.726028,0.0,false,17.39,off,A
2026-02-09T00:30,5.757359,23.029435,0.0,false,16.515,off,A
2026-02-09T00:45,6.219723,24.878894,0.0,false,16.045,off,A
2026-02-09T01:00,5.356443,21.425771,0.0,false,16.834,off,A
2026-02-09T01:15,5.86873,23.474919,0.0,false,16.12,off,A
2026-02-09T01:30,5.903267,23.61307,0.0,false,16.341,off,A
2026-02-09T01:45,5.638226,22.552905,0.0,false,16.038,off,A
2026-02-09T02:00,6.085244,24.340974,0.0,false,14.735,off,A
2026-02-09T02:15,5.597981,22.391925,0.0,false,15.2,off,A
2026-02-09T02:30,5.920895,23.683578,0.0,false,15.192,off,A
2026-02-09T02:45,5.034181,20.136725,0.0,false,14.833,off,A
2026-02-09T03:00,5.778709,23.114836,0.0,false,15.619,off,A
2026-02-09T03:15,5.481984,21.927934,0.0,false,15.501,off,A
2026-02-09T03:30,5.861124,23.444497,0.0,false,14.746,off,A
2026-02-09T03:45,4.880817,19.523269,0.0,false,13.917,off,A
2026-02-09T04:00,5.244348,20.977393,0.0,false,13.87,off,A
2026-02-09T04:15,6.527488,26.10995,0.0,false,15.034,off,A
2026-02-09T04:30,5.537124,22.148498,0.0,false,13.905,off,A
2026-02-09T04:45,5.402625,21.6105,0.0,false,13.724,off,A
2026-02-09T05:00,5.636216,22.544865,0.0,false,13.935,off,A
2026-02-09T05:15,5.45578,21.82312,0.0,false,13.476,off,A
2026-02-09T05:30,5.207113,20.828452,0.0,false,13.247,off,A
2026-02-09T05:45,5.776587,23.106346,0.0,false,13.253,off,A
2026-02-09T06:00,17.140316,68.561263,21.29503,true,13.61,shift_1,A
2026-02-09T06:15,19.562249,78.248995,28.744049,true,13.32,shift_1,A
2026-02-09T06:30,20.828235,83.312941,31.065063,true,14.123,shift_1,A
2026-02-09T06:45,17.349892,69.399568,21.04227,true,13.886,shift_1,A
2026-02-09T07:00,17.914667,71.658669,24.929122,true,12.505,shift_1,A
2026-02-09T07:15,15.44119,61.764761,18.361975,true,12.127,shift_1,A
2026-02-09T07:30,17.92435,71.697402,23.352674,true,13.297,shift_1,A
2026-02-09T07:45,17.16768,68.670719,20.965294,true,12.874,shift_1,A
2026-02-09T08:00,17.453337,69.813349,24.770044,true,13.636,shift_1,A
2026-02-09T08:15,17.760955,71.04382,23.82111,true,12.492,shift_1,A
2026-02-09T08:30,19.138503,76.554014,27.153977,true,13.653,shift_1,A
2026-02-09T08:45,17.186057,68.744228,21.254103,true,13.296,shift_1,A
2026-02-09T09:00,20.77988,83.119519,30.092171,true,13.877,shift_1,A
2026-02-09T09:15,19.807924,79.231695,27.767689,true,13.04,shift_1,A
2026-02-09T09:30,18.845827,75.383306,24.858197,true,13.137,shift_1,A
2026-02-09T09:45,17.804592,71.21837,24.023467,true,13.213,shift_1,A
2026-02-09T10:00,21.945365,87.781461,33.306267,true,12.296,shift_1,A
2026-02-09T10:15,18.8079,75.231601,24.683142,true,12.832,shift_1,A
2026-02-09T10:30,18.611249,74.444995,26.265866,true,14.032,shift_1,A
2026-02-09T10:45,22.307393,89.229573,34.832134,true,13.853,shift_1,A
2026-02-09T11:00,19.367029,77.468117,26.450911,true,14.047,shift_1,A
2026-02-09T11:15,16.738937,66.955746,21.663252,true,14.175,shift_1,A
2026-02-09T11:30,14.93966,59.758638,17.711406,true,14.911,shift_1,A
2026-02-09T11:45,18.011797,72.047187,25.717902,true,14.417,shift_1,A
2026-02-09T12:00,18.404921,73.619683,24.342847,true,12.53,shift_1,A
2026-02-09T12:15,16.505166,66.020665,19.858924,true,13.926,shift_1,A
2026-02-09T12:30,16.424043,65.69617,20.808098,true,15.277,shift_1,A
2026-02-09T12:45,17.824846,71.299386,24.836607,true,13.97,shift_1,A
2026-02-09T13:00,13.62673,54.506921,12.284142,true,14.8,shift_1,A
2026-02-09T13:15,15.193891,60.775563,17.523193,true,14.122,shift_1,A
2026-02-09T13:30,14.323786,57.295143,16.003552,true,14.196,shift_1,A
2026-02-09T13:45,16.373911,65.495643,20.428294,true,14.449,shift_1,A
2026-02-09T14:00,18.470074,73.880297,28.267913,true,16.384,shift_2,A
2026-02-09T14:15,16.293798,65.175193,19.642697,true,15.59,shift_2,A
2026-02-09T14:30,18.769298,75.077191,25.830224,true,15.687,shift_2,A
2026-02-09T14:45,14.533934,58.135736,15.999802,true,15.825,shift_2,A
2026-02-09T15:00,19.032537,76.130148,27.373823,true,16.49,shift_2,A
2026-02-09T15:15,17.420918,69.68367,24.356914,true,16.669,shift_2,A
2026-02-09T15:30,20.408473,81.633891,29.378939,true,16.575,shift_2,A
2026-02-09T15:45,18.560628,74.242514,26.209375,true,16.345,shift_2,A
2026-02-09T16:00,18.819056,75.276226,27.595162,true,16.107,shift_2,A
2026-02-09T16:15,17.201897,68.807589,23.068099,true,16.956,shift_2,A
2026-02-09T16:30,19.237943,76.951772,27.199789,true,17.023,shift_2,A
2026-02-09T16:45,18.622359,74.489434,25.744308,true,16.976,shift_2,A
2026-02-09T17:00,18.955497,75.821987,27.575896,true,17.09,shift_2,A
2026-02-09T17:15,21.165127,84.660508,31.846501,true,17.386,shift_2,A
2026-02-09T17:30,21.729042,86.916168,33.984521,true,17.924,shift_2,A
2026-02-09T17:45,19.143995,76.575981,26.428628,true,18.107,shift_2,A
2026-02-09T18:00,22.937609,91.750436,36.397956,true,18.075,shift_2,A
2026-02-09T18:15,19.777272,79.109086,29.621846,true,18.113,shift_2,A
2026-02-09T18:30,20.450373,81.801493,32.162374,true,17.518,shift_2,A
2026-02-09T18:45,19.890726,79.562906,28.760928,true,18.682,shift_2,A
2026-02-09T19:00,19.597813,78.391253,28.72425,true,18.432,shift_2,A
2026-02-09T19:15,19.937494,79.749978,28.934791,true,16.91,shift_2,A
2026-02-09T19:30,19.21384,76.855358,27.755587,true,17.277,shift_2,A
2026-02-09T19:45,15.205789,60.823154,17.878768,true,18.547,shift_2,A
2026-02-09T20:00,16.975171,67.900683,21.678771,true,17.934,shift_2,A
2026-02-09T20:15,14.013767,56.055066,14.256411,true,16.998,shift_2,A
2026-02-09T20:30,16.810731,67.242925,21.066481,true,18.285,shift_2,A
2026-02-09T20:45,19.274717,77.098866,27.726181,true,18.136,shift_2,A
2026-02-09T21:00,18.056073,72.224294,24.529168,true,17.093,shift_2,A
2026-02-09T21:15,15.919125,63.676498,16.780429,true,18.65,shift_2,A
2026-02-09T21:30,15.655327,62.621306,18.757635,true,17.8,shift_2,A
2026-02-09T21:45,17.583415,70.333661,24.21815,true,18.333,shift_2,A
2026-02-09T22:00,5.89158,23.566321,0.0,false,18.041,off,A
2026-02-09T22:15,6.182474,24.729895,0.0,false,17.614,off,A
2026-02-09T22:30,4.531699,18.126797,0.0,false,18.571,off,A
2026-02-09T22:45,6.241397,24.965586,0.0,false,17.427,off,A
2026-02-09T23:00,6.093676,24.374706,0.0,false,17.549,off,A
2026-02-09T23:15,4.921902,19.687606,0.0,false,17.466,off,A
2026-02-09T23:30,5.496291,21.985165,0.0,false,16.738,off,A
2026-02-09T23:45,5.474971,21.899882,0.0,false,17.589,off,A
2026-02-10T00:00,5.284028,21.136113,0.0,false,16.642,off,B
2026-02-10T00:15,5.582659,22.330637,0.0,false,16.832,off,B
2026-02-10T00:30,5.444518,21.778073,0.0,false,17.737,off,B
2026-02-10T00:45,5.74736,22.989441,0.0,false,15.816,off,B
2026-02-10T01:00,5.569959,22.279836,0.0,false,16.415,off,B
2026-02-10T01:15,5.688236,22.752945,0.0,false,15.762,off,B
2026-02-10T01:30,5.284349,21.137397,0.0,false,15.715,off,B
2026-02-10T01:45,5.891545,23.566179,0.0,false,15.501,off,B
2026-02-10T02:00,5.4644,21.857598,0.0,false,14.915,off,B
2026-02-10T02:15,5.798569,23.194276,0.0,false,15.336,off,B
2026-02-10T02:30,5.865127,23.460509,0.0,false,15.217,off,B
2026-02-10T02:45,5.6729,22.691601,0.0,false,14.762,off,B
2026-02-10T03:00,5.534025,22.136101,0.0,false,15.123,off,B
2026-02-10T03:15,5.712669,22.850677,0.0,false,15.611,off,B
2026-02-10T03:30,5.939272,23.757089,0.0,false,14.809,off,B
2026-02-10T03:45,5.399738,21.598953,0.0,false,14.719,off,B
2026-02-10T04:00,6.393237,25.572948,0.0,false,14.866,off,B
2026-02-10T04:15,5.757625,23.030499,0.0,false,13.964,off,B
2026-02-10T04:30,5.53794,22.151761,0.0,false,14.178,off,B
2026-02-10T04:45,5.24561,20.98244,0.0,false,13.04,off,B
2026-02-10T05:00,6.073977,24.295906,0.0,false,13.462,off,B
2026-02-10T05:15,6.031503,24.126013,0.0,false,13.193,off,B
2026-02-10T05:30,5.430462,21.721847,0.0,false,13.174,off,B
2026-02-10T05:45,5.277534,21.110137,0.0,false,13.352,off,B
2026-02-10T06:00,22.302764,89.211056,30.874274,true,12.687,shift_1,B
2026-02-10T06:15,21.318271,85.273083,28.794168,true,13.992,shift_1,B
2026-02-10T06:30,17.489836,69.959343,20.257671,true,13.943,shift_1,B
2026-02-10T06:45,19.687223,78.748891,26.031046,true,13.991,shift_1,B
2026-02-10T07:00,18.350589,73.402358,23.207256,true,12.778,shift_1,B
2026-02-10T07:15,20.88136,83.525438,27.21681,true,11.686,shift_1,B
2026-02-10T07:30,19.494275,77.977098,26.090699,true,13.467,shift_1,B
2026-02-10T07:45,22.05798,88.231919,32.61273,true,13.018,shift_1,B
2026-02-10T08:00,16.841486,67.365946,18.489772,true,14.264,shift_1,B
2026-02-10T08:15,18.0901,72.360402,24.164537,true,12.803,shift_1,B
2026-02-10T08:30,21.449534,85.798135,28.946447,true,13.628,shift_1,B
2026-02-10T08:45,23.215381,92.861522,33.85266,true,12.932,shift_1,B
2026-02-10T09:00,19.804,79.215998,24.989554,true,13.131,shift_1,B
2026-02-10T09:15,20.817338,83.269351,29.847318,true,13.446,shift_1,B
2026-02-10T09:30,18.0805,72.321999,22.897055,true,13.293,shift_1,B
2026-02-10T09:45,21.864665,87.458661,30.999925,true,12.463,shift_1,B
2026-02-10T10:00,18.589645,74.358581,23.156879,true,13.469,shift_1,B
2026-02-10T10:15,20.694412,82.777649,27.610631,true,13.056,shift_1,B
2026-02-10T10:30,21.585775,86.3431,30.880799,true,13.836,shift_1,B
2026-02-10T10:45,20.668594,82.674378,29.122079,true,12.781,shift_1,B
2026-02-10T11:00,17.741647,70.966588,21.58286,true,13.704,shift_1,B
2026-02-10T11:15,19.044393,76.177572,25.512275,true,14.316,shift_1,B
2026-02-10T11:30,20.678875,82.715498,28.139928,true,14.183,shift_1,B
2026-02-10T11:45,23.26439,93.057558,32.598784,true,14.384,shift_1,B
2026-02-10T12:00,19.131896,76.527585,24.247552,true,14.738,shift_1,B
2026-02-10T12:15,20.339467,81.357869,25.652243,true,13.832,shift_1,B
2026-02-10T12:30,19.0626,76.250402,25.146941,true,14.649,shift_1,B
2026-02-10T12:45,18.753903,75.015613,23.425884,true,15.386,shift_1,B
2026-02-10T13:00,16.413502,65.65401,18.46249,true,14.81,shift_1,B
2026-02-10T13:15,17.303717,69.214868,20.883594,true,14.64,shift_1,B
2026-02-10T13:30,20.440741,81.762966,27.317117,true,16.166,shift_1,B
2026-02-10T13:45,20.125223,80.500893,27.004149,true,15.154,shift_1,B
2026-02-10T14:00,19.056894,76.227577,22.81822,true,16.243,shift_2,B
2026-02-10T14:15,18.871884,75.487536,24.41198,true,15.68,shift_2,B
2026-02-10T14:30,16.333982,65.335927,19.17478,true,15.945,shift_2,B
2026-02-10T14:45,16.800444,67.201776,20.06617,true,15.288,shift_2,B
2026-02-10T15:00,17.65247,70.609879,21.305624,true,16.423,shift_2,B
2026-02-10T15:15,19.902977,79.611908,27.811078,true,17.091,shift_2,B
2026-02-10T15:30,20.645999,82.583995,28.214904,true,16.791,shift_2,B
2026-02-10T15:45,20.250799,81.003195,27.406063,true,16.263,shift_2,B
2026-02-10T16:00,21.170117,84.680467,28.906863,true,17.015,shift_2,B
2026-02-10T16:15,16.468369,65.873476,18.334931,true,16.774,shift_2,B
2026-02-10T16:30,19.862651,79.450606,25.97101,true,17.092,shift_2,B
2026-02-10T16:45,18.25366,73.01464,21.771195,true,17.547,shift_2,B
2026-02-10T17:00,20.760708,83.042832,28.288062,true,17.575,shift_2,B
2026-02-10T17:15,21.435727,85.742908,29.987835,true,18.606,shift_2,B
2026-02-10T17:30,20.186614,80.746455,26.572888,true,16.821,shift_2,B
2026-02-10T17:45,20.365653,81.462612,27.303663,true,17.075,shift_2,B
2026-02-10T18:00,17.315808,69.26323,20.553616,true,18.19,shift_2,B
2026-02-10T18:15,20.803851,83.215405,28.061785,true,17.756,shift_2,B
2026-02-10T18:30,23.987276,95.949104,33.408476,true,18.38,shift_2,B
2026-02-10T18:45,21.432369,85.729477,30.016843,true,18.109,shift_2,B
2026-02-10T19:00,18.351963,73.407853,22.943364,true,18.007,shift_2,B
2026-02-10T19:15,17.546978,70.187913,20.771905,true,17.759,shift_2,B
2026-02-10T19:30,20.417708,81.670832,27.818706,true,17.83,shift_2,B
2026-02-10T19:45,23.248169,92.992675,33.611648,true,18.379,shift_2,B
2026-02-10T20:00,19.033676,76.134705,24.159916,true,17.953,shift_2,B
2026-02-10T20:15,19.278498,77.113993,23.861653,true,17.919,shift_2,B
2026-02-10T20:30,18.452026,73.808103,22.836867,true,18.253,shift_2,B
2026-02-10T20:45,18.24966,72.998639,22.311731,true,18.026,shift_2,B
2026-02-10T21:00,18.112696,72.450784,21.565368,true,17.846,shift_2,B
2026-02-10T21:15,21.506835,86.027338,31.217689,true,17.659,shift_2,B
2026-02-10T21:30,19.912096,79.648384,26.056477,true,18.173,shift_2,B
2026-02-10T21:45,20.715354,82.861416,28.481759,true,18.022,shift_2,B
2026-02-10T22:00,5.366572,21.466288,0.0,false,17.609,off,B
2026-02-10T22:15,5.08355,20.3342,0.0,false,18.706,off,B
2026-02-10T22:30,5.167659,20.670637,0.0,false,18.155,off,B
2026-02-10T22:45,5.942481,23.769923,0.0,false,17.78,off,B
2026-02-10T23:00,5.146542,20.586168,0.0,false,16.788,off,B
2026-02-10T23:15,5.980563,23.922252,0.0,false,17.715,off,B
2026-02-10T23:30,6.199469,24.797874,0.0,false,16.86,off,B
2026-02-10T23:45,5.652707,22.610828,0.0,false,16.885,off,B
2026-02-11T00:00,5.204144,20.816578,0.0,false,17.617,off,A
2026-02-11T00:15,5.201262,20.805049,0.0,false,17.669,off,A
2026-02-11T00:30,5.345247,21.380987,0.0,false,16.64,off,A
2026-02-11T00:45,5.512735,22.050939,0.0,false,17.697,off,A
2026-02-11T01:00,5.969718,23.878871,0.0,false,16.812,off,A
2026-02-11T01:15,5.859945,23.439781,0.0,false,16.006,off,A
2026-02-11T01:30,4.809428,19.23771,0.0,false,15.9,off,A
2026-02-11T01:45,5.520175,22.080699,0.0,false,15.709,off,A
2026-02-11T02:00,5.023927,20.095708,0.0,false,14.613,off,A
2026-02-11T02:15,5.671394,22.685575,0.0,false,15.529,off,A
2026-02-11T02:30,5.491676,21.966702,0.0,false,15.721,off,A
2026-02-11T02:45,5.731987,22.927949,0.0,false,14.914,off,A
2026-02-11T03:00,5.783257,23.133027,0.0,false,14.401,off,A
2026-02-11T03:15,5.865714,23.462857,0.0,false,14.166,off,A
2026-02-11T03:30,6.123278,24.493114,0.0,false,14.324,off,A
2026-02-11T03:45,5.252554,21.010217,0.0,false,14.412,off,A
2026-02-11T04:00,5.729394,22.917576,0.0,false,13.97,off,A
2026-02-11T04:15,5.396122,21.584488,0.0,false,13.739,off,A
2026-02-11T04:30,5.14484,20.579362,0.0,false,14.423,off,A
2026-02-11T04:45,5.296059,21.184238,0.0,false,13.625,off,A
2026-02-11T05:00,5.210867,20.84347,0.0,false,13.284,off,A
2026-02-11T05:15,4.876668,19.506672,0.0,false,13.843,off,A
2026-02-11T05:30,5.530175,22.120701,0.0,false,13.751,off,A
2026-02-11T05:45,5.497151,21.988605,0.0,false,13.745,off,A
2026-02-11T06:00,16.145257,64.581026,19.411654,true,12.392,shift_1,A
2026-02-11T06:15,16.214371,64.857483,18.280087,true,13.405,shift_1,A
2026-02-11T06:30,15.107887,60.431549,17.212242,true,14.04,shift_1,A
2026-02-11T06:45,20.182669,80.730676,32.345824,true,13.632,shift_1,A
2026-02-11T07:00,17.317807,69.271229,22.591224,true,13.634,shift_1,A
2026-02-11T07:15,22.118032,88.472127,33.132245,true,13.129,shift_1,A
2026-02-11T07:30,17.479784,69.919136,20.538257,true,13.113,shift_1,A
2026-02-11T07:45,16.781348,67.125392,20.212973,true,13.45,shift_1,A
2026-02-11T08:00,18.349933,73.399731,24.329403,true,13.129,shift_1,A
2026-02-11T08:15,20.618288,82.473153,31.087456,true,12.374,shift_1,A
2026-02-11T08:30,18.587838,74.351353,27.749555,true,13.428,shift_1,A
2026-02-11T08:45,19.952479,79.809915,29.025435,true,12.893,shift_1,A
2026-02-11T09:00,15.823016,63.292063,19.174718,true,13.282,shift_1,A
2026-02-11T09:15,17.943676,71.774704,23.876591,true,12.964,shift_1,A
2026-02-11T09:30,16.337419,65.349676,20.363204,true,13.572,shift_1,A
2026-02-11T09:45,19.65944,78.637759,28.977712,true,13.772,shift_1,A
2026-02-11T10:00,17.843588,71.374353,22.165085,true,13.57,shift_1,A
2026-02-11T10:15,16.938552,67.754209,23.684722,true,13.717,shift_1,A
2026-02-11T10:30,18.515928,74.063714,24.782773,true,12.861,shift_1,A
2026-02-11T10:45,18.324997,73.299986,26.403378,true,13.564,shift_1,A
2026-02-11T11:00,22.392884,89.571537,38.67737,true,14.706,shift_1,A
2026-02-11T11:15,20.162719,80.650876,29.593238,true,13.897,shift_1,A
2026-02-11T11:30,18.225089,72.900355,24.405451,true,13.951,shift_1,A
2026-02-11T11:45,14.987738,59.950951,17.463999,true,15.099,shift_1,A
2026-02-11T12:00,16.362877,65.451509,20.863336,true,14.709,shift_1,A
2026-02-11T12:15,18.747961,74.991846,26.994337,true,15.286,shift_1,A
2026-02-11T12:30,15.692565,62.77026,18.393168,true,15.011,shift_1,A
2026-02-11T12:45,20.708323,82.833291,30.84621,true,15.153,shift_1,A
2026-02-11T13:00,17.525064,70.100255,23.549604,true,15.152,shift_1,A
2026-02-11T13:15,20.515608,82.062432,30.452671,true,15.855,shift_1,A
2026-02-11T13:30,15.624828,62.499311,19.782002,true,15.422,shift_1,A
2026-02-11T13:45,19.351197,77.404788,27.837987,true,15.34,shift_1,A
2026-02-11T14:00,16.75286,67.01144,22.977684,true,16.369,shift_2,A
2026-02-11T14:15,19.498027,77.992109,28.128012,true,15.55,shift_2,A
2026-02-11T14:30,17.540097,70.160389,23.851566,true,16.118,shift_2,A
2026-02-11T14:45,17.0389,68.155601,21.629957,true,16.538,shift_2,A
2026-02-11T15:00,15.50359,62.014359,16.487712,true,16.387,shift_2,A
2026-02-11T15:15,19.984343,79.93737,29.030588,true,16.407,shift_2,A
2026-02-11T15:30,17.454412,69.817649,22.900016,true,16.675,shift_2,A
2026-02-11T15:45,16.59028,66.361121,21.405633,true,16.57,shift_2,A
2026-02-11T16:00,16.562046,66.248182,20.952879,true,16.144,shift_2,A
2026-02-11T16:15,14.999976,59.999902,16.280697,true,17.397,shift_2,A
2026-02-11T16:30,21.13271,84.53084,31.199658,true,17.916,shift_2,A
2026-02-11T16:45,16.581188,66.32475,22.310989,true,16.776,shift_2,A
2026-02-11T17:00,22.731917,90.927669,38.386203,true,18.181,shift_2,A
2026-02-11T17:15,15.897511,63.590044,21.029659,true,17.528,shift_2,A
2026-02-11T17:30,21.972509,87.890038,35.285535,true,17.238,shift_2,A
2026-02-11T17:45,20.302077,81.208309,31.318982,true,18.21,shift_2,A
2026-02-11T18:00,17.053169,68.212676,22.610324,true,18.563,shift_2,A
2026-02-11T18:15,18.676243,74.704971,26.521851,true,18.195,shift_2,A
2026-02-11T18:30,20.824407,83.297628,33.670402,true,18.445,shift_2,A
2026-02-11T18:45,22.323504,89.294017,34.043818,true,18.112,shift_2,A
2026-02-11T19:00,17.68836,70.753441,23.625357,true,16.885,shift_2,A
2026-02-11T19:15,20.612011,82.448045,30.757472,true,17.973,shift_2,A
2026-02-11T19:30,18.349026,73.396103,25.601357,true,18.481,shift_2,A
2026-02-11T19:45,19.897083,79.588332,29.066895,true,18.692,shift_2,A
2026-02-11T20:00,16.789294,67.157177,22.174448,true,18.284,shift_2,A
2026-02-11T20:15,20.018591,80.074364,30.772398,true,18.29,shift_2,A
2026-02-11T20:30,18.933149,75.732595,27.19073,true,18.373,shift_2,A
2026-02-11T20:45,19.05433,76.217318,28.0463,true,18.123,shift_2,A
2026-02-11T21:00,14.885362,59.541448,15.798318,true,18.841,shift_2,A
2026-02-11T21:15,19.768966,79.075864,31.186983,true,18.445,shift_2,A
2026-02-11T21:30,19.609713,78.438852,29.475796,true,17.51,shift_2,A
2026-02-11T21:45,19.439875,77.759502,29.33395,true,17.959,shift_2,A
2026-02-11T22:00,5.104916,20.419664,0.0,false,17.374,off,A
2026-02-11T22:15,5.200717,20.80287,0.0,false,17.788,off,A
2026-02-11T22:30,5.45446,21.817839,0.0,false,17.742,off,A
2026-02-11T22:45,5.235603,20.942413,0.0,false,17.86,off,A
2026-02-11T23:00,5.838506,23.354024,0.0,false,17.774,off,A
2026-02-11T23:15,5.675524,22.702095,0.0,false,17.824,off,A
2026-02-11T23:30,5.541615,22.166461,0.0,false,17.037,off,A
2026-02-11T23:45,5.622062,22.488248,0.0,false,16.419,off,A
2026-02-12T00:00,5.237377,20.949509,0.0,false,17.532,off,A
2026-02-12T00:15,5.833211,23.332844,0.0,false,17.631,off,A
2026-02-12T00:30,5.051598,20.206391,0.0,false,17.768,off,A
2026-02-12T00:45,5.234923,20.939692,0.0,false,16.671,off,A
2026-02-12T01:00,5.807596,23.230383,0.0,false,16.269,off,A
2026-02-12T01:15,5.489669,21.958675,0.0,false,16.894,off,A
2026-02-12T01:30,5.065381,20.261525,0.0,false,15.988,off,A
2026-02-12T01:45,5.609992,22.439966,0.0,false,15.968,off,A
2026-02-12T02:00,5.873951,23.495804,0.0,false,16.144,off,A
2026-02-12T02:15,5.228918,20.915671,0.0,false,15.386,off,A
2026-02-12T02:30,5.60604,22.42416,0.0,false,16.168,off,A
2026-02-12T02:45,6.141645,24.566582,0.0,false,14.485,off,A
2026-02-12T03:00,5.824296,23.297184,0.0,false,14.841,off,A
2026-02-12T03:15,5.522181,22.088722,0.0,false,14.862,off,A
2026-02-12T03:30,4.771467,19.085869,0.0,false,15.707,off,A
2026-02-12T03:45,5.209914,20.839656,0.0,false,14.563,off,A
2026-02-12T04:00,5.374155,21.49662,0.0,false,14.442,off,A
2026-02-12T04:15,5.67185,22.6874,0.0,false,14.903,off,A
2026-02-12T04:30,6.102426,24.409705,0.0,false,14.072,off,A
2026-02-12T04:45,5.147035,20.588138,0.0,false,14.602,off,A
2026-02-12T05:00,5.228659,20.914634,0.0,false,13.874,off,A
2026-02-12T05:15,5.345907,21.383628,0.0,false,14.057,off,A
2026-02-12T05:30,5.287945,21.151779,0.0,false,14.219,off,A
2026-02-12T05:45,5.260205,21.040819,0.0,false,13.757,off,A
2026-02-12T06:00,18.804152,75.216609,28.150015,true,13.36,shift_1,A
2026-02-12T06:15,19.900261,79.601045,28.070065,true,13.704,shift_1,A
2026-02-12T06:30,20.142962,80.571849,30.158225,true,13.05,shift_1,A
2026-02-12T06:45,17.916063,71.664251,25.661505,true,13.508,shift_1,A
2026-02-12T07:00,19.093106,76.372424,28.016152,true,14.07,shift_1,A
2026-02-12T07:15,22.61148,90.445922,36.625562,true,13.082,shift_1,A
2026-02-12T07:30,15.011687,60.046748,17.043649,true,13.314,shift_1,A
2026-02-12T07:45,17.417983,69.671934,22.864376,true,13.596,shift_1,A
2026-02-12T08:00,18.259767,73.039067,24.150953,true,13.491,shift_1,A
2026-02-12T08:15,18.562893,74.251574,25.980244,true,13.239,shift_1,A
2026-02-12T08:30,20.310601,81.242404,29.685245,true,12.451,shift_1,A
2026-02-12T08:45,19.849492,79.397969,29.378165,true,13.766,shift_1,A
2026-02-12T09:00,23.986396,95.945586,41.102508,true,13.687,shift_1,A
2026-02-12T09:15,20.530919,82.123677,30.178822,true,13.764,shift_1,A
2026-02-12T09:30,23.737352,94.949407,37.989686,true,12.807,shift_1,A
2026-02-12T09:45,22.969539,91.878157,37.170082,true,13.472,shift_1,A
2026-02-12T10:00,18.995686,75.982744,29.161879,true,14.724,shift_1,A
2026-02-12T10:15,17.938161,71.752644,25.774996,true,13.738,shift_1,A
2026-02-12T10:30,19.563666,78.254664,29.324583,true,13.352,shift_1,A
2026-02-12T10:45,15.88353,63.534118,19.309148,true,14.451,shift_1,A
2026-02-12T11:00,19.707735,78.830941,29.503173,true,14.297,shift_1,A
2026-02-12T11:15,16.736114,66.944455,21.979634,true,14.317,shift_1,A
2026-02-12T11:30,21.25642,85.02568,33.336781,true,13.597,shift_1,A
2026-02-12T11:45,18.71761,74.870439,24.962549,true,13.944,shift_1,A
2026-02-12T12:00,17.567127,70.268506,21.530566,true,15.459,shift_1,A
2026-02-12T12:15,20.99937,83.997479,31.348989,true,14.697,shift_1,A
2026-02-12T12:30,16.268288,65.073154,21.76987,true,14.489,shift_1,A
2026-02-12T12:45,18.843058,75.37223,26.900623,true,15.045,shift_1,A
2026-02-12T13:00,19.208609,76.834436,26.798849,true,14.563,shift_1,A
2026-02-12T13:15,16.832289,67.329156,21.152115,true,15.426,shift_1,A
2026-02-12T13:30,18.515183,74.060734,25.455722,true,15.033,shift_1,A
2026-02-12T13:45,22.123639,88.494558,33.252716,true,16.196,shift_1,A
2026-02-12T14:00,17.007763,68.031051,21.26604,true,16.272,shift_2,A
2026-02-12T14:15,17.721836,70.887345,23.925641,true,15.288,shift_2,A
2026-02-12T14:30,18.635586,74.542344,26.601502,true,15.905,shift_2,A
2026-02-12T14:45,18.328901,73.315603,23.401952,true,17.323,shift_2,A
2026-02-12T15:00,16.125333,64.501334,19.560738,true,16.621,shift_2,A
2026-02-12T15:15,17.868831,71.475323,24.084221,true,17.705,shift_2,A
2026-02-12T15:30,20.10928,80.437119,29.181405,true,17.063,shift_2,A
2026-02-12T15:45,16.788976,67.155903,21.938807,true,16.089,shift_2,A
2026-02-12T16:00,17.085031,68.340123,22.012218,true,18.599,shift_2,A
2026-02-12T16:15,20.252803,81.011214,28.940643,true,18.564,shift_2,A
2026-02-12T16:30,15.63035,62.521399,18.879546,true,17.777,shift_2,A
2026-02-12T16:45,14.696646,58.786584,18.137514,true,17.354,shift_2,A
2026-02-12T17:00,22.44171,89.766842,37.079246,true,18.097,shift_2,A
2026-02-12T17:15,22.488996,89.955984,35.014057,true,17.651,shift_2,A
2026-02-12T17:30,19.410959,77.643837,27.732731,true,17.107,shift_2,A
2026-02-12T17:45,18.094625,72.3785,25.335241,true,16.968,shift_2,A
2026-02-12T18:00,17.890736,71.562946,24.103315,true,16.843,shift_2,A
2026-02-12T18:15,17.061432,68.245726,21.537141,true,18.284,shift_2,A
2026-02-12T18:30,18.827904,75.311616,27.264687,true,18.04,shift_2,A
2026-02-12T18:45,21.105577,84.422307,32.049163,true,17.111,shift_2,A
2026-02-12T19:00,17.579813,70.319254,24.829113,true,18.232,shift_2,A
2026-02-12T19:15,18.351938,73.407751,24.829783,true,18.484,shift_2,A
2026-02-12T19:30,17.617648,70.470593,24.284685,true,18.644,shift_2,A
2026-02-12T19:45,18.68043,74.721721,28.052691,true,18.241,shift_2,A
2026-02-12T20:00,15.60913,62.436519,18.723148,true,18.423,shift_2,A
2026-02-12T20:15,16.084293,64.337174,20.629282,true,19.479,shift_2,A
2026-02-12T20:30,17.31283,69.251318,24.086804,true,18.103,shift_2,A
2026-02-12T20:45,19.564939,78.259755,28.030562,true,18.452,shift_2,A
2026-02-12T21:00,17.100783,68.403132,23.172553,true,18.418,shift_2,A
2026-02-12T21:15,18.582656,74.330622,26.893263,true,18.214,shift_2,A
2026-02-12T21:30,18.758971,75.035885,24.137634,true,18.034,shift_2,A
2026-02-12T21:45,20.687156,82.748626,30.724571,true,18.636,shift_2,A
2026-02-12T22:00,5.744972,22.979887,0.0,false,17.687,off,A
2026-02-12T22:15,5.103753,20.415011,0.0,false,18.671,off,A
2026-02-12T22:30,5.551644,22.206577,0.0,false,17.843,off,A
2026-02-12T22:45,5.966624,23.866495,0.0,false,17.99,off,A
2026-02-12T23:00,5.437194,21.748775,0.0,false,17.498,off,A
2026-02-12T23:15,5.30792,21.231682,0.0,false,19.052,off,A
2026-02-12T23:30,5.555699,22.222796,0.0,false,16.665,off,A
2026-02-12T23:45,5.432365,21.729461,0.0,false,16.937,off,A
2026-02-13T00:00,4.587071,18.348282,0.0,false,17.118,off,B
2026-02-13T00:15,5.591731,22.366922,0.0,false,17.076,off,B
2026-02-13T00:30,5.569091,22.276363,0.0,false,17.477,off,B
2026-02-13T00:45,6.156761,24.627042,0.0,false,17.309,off,B
2026-02-13T01:00,5.684725,22.738901,0.0,false,16.837,off,B
2026-02-13T01:15,5.74901,22.996039,0.0,false,16.25,off,B
2026-02-13T01:30,4.560848,18.24339,0.0,false,16.089,off,B
2026-02-13T01:45,5.955708,23.822831,0.0,false,16.028,off,B
2026-02-13T02:00,5.392733,21.570933,0.0,false,16.371,off,B
2026-02-13T02:15,5.393808,21.57523,0.0,false,15.368,off,B
2026-02-13T02:30,5.032099,20.128395,0.0,false,15.584,off,B
2026-02-13T02:45,5.467885,21.87154,0.0,false,14.936,off,B
2026-02-13T03:00,5.730901,22.923604,0.0,false,15.388,off,B
2026-02-13T03:15,4.728687,18.914747,0.0,false,14.722,off,B
2026-02-13T03:30,5.89198,23.567919,0.0,false,14.874,off,B
2026-02-13T03:45,5.157733,20.630932,0.0,false,14.084,off,B
2026-02-13T04:00,6.158558,24.634234,0.0,false,14.342,off,B
2026-02-13T04:15,5.367452,21.469808,0.0,false,15.093,off,B
2026-02-13T04:30,5.218048,20.872191,0.0,false,14.795,off,B
2026-02-13T04:45,4.764247,19.056988,0.0,false,14.262,off,B
2026-02-13T05:00,5.11839,20.47356,0.0,false,13.67,off,B
2026-02-13T05:15,5.72242,22.88968,0.0,false,13.464,off,B
2026-02-13T05:30,5.90292,23.611682,0.0,false,13.447,off,B
2026-02-13T05:45,5.595087,22.380348,0.0,false,14.127,off,B
2026-02-13T06:00,19.105289,76.421155,25.179794,true,14.348,shift_1,B
2026-02-13T06:15,19.794913,79.179652,27.295063,true,13.469,shift_1,B
2026-02-13T06:30,18.723527,74.894107,23.066,true,14.073,shift_1,B
2026-02-13T06:45,17.945137,71.780548,20.369937,true,13.619,shift_1,B
2026-02-13T07:00,19.550593,78.202371,26.042811,true,13.391,shift_1,B
2026-02-13T07:15,19.248064,76.992256,25.315325,true,13.073,shift_1,B
2026-02-13T07:30,19.478782,77.915128,25.87663,true,13.418,shift_1,B
2026-02-13T07:45,20.045662,80.182648,28.595069,true,13.925,shift_1,B
2026-02-13T08:00,18.546013,74.184051,24.136086,true,12.971,shift_1,B
2026-02-13T08:15,21.508209,86.032837,29.626962,true,13.068,shift_1,B
2026-02-13T08:30,17.377996,69.511984,20.29481,true,12.642,shift_1,B
2026-02-13T08:45,21.751248,87.00499,31.243185,true,13.324,shift_1,B
2026-02-13T09:00,18.378321,73.513284,23.101413,true,13.53,shift_1,B
2026-02-13T09:15,20.875039,83.500156,29.640528,true,13.86,shift_1,B
2026-02-13T09:30,20.612085,82.448338,27.60185,true,14.14,shift_1,B
2026-02-13T09:45,19.988547,79.954187,25.758396,true,13.901,shift_1,B
2026-02-13T10:00,19.338437,77.353746,26.188165,true,13.399,shift_1,B
2026-02-13T10:15,25.310812,101.243249,39.022975,true,13.076,shift_1,B
2026-02-13T10:30,23.934394,95.737577,37.297984,true,13.739,shift_1,B
2026-02-13T10:45,20.969016,83.876065,28.958786,true,14.658,shift_1,B
2026-02-13T11:00,20.329061,81.316245,25.973377,true,14.043,shift_1,B
2026-02-13T11:15,19.638865,78.55546,26.485353,true,14.786,shift_1,B
2026-02-13T11:30,17.577697,70.310789,21.740665,true,14.417,shift_1,B
2026-02-13T11:45,18.015553,72.062212,22.600991,true,14.388,shift_1,B
2026-02-13T12:00,18.104823,72.419291,20.803162,true,14.496,shift_1,B
2026-02-13T12:15,21.349729,85.398914,29.091907,true,13.758,shift_1,B
2026-02-13T12:30,19.099945,76.399779,24.380829,true,14.881,shift_1,B
2026-02-13T12:45,20.969788,83.879151,28.33078,true,15.145,shift_1,B
2026-02-13T13:00,17.096426,68.385706,19.586538,true,15.076,shift_1,B
2026-02-13T13:15,20.4717,81.886802,28.191476,true,15.725,shift_1,B
2026-02-13T13:30,15.90746,63.62984,15.423048,true,16.839,shift_1,B
2026-02-13T13:45,19.332035,77.32814,23.426713,true,15.359,shift_1,B
2026-02-13T14:00,22.526911,90.107642,31.69569,true,16.858,shift_2,B
2026-02-13T14:15,15.381826,61.527303,17.012761,true,16.294,shift_2,B
2026-02-13T14:30,20.513237,82.052947,27.110078,true,16.216,shift_2,B
2026-02-13T14:45,22.582332,90.32933,31.24851,true,16.838,shift_2,B
2026-02-13T15:00,14.990157,59.96063,14.072969,true,16.595,shift_2,B
2026-02-13T15:15,18.268562,73.074249,22.431181,true,16.621,shift_2,B
2026-02-13T15:30,18.331726,73.326904,24.071367,true,16.237,shift_2,B
2026-02-13T15:45,18.622775,74.491101,22.057173,true,15.872,shift_2,B
2026-02-13T16:00,21.370367,85.481469,29.868209,true,17.237,shift_2,B
2026-02-13T16:15,15.529892,62.119566,16.929254,true,17.516,shift_2,B
2026-02-13T16:30,17.162744,68.650975,19.927472,true,17.01,shift_2,B
2026-02-13T16:45,20.970408,83.881632,28.890861,true,17.77,shift_2,B
2026-02-13T17:00,20.613157,82.452629,27.758284,true,18.043,shift_2,B
2026-02-13T17:15,21.831742,87.326968,30.43849,true,17.514,shift_2,B
2026-02-13T17:30,19.575613,78.302453,24.623386,true,17.395,shift_2,B
2026-02-13T17:45,20.133474,80.533896,25.956526,true,17.35,shift_2,B
2026-02-13T18:00,22.996245,91.984978,32.95975,true,18.429,shift_2,B
2026-02-13T18:15,17.600606,70.402424,19.142759,true,17.989,shift_2,B
2026-02-13T18:30,18.70853,74.834119,23.491631,true,18.642,shift_2,B
2026-02-13T18:45,20.503514,82.014055,27.208313,true,17.978,shift_2,B
2026-02-13T19:00,24.334932,97.339726,36.923711,true,17.988,shift_2,B
2026-02-13T19:15,22.327635,89.310541,33.044423,true,18.153,shift_2,B
2026-02-13T19:30,24.700839,98.803357,37.372739,true,18.469,shift_2,B
2026-02-13T19:45,18.298676,73.194703,23.519582,true,18.533,shift_2,B
2026-02-13T20:00,25.035179,100.140718,37.382703,true,18.316,shift_2,B
2026-02-13T20:15,21.446058,85.784231,29.046835,true,18.69,shift_2,B
2026-02-13T20:30,19.339482,77.357926,25.121743,true,18.241,shift_2,B
2026-02-13T20:45,16.636124,66.544494,20.018395,true,18.604,shift_2,B
2026-02-13T21:00,19.512564,78.050258,26.479476,true,17.974,shift_2,B
2026-02-13T21:15,16.431486,65.725944,18.537953,true,18.68,shift_2,B
2026-02-13T21:30,19.626611,78.506442,27.143182,true,17.546,shift_2,B
2026-02-13T21:45,19.128221,76.512885,24.273861,true,17.165,shift_2,B
2026-02-13T22:00,5.569977,22.279907,0.0,false,18.476,off,B
2026-02-13T22:15,5.57422,22.296881,0.0,false,18.218,off,B
2026-02-13T22:30,6.050534,24.202135,0.0,false,18.014,off,B
2026-02-13T22:45,5.110193,20.440772,0.0,false,17.701,off,B
2026-02-13T23:00,5.886892,23.54757,0.0,false,18.35,off,B
2026-02-13T23:15,5.2829,21.131599,0.0,false,17.863,off,B
2026-02-13T23:30,6.175096,24.700384,0.0,false,17.691,off,B
2026-02-13T23:45,5.769575,23.078298,0.0,false,17.079,off,B
2026-02-14T00:00,5.129731,20.518926,0.0,false,16.606,off,A
2026-02-14T00:15,5.764094,23.056377,0.0,false,17.622,off,A
2026-02-14T00:30,5.066601,20.266404,0.0,false,16.808,off,A
2026-02-14T00:45,6.319049,25.276196,0.0,false,16.458,off,A
2026-02-14T01:00,5.847134,23.388536,0.0,false,16.703,off,A
2026-02-14T01:15,5.608902,22.43561,0.0,false,16.805,off,A
2026-02-14T01:30,5.369812,21.47925,0.0,false,16.575,off,A
2026-02-14T01:45,5.536274,22.145095,0.0,false,16.754,off,A
2026-02-14T02:00,5.716,22.864001,0.0,false,15.868,off,A
2026-02-14T02:15,5.659497,22.637988,0.0,false,15.844,off,A
2026-02-14T02:30,4.792825,19.171298,0.0,false,15.277,off,A
2026-02-14T02:45,4.911355,19.64542,0.0,false,14.44,off,A
2026-02-14T03:00,5.268918,21.075671,0.0,false,14.877,off,A
2026-02-14T03:15,5.692512,22.77005,0.0,false,15.225,off,A
2026-02-14T03:30,5.030069,20.120276,0.0,false,15.34,off,A
2026-02-14T03:45,5.454261,21.817044,0.0,false,15.867,off,A
2026-02-14T04:00,5.461731,21.846923,0.0,false,14.476,off,A
2026-02-14T04:15,5.641442,22.565769,0.0,false,14.771,off,A
2026-02-14T04:30,6.114942,24.45977,0.0,false,14.229,off,A
2026-02-14T04:45,5.691178,22.764711,0.0,false,13.598,off,A
2026-02-14T05:00,5.480225,21.920902,0.0,false,14.642,off,A
2026-02-14T05:15,5.532273,22.129091,0.0,false,13.671,off,A
2026-02-14T05:30,5.531746,22.126982,0.0,false,14.506,off,A
2026-02-14T05:45,4.683452,18.733809,0.0,false,13.685,off,A
2026-02-14T06:00,4.720505,18.88202,0.0,false,14.011,shift_1,A
2026-02-14T06:15,5.189522,20.758087,0.0,false,14.333,shift_1,A
2026-02-14T06:30,5.896046,23.584183,0.0,false,14.293,shift_1,A
2026-02-14T06:45,5.418897,21.675589,0.0,false,13.644,shift_1,A
2026-02-14T07:00,5.394566,21.578264,0.0,false,14.586,shift_1,A
2026-02-14T07:15,5.313818,21.255271,0.0,false,13.424,shift_1,A
2026-02-14T07:30,5.504078,22.016314,0.0,false,13.172,shift_1,A
2026-02-14T07:45,4.425019,17.700077,0.0,false,13.455,shift_1,A
2026-02-14T08:00,6.010585,24.042338,0.0,false,13.001,shift_1,A
2026-02-14T08:15,6.434175,25.736698,0.0,false,13.961,shift_1,A
2026-02-14T08:30,4.705683,18.82273,0.0,false,12.712,shift_1,A
2026-02-14T08:45,5.079505,20.318019,0.0,false,14.113,shift_1,A
2026-02-14T09:00,5.24147,20.965878,0.0,false,14.051,shift_1,A
2026-02-14T09:15,5.373254,21.493017,0.0,false,14.249,shift_1,A
2026-02-14T09:30,6.100277,24.401106,0.0,false,13.643,shift_1,A
2026-02-14T09:45,5.24221,20.968842,0.0,false,14.163,shift_1,A
2026-02-14T10:00,6.134795,24.53918,0.0,false,12.473,shift_1,A
2026-02-14T10:15,5.60793,22.431719,0.0,false,13.894,shift_1,A
2026-02-14T10:30,5.453848,21.81539,0.0,false,13.587,shift_1,A
2026-02-14T10:45,5.223338,20.893354,0.0,false,13.74,shift_1,A
2026-02-14T11:00,5.792829,23.171316,0.0,false,12.997,shift_1,A
2026-02-14T11:15,5.181638,20.72655,0.0,false,14.485,shift_1,A
2026-02-14T11:30,5.410349,21.641395,0.0,false,15.08,shift_1,A
2026-02-14T11:45,5.088012,20.352048,0.0,false,14.415,shift_1,A
2026-02-14T12:00,6.344906,25.379626,0.0,false,15.54,shift_1,A
2026-02-14T12:15,5.085258,20.34103,0.0,false,14.393,shift_1,A
2026-02-14T12:30,5.811307,23.245228,0.0,false,14.932,shift_1,A
2026-02-14T12:45,5.432527,21.730107,0.0,false,15.249,shift_1,A
2026-02-14T13:00,5.583036,22.332145,0.0,false,15.773,shift_1,A
2026-02-14T13:15,5.426993,21.707971,0.0,false,15.4,shift_1,A
2026-02-14T13:30,5.8985,23.594002,0.0,false,15.517,shift_1,A
2026-02-14T13:45,5.487887,21.951547,0.0,false,15.852,shift_1,A
2026-02-14T14:00,5.871412,23.485648,0.0,false,16.021,shift_2,A
2026-02-14T14:15,6.27454,25.098159,0.0,false,15.983,shift_2,A
2026-02-14T14:30,4.909978,19.639912,0.0,false,15.917,shift_2,A
2026-02-14T14:45,5.640327,22.561307,0.0,false,16.632,shift_2,A
2026-02-14T15:00,6.815509,27.262034,0.0,false,16.457,shift_2,A
2026-02-14T15:15,6.001215,24.004859,0.0,false,17.047,shift_2,A
2026-02-14T15:30,5.63655,22.5462,0.0,false,17.289,shift_2,A
2026-02-14T15:45,5.562791,22.251164,0.0,false,16.67,shift_2,A
2026-02-14T16:00,4.972789,19.891155,0.0,false,17.544,shift_2,A
2026-02-14T16:15,5.988322,23.953289,0.0,false,16.26,shift_2,A
2026-02-14T16:30,5.680012,22.720048,0.0,false,17.864,shift_2,A
2026-02-14T16:45,5.826811,23.307244,0.0,false,17.535,shift_2,A
2026-02-14T17:00,5.264345,21.05738,0.0,false,17.099,shift_2,A
2026-02-14T17:15,5.971991,23.887965,0.0,false,17.616,shift_2,A
2026-02-14T17:30,5.256229,21.024916,0.0,false,17.873,shift_2,A
2026-02-14T17:45,5.882896,23.531582,0.0,false,18.522,shift_2,A
2026-02-14T18:00,5.660585,22.642338,0.0,false,18.123,shift_2,A
2026-02-14T18:15,5.271106,21.084424,0.0,false,17.625,shift_2,A
2026-02-14T18:30,5.389679,21.558718,0.0,false,17.869,shift_2,A
2026-02-14T18:45,5.198634,20.794535,0.0,false,18.774,shift_2,A
2026-02-14T19:00,5.830449,23.321798,0.0,false,18.788,shift_2,A
2026-02-14T19:15,6.36204,25.448158,0.0,false,18.025,shift_2,A
2026-02-14T19:30,5.06271,20.250842,0.0,false,18.373,shift_2,A
2026-02-14T19:45,5.683426,22.733704,0.0,false,18.05,shift_2,A
2026-02-14T20:00,5.550647,22.202588,0.0,false,18.425,shift_2,A
2026-02-14T20:15,5.136349,20.545395,0.0,false,17.348,shift_2,A
2026-02-14T20:30,5.820198,23.280791,0.0,false,17.766,shift_2,A
2026-02-14T20:45,5.27518,21.100721,0.0,false,18.159,shift_2,A
2026-02-14T21:00,5.978776,23.915103,0.0,false,18.468,shift_2,A
2026-02-14T21:15,5.859124,23.436495,0.0,false,18.829,shift_2,A
2026-02-14T21:30,5.366516,21.466064,0.0,false,17.953,shift_2,A
2026-02-14T21:45,5.100759,20.403034,0.0,false,18.284,shift_2,A
2026-02-14T22:00,5.525034,22.100137,0.0,false,18.145,off,A
2026-02-14T22:15,4.737023,18.948093,0.0,false,18.464,off,A
2026-02-14T22:30,5.533075,22.132301,0.0,false,17.847,off,A
2026-02-14T22:45,5.753661,23.014643,0.0,false,18.791,off,A
2026-02-14T23:00,5.208666,20.834662,0.0,false,17.528,off,A
2026-02-14T23:15,5.690412,22.761647,0.0,false,18.013,off,A
2026-02-14T23:30,5.541691,22.166764,0.0,false,17.102,off,A
2026-02-14T23:45,5.745173,22.98069,0.0,false,18.176,off,A
2026-02-15T00:00,4.916639,19.666557,0.0,false,16.997,off,A
2026-02-15T00:15,5.588618,22.35447,0.0,false,17.548,off,A
2026-02-15T00:30,6.016941,24.067764,0.0,false,17.586,off,A
2026-02-15T00:45,5.508393,22.033573,0.0,false,16.57,off,A
2026-02-15T01:00,4.801491,19.205963,0.0,false,16.329,off,A
2026-02-15T01:15,5.827689,23.310755,0.0,false,16.474,off,A
2026-02-15T01:30,5.496902,21.98761,0.0,false,16.505,off,A
2026-02-15T01:45,5.557607,22.230429,0.0,false,15.526,off,A
2026-02-15T02:00,5.502231,22.008924,0.0,false,16.125,off,A
2026-02-15T02:15,5.376692,21.506766,0.0,false,15.757,off,A
2026-02-15T02:30,5.654608,22.618433,0.0,false,16.073,off,A
2026-02-15T02:45,5.624233,22.496932,0.0,false,14.702,off,A
2026-02-15T03:00,5.5468,22.187199,0.0,false,15.316,off,A
2026-02-15T03:15,5.782186,23.128745,0.0,false,15.686,off,A
2026-02-15T03:30,5.419585,21.678341,0.0,false,16.086,off,A
2026-02-15T03:45,5.078084,20.312338,0.0,false,15.359,off,A
2026-02-15T04:00,4.955402,19.821606,0.0,false,15.201,off,A
2026-02-15T04:15,5.071389,20.285557,0.0,false,15.172,off,A
2026-02-15T04:30,5.734558,22.93823,0.0,false,13.952,off,A
2026-02-15T04:45,6.177895,24.711581,0.0,false,14.842,off,A
2026-02-15T05:00,5.295428,21.181711,0.0,false,14.186,off,A
2026-02-15T05:15,4.997529,19.990116,0.0,false,14.21,off,A
2026-02-15T05:30,5.549411,22.197643,0.0,false,13.729,off,A
2026-02-15T05:45,4.621387,18.485549,0.0,false,13.417,off,A
2026-02-15T06:00,5.52624,22.10496,0.0,false,13.216,shift_1,A
2026-02-15T06:15,5.890795,23.563179,0.0,false,13.28,shift_1,A
2026-02-15T06:30,5.759427,23.037709,0.0,false,14.218,shift_1,A
2026-02-15T06:45,5.543345,22.17338,0.0,false,13.649,shift_1,A
2026-02-15T07:00,5.637344,22.549376,0.0,false,13.086,shift_1,A
2026-02-15T07:15,5.523502,22.094008,0.0,false,14.094,shift_1,A
2026-02-15T07:30,4.831117,19.324468,0.0,false,12.996,shift_1,A
2026-02-15T07:45,5.41924,21.676958,0.0,false,13.52,shift_1,A
2026-02-15T08:00,4.934176,19.736704,0.0,false,14.692,shift_1,A
2026-02-15T08:15,5.628379,22.513517,0.0,false,12.842,shift_1,A
2026-02-15T08:30,6.615773,26.463092,0.0,false,13.405,shift_1,A
2026-02-15T08:45,6.113638,24.454553,0.0,false,13.054,shift_1,A
2026-02-15T09:00,5.492538,21.970152,0.0,false,13.244,shift_1,A
2026-02-15T09:15,5.116841,20.467364,0.0,false,13.62,shift_1,A
2026-02-15T09:30,5.724501,22.898005,0.0,false,14.487,shift_1,A
2026-02-15T09:45,6.011343,24.04537,0.0,false,13.404,shift_1,A
2026-02-15T10:00,6.036768,24.147071,0.0,false,13.535,shift_1,A
2026-02-15T10:15,5.185464,20.741858,0.0,false,14.136,shift_1,A
2026-02-15T10:30,5.161245,20.644979,0.0,false,14.172,shift_1,A
2026-02-15T10:45,6.050601,24.202403,0.0,false,13.367,shift_1,A
2026-02-15T11:00,5.192571,20.770282,0.0,false,14.057,shift_1,A
2026-02-15T11:15,5.60359,22.414361,0.0,false,13.752,shift_1,A
2026-02-15T11:30,5.078753,20.315011,0.0,false,13.583,shift_1,A
2026-02-15T11:45,5.017827,20.071308,0.0,false,14.83,shift_1,A
2026-02-15T12:00,5.757194,23.028775,0.0,false,15.176,shift_1,A
2026-02-15T12:15,5.397202,21.58881,0.0,false,15.461,shift_1,A
2026-02-15T12:30,5.226268,20.905073,0.0,false,14.789,shift_1,A
2026-02-15T12:45,5.717822,22.871288,0.0,false,16.257,shift_1,A
2026-02-15T13:00,5.651685,22.606739,0.0,false,15.597,shift_1,A
2026-02-15T13:15,6.077624,24.310497,0.0,false,16.551,shift_1,A
2026-02-15T13:30,5.599772,22.399088,0.0,false,14.96,shift_1,A
2026-02-15T13:45,5.414867,21.659469,0.0,false,16.861,shift_1,A
2026-02-15T14:00,5.207809,20.831236,0.0,false,16.082,shift_2,A
2026-02-15T14:15,5.354366,21.417466,0.0,false,16.535,shift_2,A
2026-02-15T14:30,5.079952,20.319809,0.0,false,17.104,shift_2,A
2026-02-15T14:45,5.57025,22.281,0.0,false,16.45,shift_2,A
2026-02-15T15:00,5.372466,21.489864,0.0,false,16.581,shift_2,A
2026-02-15T15:15,5.372293,21.489173,0.0,false,17.037,shift_2,A
2026-02-15T15:30,4.955586,19.822342,0.0,false,17.136,shift_2,A
2026-02-15T15:45,4.736224,18.944895,0.0,false,17.839,shift_2,A
2026-02-15T16:00,6.058702,24.234809,0.0,false,17.037,shift_2,A
2026-02-15T16:15,6.334229,25.336916,0.0,false,16.433,shift_2,A
2026-02-15T16:30,5.380603,21.522413,0.0,false,17.345,shift_2,A
2026-02-15T16:45,5.929045,23.716181,0.0,false,17.762,shift_2,A
2026-02-15T17:00,5.761247,23.044989,0.0,false,17.814,shift_2,A
2026-02-15T17:15,6.124387,24.497549,0.0,false,18.483,shift_2,A
2026-02-15T17:30,5.256146,21.024584,0.0,false,18.223,shift_2,A
2026-02-15T17:45,5.222075,20.8883,0.0,false,17.588,shift_2,A
2026-02-15T18:00,5.264623,21.058494,0.0,false,18.122,shift_2,A
2026-02-15T18:15,4.713244,18.852976,0.0,false,18.754,shift_2,A
2026-02-15T18:30,5.816323,23.265293,0.0,false,18.106,shift_2,A
2026-02-15T18:45,5.455397,21.821588,0.0,false,18.304,shift_2,A
2026-02-15T19:00,6.094526,24.378105,0.0,false,18.857,shift_2,A
2026-02-15T19:15,5.195709,20.782836,0.0,false,19.182,shift_2,A
2026-02-15T19:30,5.518166,22.072663,0.0,false,17.656,shift_2,A
2026-02-15T19:45,5.306068,21.224274,0.0,false,18.105,shift_2,A
2026-02-15T20:00,5.944882,23.779528,0.0,false,18.207,shift_2,A
2026-02-15T20:15,5.421453,21.685811,0.0,false,18.363,shift_2,A
2026-02-15T20:30,5.673018,22.692073,0.0,false,19.082,shift_2,A
2026-02-15T20:45,5.607682,22.430728,0.0,false,18.438,shift_2,A
2026-02-15T21:00,5.829381,23.317522,0.0,false,19.307,shift_2,A
2026-02-15T21:15,5.691255,22.76502,0.0,false,18.415,shift_2,A
2026-02-15T21:30,6.038556,24.154223,0.0,false,18.514,shift_2,A
2026-02-15T21:45,5.748853,22.995411,0.0,false,18.191,shift_2,A
2026-02-15T22:00,5.17043,20.681721,0.0,false,19.34,off,A
2026-02-15T22:15,6.1235,24.494001,0.0,false,18.194,off,A
2026-02-15T22:30,5.835533,23.34213,0.0,false,19.027,off,A
2026-02-15T22:45,5.468616,21.874466,0.0,false,18.195,off,A
2026-02-15T23:00,5.14271,20.570841,0.0,false,17.018,off,A
2026-02-15T23:15,5.304317,21.217267,0.0,false,18.306,off,A
2026-02-15T23:30,5.580836,22.323343,0.0,false,17.506,off,A
2026-02-15T23:45,5.316527,21.266108,0.0,false,17.432,off,A
2026-02-16T00:00,5.661987,22.647947,0.0,false,16.37,off,B
2026-02-16T00:15,5.598358,22.393433,0.0,false,17.314,off,B
2026-02-16T00:30,5.764632,23.058527,0.0,false,16.971,off,B
2026-02-16T00:45,6.086715,24.34686,0.0,false,16.591,off,B
2026-02-16T01:00,5.886474,23.545894,0.0,false,17.269,off,B
2026-02-16T01:15,4.596155,18.38462,0.0,false,16.591,off,B
2026-02-16T01:30,4.79781,19.191239,0.0,false,16.013,off,B
2026-02-16T01:45,5.655012,22.620049,0.0,false,16.399,off,B
2026-02-16T02:00,5.221862,20.887449,0.0,false,17.244,off,B
2026-02-16T02:15,4.84806,19.392239,0.0,false,15.807,off,B
2026-02-16T02:30,5.748259,22.993035,0.0,false,17.266,off,B
2026-02-16T02:45,5.332795,21.331179,0.0,false,16.373,off,B
2026-02-16T03:00,5.393558,21.574232,0.0,false,15.415,off,B
2026-02-16T03:15,5.192547,20.770189,0.0,false,14.267,off,B
2026-02-16T03:30,5.615839,22.463355,0.0,false,15.243,off,B
2026-02-16T03:45,5.605618,22.422474,0.0,false,15.693,off,B
2026-02-16T04:00,5.15554,20.622158,0.0,false,14.657,off,B
2026-02-16T04:15,6.235461,24.941844,0.0,false,14.509,off,B
2026-02-16T04:30,5.485148,21.940592,0.0,false,14.799,off,B
2026-02-16T04:45,5.735001,22.940004,0.0,false,15.38,off,B
2026-02-16T05:00,5.041858,20.167432,0.0,false,14.683,off,B
2026-02-16T05:15,5.03421,20.13684,0.0,false,14.822,off,B
2026-02-16T05:30,4.99421,19.976839,0.0,false,14.187,off,B
2026-02-16T05:45,5.719269,22.877077,0.0,false,14.946,off,B
2026-02-16T06:00,16.491677,65.966709,18.929157,true,13.875,shift_1,B
2026-02-16T06:15,14.920784,59.683134,14.09607,true,14.097,shift_1,B
2026-02-16T06:30,18.835664,75.342655,23.55401,true,14.385,shift_1,B
2026-02-16T06:45,20.568928,82.275713,27.665817,true,14.353,shift_1,B
2026-02-16T07:00,18.275253,73.101011,22.632455,true,13.499,shift_1,B
2026-02-16T07:15,19.496805,77.987222,26.580655,true,12.72,shift_1,B
2026-02-16T07:30,19.241465,76.965858,25.154722,true,13.826,shift_1,B
2026-02-16T07:45,20.663704,82.654815,27.901265,true,12.825,shift_1,B
2026-02-16T08:00,19.988974,79.955896,27.355133,true,13.781,shift_1,B
2026-02-16T08:15,20.318012,81.27205,26.556149,true,14.315,shift_1,B
2026-02-16T08:30,18.677587,74.710346,23.266271,true,13.291,shift_1,B
2026-02-16T08:45,20.742441,82.969764,27.147761,true,13.905,shift_1,B
2026-02-16T09:00,19.940327,79.761309,27.73044,true,12.989,shift_1,B
2026-02-16T09:15,21.748455,86.993822,29.196076,true,14.72,shift_1,B
2026-02-16T09:30,19.067464,76.269856,24.790322,true,14.721,shift_1,B
2026-02-16T09:45,18.892113,75.568452,24.150518,true,14.678,shift_1,B
2026-02-16T10:00,19.032532,76.13013,22.479373,true,13.863,shift_1,B
2026-02-16T10:15,19.258834,77.035337,26.115678,true,14.497,shift_1,B
2026-02-16T10:30,22.72083,90.883321,31.236177,true,14.172,shift_1,B
2026-02-16T10:45,21.580612,86.322449,28.733369,true,15.375,shift_1,B
2026-02-16T11:00,22.495002,89.980007,32.151068,true,14.568,shift_1,B
2026-02-16T11:15,23.474897,93.899587,34.82214,true,14.317,shift_1,B
2026-02-16T11:30,18.520296,74.081185,22.34935,true,14.373,shift_1,B
2026-02-16T11:45,21.694652,86.778609,30.350736,true,15.216,shift_1,B
2026-02-16T12:00,22.719396,90.877583,32.231988,true,14.269,shift_1,B
2026-02-16T12:15,17.320601,69.282406,21.082602,true,15.317,shift_1,B
2026-02-16T12:30,18.043596,72.174386,21.462684,true,15.582,shift_1,B
2026-02-16T12:45,20.554245,82.216978,26.970999,true,15.508,shift_1,B
2026-02-16T13:00,19.346663,77.386653,25.905107,true,15.975,shift_1,B
2026-02-16T13:15,22.009202,88.036809,31.029149,true,15.611,shift_1,B
2026-02-16T13:30,16.479923,65.919693,17.041654,true,16.778,shift_1,B
2026-02-16T13:45,15.43805,61.752201,16.883514,true,15.554,shift_1,B
2026-02-16T14:00,21.878543,87.514171,31.827312,true,15.71,shift_2,B
2026-02-16T14:15,17.756975,71.027898,22.898742,true,16.594,shift_2,B
2026-02-16T14:30,18.791369,75.165475,24.922921,true,16.77,shift_2,B
2026-02-16T14:45,16.415454,65.661814,19.946524,true,17.223,shift_2,B
2026-02-16T15:00,17.726584,70.906337,22.409333,true,17.382,shift_2,B
2026-02-16T15:15,17.93798,71.751918,21.887227,true,16.736,shift_2,B
2026-02-16T15:30,22.01831,88.073242,30.818437,true,16.567,shift_2,B
2026-02-16T15:45,23.497497,93.989988,34.518336,true,17.203,shift_2,B
2026-02-16T16:00,19.467907,77.871626,25.358832,true,17.67,shift_2,B
2026-02-16T16:15,19.129766,76.519064,23.787552,true,18.233,shift_2,B
2026-02-16T16:30,18.351697,73.406788,23.650603,true,17.386,shift_2,B
2026-02-16T16:45,20.830096,83.320384,29.684977,true,17.132,shift_2,B
2026-02-16T17:00,22.21957,88.878279,32.034298,true,18.446,shift_2,B
2026-02-16T17:15,21.937919,87.751677,30.14092,true,18.452,shift_2,B
2026-02-16T17:30,21.916816,87.667265,29.987751,true,17.681,shift_2,B
2026-02-16T17:45,21.24148,84.96592,29.997824,true,18.175,shift_2,B
2026-02-16T18:00,22.393312,89.573248,32.333281,true,19.486,shift_2,B
2026-02-16T18:15,20.453181,81.812725,27.327786,true,19.138,shift_2,B
2026-02-16T18:30,23.777089,95.108355,35.627719,true,18.892,shift_2,B
2026-02-16T18:45,23.024489,92.097956,32.647222,true,19.58,shift_2,B
2026-02-16T19:00,22.961009,91.844035,33.001818,true,19.052,shift_2,B
2026-02-16T19:15,23.579146,94.316583,34.528568,true,18.746,shift_2,B
2026-02-16T19:30,18.515268,74.061072,21.737236,true,19.119,shift_2,B
2026-02-16T19:45,23.333982,93.33593,33.752167,true,18.92,shift_2,B
2026-02-16T20:00,21.0674,84.2696,29.851597,true,18.696,shift_2,B
2026-02-16T20:15,17.995396,71.981584,20.782012,true,17.824,shift_2,B
2026-02-16T20:30,18.598524,74.394097,22.463776,true,18.323,shift_2,B
2026-02-16T20:45,17.638161,70.552645,21.175824,true,18.924,shift_2,B
2026-02-16T21:00,21.143665,84.574658,28.810882,true,18.412,shift_2,B
2026-02-16T21:15,15.58616,62.344641,17.854009,true,18.12,shift_2,B
2026-02-16T21:30,20.504722,82.018889,27.558175,true,18.805,shift_2,B
2026-02-16T21:45,16.546864,66.187458,17.872227,true,18.022,shift_2,B
2026-02-16T22:00,5.697414,22.789657,0.0,false,17.059,off,B
2026-02-16T22:15,5.33607,21.344279,0.0,false,18.084,off,B
2026-02-16T22:30,5.755406,23.021625,0.0,false,19.311,off,B
2026-02-16T22:45,5.452157,21.80863,0.0,false,18.195,off,B
2026-02-16T23:00,5.040156,20.160623,0.0,false,17.283,off,B
2026-02-16T23:15,5.452757,21.811026,0.0,false,16.997,off,B
2026-02-16T23:30,5.472869,21.891478,0.0,false,17.081,off,B
2026-02-16T23:45,5.731042,22.924166,0.0,false,17.414,off,B
2026-02-17T00:00,5.409982,21.639928,0.0,false,17.627,off,A
2026-02-17T00:15,5.112516,20.450066,0.0,false,17.347,off,A
2026-02-17T00:30,5.497786,21.991145,0.0,false,17.473,off,A
2026-02-17T00:45,5.937287,23.749146,0.0,false,18.153,off,A
2026-02-17T01:00,5.967317,23.86927,0.0,false,17.055,off,A
2026-02-17T01:15,5.27266,21.090638,0.0,false,16.239,off,A
2026-02-17T01:30,5.820032,23.280129,0.0,false,15.933,off,A
2026-02-17T01:45,5.099289,20.397156,0.0,false,16.83,off,A
2026-02-17T02:00,5.64363,22.57452,0.0,false,16.85,off,A
2026-02-17T02:15,5.433989,21.735956,0.0,false,15.618,off,A
2026-02-17T02:30,6.255101,25.020405,0.0,false,15.873,off,A
2026-02-17T02:45,5.788313,23.153254,0.0,false,15.726,off,A
2026-02-17T03:00,6.182752,24.731008,0.0,false,15.704,off,A
2026-02-17T03:15,5.8365,23.346001,0.0,false,15.154,off,A
2026-02-17T03:30,5.301911,21.207643,0.0,false,15.354,off,A
2026-02-17T03:45,6.148834,24.595335,0.0,false,15.254,off,A
2026-02-17T04:00,5.240849,20.963395,0.0,false,15.41,off,A
2026-02-17T04:15,5.880615,23.522461,0.0,false,14.57,off,A
2026-02-17T04:30,5.202469,20.809877,0.0,false,15.418,off,A
2026-02-17T04:45,5.231869,20.927476,0.0,false,14.235,off,A
2026-02-17T05:00,5.753413,23.013651,0.0,false,13.98,off,A
2026-02-17T05:15,5.316661,21.266644,0.0,false,14.554,off,A
2026-02-17T05:30,5.337876,21.351504,0.0,false,13.489,off,A
2026-02-17T05:45,5.790833,23.163332,0.0,false,13.681,off,A
2026-02-17T06:00,18.837198,75.348793,26.882424,true,14.4,shift_1,A
2026-02-17T06:15,19.75512,79.020479,28.516645,true,14.494,shift_1,A
2026-02-17T06:30,17.100753,68.403011,23.390167,true,14.656,shift_1,A
2026-02-17T06:45,20.626937,82.507746,32.537406,true,13.31,shift_1,A
2026-02-17T07:00,18.058034,72.232138,24.776101,true,14.152,shift_1,A
2026-02-17T07:15,20.73734,82.94936,32.303383,true,14.496,shift_1,A
2026-02-17T07:30,18.074204,72.296818,26.143151,true,13.928,shift_1,A
2026-02-17T07:45,19.43474,77.738962,28.253456,true,14.139,shift_1,A
2026-02-17T08:00,15.662228,62.648913,17.687058,true,14.565,shift_1,A
2026-02-17T08:15,17.005203,68.020813,21.190318,true,13.555,shift_1,A
2026-02-17T08:30,18.619465,74.47786,24.3502,true,13.776,shift_1,A
2026-02-17T08:45,16.469837,65.879349,21.344413,true,13.22,shift_1,A
2026-02-17T09:00,19.096746,76.386985,27.414721,true,14.051,shift_1,A
2026-02-17T09:15,17.489438,69.957753,22.864482,true,13.48,shift_1,A
2026-02-17T09:30,20.349934,81.399738,30.867733,true,13.102,shift_1,A
2026-02-17T09:45,20.374159,81.496638,30.1511,true,14.624,shift_1,A
2026-02-17T10:00,15.241016,60.964063,16.998114,true,14.26,shift_1,A
2026-02-17T10:15,21.098418,84.39367,33.356888,true,14.154,shift_1,A
2026-02-17T10:30,21.053907,84.215629,33.20275,true,13.835,shift_1,A
2026-02-17T10:45,16.63951,66.558038,21.080019,true,14.804,shift_1,A
2026-02-17T11:00,18.74031,74.96124,26.703009,true,14.758,shift_1,A
2026-02-17T11:15,14.885514,59.542056,17.342358,true,15.102,shift_1,A
2026-02-17T11:30,16.771153,67.084613,22.161338,true,13.947,shift_1,A
2026-02-17T11:45,18.452747,73.810987,25.096507,true,15.121,shift_1,A
2026-02-17T12:00,21.241885,84.967541,33.181917,true,15.634,shift_1,A
2026-02-17T12:15,19.460452,77.841807,27.07383,true,13.71,shift_1,A
2026-02-17T12:30,17.31397,69.255879,22.060313,true,14.742,shift_1,A
2026-02-17T12:45,19.48364,77.934558,27.78508,true,15.75,shift_1,A
2026-02-17T13:00,19.300982,77.203929,28.425836,true,14.702,shift_1,A
2026-02-17T13:15,21.092141,84.368564,32.617251,true,16.911,shift_1,A
2026-02-17T13:30,16.691402,66.765606,20.694575,true,16.647,shift_1,A
2026-02-17T13:45,18.9354,75.741602,28.398574,true,16.414,shift_1,A
2026-02-17T14:00,18.966553,75.866213,25.765043,true,17.377,shift_2,A
2026-02-17T14:15,17.808292,71.23317,24.135168,true,16.322,shift_2,A
2026-02-17T14:30,17.722565,70.890261,23.085759,true,16.697,shift_2,A
2026-02-17T14:45,14.788675,59.1547,16.953259,true,17.943,shift_2,A
2026-02-17T15:00,17.473083,69.892332,23.294943,true,16.026,shift_2,A
2026-02-17T15:15,16.370606,65.482425,22.229065,true,17.349,shift_2,A
2026-02-17T15:30,18.906609,75.626435,27.02489,true,16.771,shift_2,A
2026-02-17T15:45,21.529151,86.116605,33.69642,true,18.416,shift_2,A
2026-02-17T16:00,20.409054,81.636217,29.121627,true,17.912,shift_2,A
2026-02-17T16:15,18.135288,72.541151,25.774841,true,18.126,shift_2,A
2026-02-17T16:30,18.487353,73.949413,26.617737,true,17.434,shift_2,A
2026-02-17T16:45,18.918498,75.673992,28.48017,true,17.524,shift_2,A
2026-02-17T17:00,22.34315,89.372602,37.91333,true,17.631,shift_2,A
2026-02-17T17:15,19.373204,77.492817,28.927618,true,18.665,shift_2,A
2026-02-17T17:30,17.004264,68.017054,21.746697,true,18.697,shift_2,A
2026-02-17T17:45,19.164982,76.659929,27.62022,true,18.299,shift_2,A
2026-02-17T18:00,21.368143,85.472571,31.761381,true,18.796,shift_2,A
2026-02-17T18:15,19.487208,77.948832,27.765252,true,18.295,shift_2,A
2026-02-17T18:30,16.364686,65.458743,20.435667,true,18.941,shift_2,A
2026-02-17T18:45,21.935731,87.742924,36.454755,true,19.007,shift_2,A
2026-02-17T19:00,16.774054,67.096216,20.967261,true,19.248,shift_2,A
2026-02-17T19:15,17.686823,70.747293,23.958468,true,18.77,shift_2,A
2026-02-17T19:30,20.665544,82.662175,31.477811,true,19.02,shift_2,A
2026-02-17T19:45,16.059356,64.237422,20.248025,true,19.296,shift_2,A
2026-02-17T20:00,18.999059,75.996234,26.723375,true,18.086,shift_2,A
2026-02-17T20:15,18.930931,75.723723,26.06603,true,19.191,shift_2,A
2026-02-17T20:30,18.297731,73.190923,26.040637,true,17.904,shift_2,A
2026-02-17T20:45,17.281943,69.127773,22.607565,true,19.06,shift_2,A
2026-02-17T21:00,20.608541,82.434166,31.221372,true,19.514,shift_2,A
2026-02-17T21:15,19.524281,78.097125,28.624985,true,18.27,shift_2,A
2026-02-17T21:30,16.668942,66.675766,21.963713,true,18.494,shift_2,A
2026-02-17T21:45,20.452873,81.81149,29.802306,true,18.652,shift_2,A
2026-02-17T22:00,4.838062,19.352249,0.0,false,18.238,off,A
2026-02-17T22:15,5.573738,22.294951,0.0,false,17.494,off,A
2026-02-17T22:30,5.528018,22.112071,0.0,false,17.783,off,A
2026-02-17T22:45,5.830188,23.320751,0.0,false,18.233,off,A
2026-02-17T23:00,5.460492,21.841968,0.0,false,17.033,off,A
2026-02-17T23:15,5.361322,21.445286,0.0,false,17.999,off,A
2026-02-17T23:30,5.191391,20.765565,0.0,false,17.889,off,A
2026-02-17T23:45,5.863182,23.45273,0.0,false,17.498,off,A
2026-02-18T00:00,5.643904,22.575617,0.0,false,17.188,off,A
2026-02-18T00:15,5.334573,21.338294,0.0,false,17.851,off,A
2026-02-18T00:30,5.13888,20.555521,0.0,false,17.303,off,A
2026-02-18T00:45,5.187773,20.75109,0.0,false,17.392,off,A
2026-02-18T01:00,5.779944,23.119775,0.0,false,16.506,off,A
2026-02-18T01:15,5.735306,22.941225,0.0,false,17.067,off,A
2026-02-18T01:30,4.811256,19.245025,0.0,false,15.877,off,A
2026-02-18T01:45,5.266273,21.065093,0.0,false,16.234,off,A
2026-02-18T02:00,5.450835,21.803339,0.0,false,16.33,off,A
2026-02-18T02:15,4.790589,19.162354,0.0,false,16.089,off,A
2026-02-18T02:30,5.835614,23.342457,0.0,false,16.741,off,A
2026-02-18T02:45,5.142354,20.569417,0.0,false,16.648,off,A
2026-02-18T03:00,5.309624,21.238497,0.0,false,15.072,off,A
2026-02-18T03:15,5.455658,21.822632,0.0,false,15.134,off,A
2026-02-18T03:30,5.721612,22.886448,0.0,false,15.545,off,A
2026-02-18T03:45,5.323662,21.294647,0.0,false,14.337,off,A
2026-02-18T04:00,6.213032,24.852127,0.0,false,15.275,off,A
2026-02-18T04:15,5.308892,21.235569,0.0,false,15.4,off,A
2026-02-18T04:30,6.135237,24.540948,0.0,false,15.061,off,A
2026-02-18T04:45,5.460092,21.84037,0.0,false,14.887,off,A
2026-02-18T05:00,5.619214,22.476857,0.0,false,15.819,off,A
2026-02-18T05:15,5.741979,22.967917,0.0,false,14.932,off,A
2026-02-18T05:30,5.522143,22.08857,0.0,false,14.135,off,A
2026-02-18T05:45,5.774214,23.096857,0.0,false,14.215,off,A
2026-02-18T06:00,16.294084,65.176335,20.188353,true,14.297,shift_1,A
2026-02-18T06:15,17.814439,71.257758,25.509448,true,14.421,shift_1,A
2026-02-18T06:30,20.145498,80.581992,30.107399,true,14.657,shift_1,A
2026-02-18T06:45,20.963918,83.855672,31.425256,true,14.251,shift_1,A
2026-02-18T07:00,16.753723,67.014893,19.364197,true,14.034,shift_1,A
2026-02-18T07:15,17.107467,68.429867,22.57555,true,14.044,shift_1,A
2026-02-18T07:30,15.030488,60.121952,16.369878,true,13.852,shift_1,A
2026-02-18T07:45,18.09217,72.368682,23.90979,true,14.555,shift_1,A
2026-02-18T08:00,18.501753,74.00701,25.915556,true,13.8,shift_1,A
2026-02-18T08:15,19.060834,76.243335,25.751693,true,14.247,shift_1,A
2026-02-18T08:30,20.041553,80.166211,27.537487,true,13.522,shift_1,A
2026-02-18T08:45,16.785753,67.143014,21.8262,true,14.677,shift_1,A
2026-02-18T09:00,17.83647,71.34588,24.087608,true,14.51,shift_1,A
2026-02-18T09:15,17.314893,69.259572,22.728875,true,14.135,shift_1,A
2026-02-18T09:30,21.288532,85.154128,32.431166,true,13.661,shift_1,A
2026-02-18T09:45,21.229265,84.917059,33.011,true,14.391,shift_1,A
2026-02-18T10:00,20.701803,82.807213,32.854653,true,14.298,shift_1,A
2026-02-18T10:15,18.251195,73.004781,23.530686,true,14.053,shift_1,A
2026-02-18T10:30,19.577128,78.30851,27.582796,true,14.647,shift_1,A
2026-02-18T10:45,17.798041,71.192166,23.944859,true,15.404,shift_1,A
2026-02-18T11:00,20.593882,82.37553,32.841266,true,15.078,shift_1,A
2026-02-18T11:15,17.616979,70.467914,23.832955,true,14.893,shift_1,A
2026-02-18T11:30,17.27894,69.115758,23.008345,true,14.929,shift_1,A
2026-02-18T11:45,20.015644,80.062577,28.980285,true,15.441,shift_1,A
2026-02-18T12:00,18.397536,73.590146,23.962284,true,14.691,shift_1,A
2026-02-18T12:15,17.815442,71.261766,25.875805,true,15.33,shift_1,A
2026-02-18T12:30,17.588596,70.354386,23.979853,true,15.037,shift_1,A
2026-02-18T12:45,17.06716,68.268639,23.308394,true,15.246,shift_1,A
2026-02-18T13:00,13.450228,53.800912,12.35074,true,16.752,shift_1,A
2026-02-18T13:15,16.946614,67.786457,22.749199,true,16.037,shift_1,A
2026-02-18T13:30,16.676349,66.705395,21.107494,true,16.095,shift_1,A
2026-02-18T13:45,13.406988,53.627951,11.608891,true,15.944,shift_1,A
2026-02-18T14:00,18.608188,74.432752,25.196454,true,16.919,shift_2,A
2026-02-18T14:15,14.626899,58.507597,15.673395,true,17.364,shift_2,A
2026-02-18T14:30,17.136101,68.544405,22.606326,true,16.252,shift_2,A
2026-02-18T14:45,17.573258,70.293031,21.172816,true,17.408,shift_2,A
2026-02-18T15:00,15.605845,62.423382,19.083668,true,16.786,shift_2,A
2026-02-18T15:15,17.320337,69.281347,23.223965,true,16.894,shift_2,A
2026-02-18T15:30,17.598106,70.392422,24.711715,true,17.031,shift_2,A
2026-02-18T15:45,16.917845,67.671379,21.818851,true,16.995,shift_2,A
2026-02-18T16:00,20.198088,80.792354,28.711152,true,16.518,shift_2,A
2026-02-18T16:15,19.186474,76.745896,28.023391,true,17.445,shift_2,A
2026-02-18T16:30,18.741759,74.967035,25.361247,true,17.002,shift_2,A
2026-02-18T16:45,19.566551,78.266203,28.247213,true,18.089,shift_2,A
2026-02-18T17:00,19.13841,76.553642,26.847609,true,18.604,shift_2,A
2026-02-18T17:15,17.47219,69.888759,23.371427,true,19.0,shift_2,A
2026-02-18T17:30,20.341921,81.367684,30.028065,true,18.914,shift_2,A
2026-02-18T17:45,17.969263,71.877054,24.705185,true,18.874,shift_2,A
2026-02-18T18:00,16.05063,64.202518,19.779928,true,17.783,shift_2,A
2026-02-18T18:15,20.709948,82.839794,32.517952,true,19.567,shift_2,A
2026-02-18T18:30,21.614965,86.45986,34.494903,true,18.478,shift_2,A
2026-02-18T18:45,16.345941,65.383762,20.633712,true,18.995,shift_2,A
2026-02-18T19:00,19.626873,78.507492,28.815942,true,19.078,shift_2,A
2026-02-18T19:15,19.134932,76.539727,26.966943,true,18.459,shift_2,A
2026-02-18T19:30,16.45276,65.81104,20.430193,true,19.081,shift_2,A
2026-02-18T19:45,18.558826,74.235303,27.327634,true,18.458,shift_2,A
2026-02-18T20:00,22.450194,89.800777,34.941087,true,18.754,shift_2,A
2026-02-18T20:15,17.299008,69.196033,22.602961,true,18.366,shift_2,A
2026-02-18T20:30,13.175902,52.703608,10.503401,true,19.2,shift_2,A
2026-02-18T20:45,19.022346,76.089383,26.661373,true,19.35,shift_2,A
2026-02-18T21:00,16.895229,67.580917,21.396817,true,19.135,shift_2,A
2026-02-18T21:15,15.793411,63.173645,18.903348,true,18.677,shift_2,A
2026-02-18T21:30,16.146996,64.587985,20.249828,true,18.492,shift_2,A
2026-02-18T21:45,15.88803,63.552122,19.436609,true,18.651,shift_2,A
2026-02-18T22:00,5.798926,23.195705,0.0,false,18.147,off,A
2026-02-18T22:15,5.949864,23.799456,0.0,false,18.258,off,A
2026-02-18T22:30,5.34114,21.364561,0.0,false,17.375,off,A
2026-02-18T22:45,4.665257,18.661028,0.0,false,18.971,off,A
2026-02-18T23:00,5.245584,20.982335,0.0,false,19.069,off,A
2026-02-18T23:15,4.756845,19.02738,0.0,false,17.827,off,A
2026-02-18T23:30,5.327781,21.311124,0.0,false,17.392,off,A
2026-02-18T23:45,4.909837,19.639348,0.0,false,17.982,off,A
2026-02-19T00:00,5.347799,21.391197,0.0,false,17.254,off,B
2026-02-19T00:15,5.573858,22.29543,0.0,false,17.543,off,B
2026-02-19T00:30,5.834848,23.339392,0.0,false,17.088,off,B
2026-02-19T00:45,4.933906,19.735622,0.0,false,16.918,off,B
2026-02-19T01:00,5.999198,23.996792,0.0,false,17.295,off,B
2026-02-19T01:15,5.487503,21.950013,0.0,false,18.175,off,B
2026-02-19T01:30,5.669131,22.676522,0.0,false,16.597,off,B
2026-02-19T01:45,5.44141,21.765641,0.0,false,16.666,off,B
2026-02-19T02:00,5.673973,22.69589,0.0,false,15.932,off,B
2026-02-19T02:15,5.512163,22.048651,0.0,false,16.77,off,B
2026-02-19T02:30,5.713927,22.855709,0.0,false,16.575,off,B
2026-02-19T02:45,6.402273,25.609091,0.0,false,15.989,off,B
2026-02-19T03:00,5.435056,21.740225,0.0,false,15.754,off,B
2026-02-19T03:15,5.950995,23.803981,0.0,false,15.61,off,B
2026-02-19T03:30,5.668063,22.672251,0.0,false,16.288,off,B
2026-02-19T03:45,6.060341,24.241363,0.0,false,15.384,off,B
2026-02-19T04:00,5.365688,21.462754,0.0,false,16.169,off,B
2026-02-19T04:15,4.805619,19.222477,0.0,false,15.862,off,B
2026-02-19T04:30,5.490159,21.960636,0.0,false,15.688,off,B
2026-02-19T04:45,5.527593,22.110373,0.0,false,14.29,off,B
2026-02-19T05:00,5.02845,20.113801,0.0,false,15.324,off,B
2026-02-19T05:15,5.395558,21.582233,0.0,false,14.673,off,B
2026-02-19T05:30,5.652795,22.611181,0.0,false,15.562,off,B
2026-02-19T05:45,6.035883,24.143532,0.0,false,14.891,off,B
2026-02-19T06:00,17.335544,69.342177,21.993835,true,14.521,shift_1,B
2026-02-19T06:15,21.950763,87.803053,30.64559,true,14.729,shift_1,B
2026-02-19T06:30,18.186111,72.744445,24.942623,true,14.403,shift_1,B
2026-02-19T06:45,20.540478,82.161911,26.640816,true,13.744,shift_1,B
2026-02-19T07:00,19.741788,78.967153,25.525637,true,15.036,shift_1,B
2026-02-19T07:15,17.215644,68.862576,22.096398,true,13.695,shift_1,B
2026-02-19T07:30,15.758124,63.032496,18.967617,true,12.997,shift_1,B
2026-02-19T07:45,16.621441,66.485766,17.76985,true,13.887,shift_1,B
2026-02-19T08:00,19.265753,77.063012,24.39617,true,13.915,shift_1,B
2026-02-19T08:15,19.635038,78.540153,26.12972,true,13.483,shift_1,B
2026-02-19T08:30,20.844208,83.376831,28.193741,true,13.648,shift_1,B
2026-02-19T08:45,22.499561,89.998245,31.01204,true,14.614,shift_1,B
2026-02-19T09:00,20.177834,80.711338,27.128628,true,14.109,shift_1,B
2026-02-19T09:15,19.404945,77.619782,24.207674,true,14.595,shift_1,B
2026-02-19T09:30,17.745414,70.981655,21.824133,true,13.98,shift_1,B
2026-02-19T09:45,23.922005,95.688019,34.851939,true,14.318,shift_1,B
2026-02-19T10:00,23.970465,95.881861,34.228256,true,14.601,shift_1,B
2026-02-19T10:15,20.720427,82.881709,28.884018,true,14.242,shift_1,B
2026-02-19T10:30,21.159137,84.63655,29.381716,true,14.375,shift_1,B
2026-02-19T10:45,21.620613,86.482452,31.468281,true,14.252,shift_1,B
2026-02-19T11:00,19.571766,78.287065,25.581375,true,15.001,shift_1,B
2026-02-19T11:15,23.645706,94.582825,34.543098,true,14.588,shift_1,B
2026-02-19T11:30,21.044655,84.178621,29.269936,true,15.101,shift_1,B
2026-02-19T11:45,22.385191,89.540763,30.329047,true,15.442,shift_1,B
2026-02-19T12:00,21.265125,85.060501,29.749335,true,15.438,shift_1,B
2026-02-19T12:15,16.765298,67.06119,19.033287,true,15.027,shift_1,B
2026-02-19T12:30,21.383912,85.535648,31.03064,true,15.129,shift_1,B
2026-02-19T12:45,19.440524,77.762098,25.516396,true,15.919,shift_1,B
2026-02-19T13:00,17.002204,68.008815,20.276428,true,16.107,shift_1,B
2026-02-19T13:15,18.053596,72.214382,22.904738,true,15.934,shift_1,B
2026-02-19T13:30,15.499371,61.997484,15.804539,true,16.51,shift_1,B
2026-02-19T13:45,14.776009,59.104037,14.55218,true,17.088,shift_1,B
2026-02-19T14:00,17.983685,71.934739,21.822834,true,16.563,shift_2,B
2026-02-19T14:15,18.347628,73.390513,22.721942,true,16.284,shift_2,B
2026-02-19T14:30,21.099569,84.398276,28.934544,true,17.378,shift_2,B
2026-02-19T14:45,17.012682,68.050727,20.145598,true,17.244,shift_2,B
2026-02-19T15:00,21.716532,86.866128,29.153138,true,16.671,shift_2,B
2026-02-19T15:15,15.661732,62.646929,17.914827,true,17.471,shift_2,B
2026-02-19T15:30,19.219661,76.878644,25.463482,true,17.982,shift_2,B
2026-02-19T15:45,23.95411,95.816441,34.528126,true,18.231,shift_2,B
2026-02-19T16:00,22.053059,88.212238,31.260825,true,17.559,shift_2,B
2026-02-19T16:15,20.377195,81.50878,28.413059,true,17.989,shift_2,B
2026-02-19T16:30,18.41626,73.665038,24.341654,true,17.551,shift_2,B
2026-02-19T16:45,20.597564,82.390254,27.077403,true,18.712,shift_2,B
2026-02-19T17:00,22.825348,91.301391,33.884375,true,17.876,shift_2,B
2026-02-19T17:15,22.655062,90.620249,33.821363,true,19.646,shift_2,B
2026-02-19T17:30,18.469167,73.876669,24.452743,true,18.97,shift_2,B
2026-02-19T17:45,22.60951,90.438039,32.890012,true,18.993,shift_2,B
2026-02-19T18:00,21.844245,87.37698,29.149145,true,19.258,shift_2,B
2026-02-19T18:15,25.470765,101.883062,39.718254,true,18.256,shift_2,B
2026-02-19T18:30,26.072666,104.290665,40.624771,true,19.239,shift_2,B
2026-02-19T18:45,18.635281,74.541124,21.401264,true,18.607,shift_2,B
2026-02-19T19:00,20.107661,80.430644,26.673445,true,19.341,shift_2,B
2026-02-19T19:15,19.04984,76.199358,24.250062,true,18.06,shift_2,B
2026-02-19T19:30,20.346903,81.387613,26.810947,true,19.264,shift_2,B
2026-02-19T19:45,21.451827,85.807307,29.617953,true,18.714,shift_2,B
2026-02-19T20:00,20.665066,82.660266,28.080822,true,19.066,shift_2,B
2026-02-19T20:15,20.434319,81.737276,28.332373,true,19.757,shift_2,B
2026-02-19T20:30,19.083555,76.334222,25.856224,true,18.527,shift_2,B
2026-02-19T20:45,16.895979,67.583916,21.35082,true,19.094,shift_2,B
2026-02-19T21:00,15.368587,61.474348,16.307396,true,18.455,shift_2,B
2026-02-19T21:15,20.050586,80.202345,26.431831,true,18.054,shift_2,B
2026-02-19T21:30,17.884448,71.537793,21.410346,true,18.835,shift_2,B
2026-02-19T21:45,19.762934,79.051737,27.397205,true,17.688,shift_2,B
2026-02-19T22:00,5.682623,22.730492,0.0,false,18.223,off,B
2026-02-19T22:15,5.701506,22.806024,0.0,false,19.103,off,B
2026-02-19T22:30,4.969419,19.877677,0.0,false,18.447,off,B
2026-02-19T22:45,6.039177,24.156707,0.0,false,18.504,off,B
2026-02-19T23:00,5.118469,20.473876,0.0,false,18.325,off,B
2026-02-19T23:15,6.129125,24.516502,0.0,false,17.653,off,B
2026-02-19T23:30,5.072585,20.290341,0.0,false,17.384,off,B
2026-02-19T23:45,5.205437,20.82175,0.0,false,18.511,off,B
2026-02-20T00:00,5.696891,22.787566,0.0,false,18.055,off,A
2026-02-20T00:15,5.915071,23.660284,0.0,false,17.831,off,A
2026-02-20T00:30,5.992889,23.971555,0.0,false,17.165,off,A
2026-02-20T00:45,5.64743,22.589722,0.0,false,17.035,off,A
2026-02-20T01:00,5.984509,23.938035,0.0,false,16.541,off,A
2026-02-20T01:15,5.719064,22.876255,0.0,false,18.316,off,A
2026-02-20T01:30,5.612871,22.451484,0.0,false,16.66,off,A
2026-02-20T01:45,4.809152,19.236609,0.0,false,16.369,off,A
2026-02-20T02:00,5.536321,22.145283,0.0,false,16.394,off,A
2026-02-20T02:15,5.329751,21.319005,0.0,false,16.343,off,A
2026-02-20T02:30,4.951169,19.804675,0.0,false,16.856,off,A
2026-02-20T02:45,5.526906,22.107625,0.0,false,16.546,off,A
2026-02-20T03:00,5.321943,21.287772,0.0,false,15.511,off,A
2026-02-20T03:15,5.629634,22.518537,0.0,false,15.239,off,A
2026-02-20T03:30,5.398979,21.595915,0.0,false,16.131,off,A
2026-02-20T03:45,5.163218,20.652874,0.0,false,15.548,off,A
2026-02-20T04:00,6.066385,24.265541,0.0,false,15.308,off,A
2026-02-20T04:15,5.063383,20.253531,0.0,false,14.492,off,A
2026-02-20T04:30,5.618775,22.475098,0.0,false,14.615,off,A
2026-02-20T04:45,5.559784,22.239138,0.0,false,14.503,off,A
2026-02-20T05:00,5.416805,21.66722,0.0,false,14.364,off,A
2026-02-20T05:15,4.403644,17.614576,0.0,false,15.028,off,A
2026-02-20T05:30,5.422131,21.688526,0.0,false,14.131,off,A
2026-02-20T05:45,5.296706,21.186825,0.0,false,14.388,off,A
2026-02-20T06:00,21.404347,85.617387,33.879533,true,13.825,shift_1,A
2026-02-20T06:15,18.390887,73.563546,27.061638,true,14.176,shift_1,A
2026-02-20T06:30,17.960608,71.842433,24.518502,true,14.135,shift_1,A
2026-02-20T06:45,16.080481,64.321925,19.498191,true,14.479,shift_1,A
2026-02-20T07:00,16.107094,64.428376,19.644904,true,14.766,shift_1,A
2026-02-20T07:15,17.811688,71.246753,22.200755,true,14.598,shift_1,A
2026-02-20T07:30,17.897102,71.588406,24.371344,true,13.816,shift_1,A
2026-02-20T07:45,17.680205,70.72082,22.38175,true,14.176,shift_1,A
2026-02-20T08:00,18.181779,72.727118,23.338641,true,13.709,shift_1,A
2026-02-20T08:15,18.906851,75.627403,26.423866,true,14.289,shift_1,A
2026-02-20T08:30,20.345738,81.382954,31.305385,true,14.785,shift_1,A
2026-02-20T08:45,19.278666,77.114664,25.090662,true,13.751,shift_1,A
2026-02-20T09:00,18.147734,72.590935,24.001618,true,14.042,shift_1,A
2026-02-20T09:15,18.504828,74.019311,27.068474,true,13.385,shift_1,A
2026-02-20T09:30,19.362227,77.448907,28.437044,true,14.094,shift_1,A
2026-02-20T09:45,22.01501,88.06004,35.090743,true,14.556,shift_1,A
2026-02-20T10:00,18.258584,73.034337,24.768518,true,14.793,shift_1,A
2026-02-20T10:15,21.966161,87.864643,35.507337,true,14.493,shift_1,A
2026-02-20T10:30,19.805834,79.223337,28.419325,true,14.519,shift_1,A
2026-02-20T10:45,16.266853,65.067413,21.79576,true,14.599,shift_1,A
2026-02-20T11:00,17.573726,70.294903,22.914988,true,15.106,shift_1,A
2026-02-20T11:15,19.248501,76.994005,26.862723,true,15.166,shift_1,A
2026-02-20T11:30,18.576569,74.306275,25.931485,true,14.097,shift_1,A
2026-02-20T11:45,17.510848,70.04339,22.423782,true,16.103,shift_1,A
2026-02-20T12:00,16.489438,65.957753,20.653143,true,15.383,shift_1,A
2026-02-20T12:15,18.520644,74.082578,24.341468,true,14.623,shift_1,A
2026-02-20T12:30,15.5309,62.1236,18.503351,true,14.772,shift_1,A
2026-02-20T12:45,17.855633,71.422531,24.03306,true,15.434,shift_1,A
2026-02-20T13:00,18.470967,73.883866,25.880782,true,15.723,shift_1,A
2026-02-20T13:15,19.528255,78.113019,28.5963,true,16.781,shift_1,A
2026-02-20T13:30,18.128822,72.515286,25.017812,true,16.287,shift_1,A
2026-02-20T13:45,17.678027,70.712109,22.102213,true,16.595,shift_1,A
2026-02-20T14:00,15.248437,60.993749,18.025828,true,16.906,shift_2,A
2026-02-20T14:15,14.952151,59.808603,15.12275,true,16.426,shift_2,A
2026-02-20T14:30,17.723006,70.892023,24.438261,true,17.378,shift_2,A
2026-02-20T14:45,14.959795,59.839182,16.267712,true,17.53,shift_2,A
2026-02-20T15:00,20.767943,83.071771,32.028272,true,17.433,shift_2,A
2026-02-20T15:15,21.996423,87.985691,34.42298,true,17.06,shift_2,A
2026-02-20T15:30,17.374065,69.496261,23.78125,true,18.245,shift_2,A
2026-02-20T15:45,21.013299,84.053194,29.409497,true,17.529,shift_2,A
2026-02-20T16:00,19.514714,78.058856,29.042309,true,17.564,shift_2,A
2026-02-20T16:15,21.50216,86.00864,33.286987,true,18.672,shift_2,A
2026-02-20T16:30,19.242362,76.969449,30.827889,true,18.351,shift_2,A
2026-02-20T16:45,24.341351,97.365406,40.473569,true,18.935,shift_2,A
2026-02-20T17:00,18.449784,73.799135,25.45379,true,17.82,shift_2,A
2026-02-20T17:15,21.440001,85.760005,32.354712,true,19.598,shift_2,A
2026-02-20T17:30,18.856893,75.427574,26.091795,true,18.712,shift_2,A
2026-02-20T17:45,18.195438,72.781753,25.208184,true,20.201,shift_2,A
2026-02-20T18:00,22.167703,88.670813,35.373387,true,19.23,shift_2,A
2026-02-20T18:15,17.015589,68.062358,21.039504,true,18.335,shift_2,A
2026-02-20T18:30,20.447585,81.790339,31.246691,true,18.318,shift_2,A
2026-02-20T18:45,22.930009,91.720036,35.916722,true,19.395,shift_2,A
2026-02-20T19:00,18.128923,72.515692,25.376992,true,19.832,shift_2,A
2026-02-20T19:15,16.530763,66.123051,19.443625,true,19.613,shift_2,A
2026-02-20T19:30,19.154853,76.61941,26.977205,true,18.517,shift_2,A
2026-02-20T19:45,19.692998,78.771992,29.18217,true,18.606,shift_2,A
2026-02-20T20:00,20.670457,82.681827,31.988582,true,18.949,shift_2,A
2026-02-20T20:15,21.170754,84.683016,30.710653,true,19.574,shift_2,A
2026-02-20T20:30,20.558537,82.234147,30.071763,true,18.535,shift_2,A
2026-02-20T20:45,15.945556,63.782223,20.298233,true,18.966,shift_2,A
2026-02-20T21:00,20.607246,82.428984,29.847964,true,19.46,shift_2,A
2026-02-20T21:15,16.422888,65.691551,22.920527,true,18.959,shift_2,A
2026-02-20T21:30,18.729722,74.918888,27.456912,true,18.734,shift_2,A
2026-02-20T21:45,19.559855,78.239418,28.004511,true,18.6,shift_2,A
2026-02-20T22:00,4.671358,18.685432,0.0,false,18.716,off,A
2026-02-20T22:15,5.082308,20.329233,0.0,false,18.316,off,A
2026-02-20T22:30,4.910201,19.640804,0.0,false,19.217,off,A
2026-02-20T22:45,5.825905,23.30362,0.0,false,18.73,off,A
2026-02-20T23:00,5.324057,21.296228,0.0,false,18.583,off,A
2026-02-20T23:15,5.152893,20.611572,0.0,false,19.286,off,A
2026-02-20T23:30,5.79891,23.195641,0.0,false,17.935,off,A
2026-02-20T23:45,5.332273,21.329094,0.0,false,18.254,off,A
2026-02-21T00:00,5.572432,22.289728,0.0,false,17.576,off,A
2026-02-21T00:15,4.768819,19.075275,0.0,false,16.59,off,A
2026-02-21T00:30,4.471991,17.887965,0.0,false,18.035,off,A
2026-02-21T00:45,5.499738,21.998951,0.0,false,17.25,off,A
2026-02-21T01:00,5.281848,21.127391,0.0,false,16.98,off,A
2026-02-21T01:15,5.386694,21.546778,0.0,false,17.435,off,A
2026-02-21T01:30,5.741066,22.964262,0.0,false,15.77,off,A
2026-02-21T01:45,5.504433,22.017733,0.0,false,16.981,off,A
2026-02-21T02:00,4.779774,19.119095,0.0,false,16.244,off,A
2026-02-21T02:15,5.47766,21.91064,0.0,false,17.521,off,A
2026-02-21T02:30,5.677811,22.711244,0.0,false,16.833,off,A
2026-02-21T02:45,6.133393,24.533571,0.0,false,16.152,off,A
2026-02-21T03:00,5.97718,23.908721,0.0,false,16.67,off,A
2026-02-21T03:15,5.10538,20.421521,0.0,false,15.513,off,A
2026-02-21T03:30,5.568005,22.272021,0.0,false,16.299,off,A
2026-02-21T03:45,5.1707,20.682802,0.0,false,15.521,off,A
2026-02-21T04:00,5.94309,23.772361,0.0,false,14.693,off,A
2026-02-21T04:15,5.122503,20.490011,0.0,false,15.356,off,A
2026-02-21T04:30,5.031646,20.126582,0.0,false,15.043,off,A
2026-02-21T04:45,5.158215,20.632858,0.0,false,14.729,off,A
2026-02-21T05:00,5.657954,22.631817,0.0,false,15.121,off,A
2026-02-21T05:15,6.244804,24.979216,0.0,false,14.737,off,A
2026-02-21T05:30,5.305286,21.221143,0.0,false,14.711,off,A
2026-02-21T05:45,5.860436,23.441745,0.0,false,14.862,off,A
2026-02-21T06:00,6.246802,24.987208,0.0,false,13.933,shift_1,A
2026-02-21T06:15,5.236466,20.945863,0.0,false,14.544,shift_1,A
2026-02-21T06:30,5.828582,23.314326,0.0,false,14.967,shift_1,A
2026-02-21T06:45,5.88455,23.538201,0.0,false,15.279,shift_1,A
2026-02-21T07:00,5.515854,22.063414,0.0,false,13.9,shift_1,A
2026-02-21T07:15,5.83399,23.335961,0.0,false,14.211,shift_1,A
2026-02-21T07:30,5.739791,22.959164,0.0,false,13.384,shift_1,A
2026-02-21T07:45,5.007399,20.029595,0.0,false,13.993,shift_1,A
2026-02-21T08:00,10.621436,42.485743,0.0,false,13.488,shift_1,A
2026-02-21T08:15,11.264535,45.05814,0.0,false,14.441,shift_1,A
2026-02-21T08:30,11.378711,45.514845,0.0,false,14.298,shift_1,A
2026-02-21T08:45,11.252062,45.008248,0.0,false,13.968,shift_1,A
2026-02-21T09:00,10.920164,43.680656,0.0,false,14.551,shift_1,A
2026-02-21T09:15,10.661336,42.645345,0.0,false,13.944,shift_1,A
2026-02-21T09:30,11.123359,44.493436,0.0,false,13.991,shift_1,A
2026-02-21T09:45,10.383981,41.535924,0.0,false,14.417,shift_1,A
2026-02-21T10:00,11.264781,45.059123,0.0,false,14.776,shift_1,A
2026-02-21T10:15,11.378532,45.51413,0.0,false,14.079,shift_1,A
2026-02-21T10:30,11.048292,44.193168,0.0,false,15.046,shift_1,A
2026-02-21T10:45,11.50088,46.00352,0.0,false,14.593,shift_1,A
2026-02-21T11:00,11.638141,46.552563,0.0,false,14.874,shift_1,A
2026-02-21T11:15,9.667723,38.67089,0.0,false,14.993,shift_1,A
2026-02-21T11:30,11.30967,45.238681,0.0,false,14.591,shift_1,A
2026-02-21T11:45,11.322448,45.289792,0.0,false,15.521,shift_1,A
2026-02-21T12:00,11.649811,46.599244,0.0,false,15.985,shift_1,A
2026-02-21T12:15,11.35621,45.424842,0.0,false,15.393,shift_1,A
2026-02-21T12:30,10.654999,42.619996,0.0,false,16.115,shift_1,A
2026-02-21T12:45,11.426544,45.706177,0.0,false,16.183,shift_1,A
2026-02-21T13:00,11.76106,47.044241,0.0,false,16.524,shift_1,A
2026-02-21T13:15,11.086571,44.346285,0.0,false,17.409,shift_1,A
2026-02-21T13:30,11.287777,45.151109,0.0,false,16.127,shift_1,A
2026-02-21T13:45,11.318869,45.275477,0.0,false,16.591,shift_1,A
2026-02-21T14:00,10.305001,41.220005,0.0,false,16.844,shift_2,A
2026-02-21T14:15,10.696146,42.784586,0.0,false,16.577,shift_2,A
2026-02-21T14:30,11.223323,44.893294,0.0,false,15.947,shift_2,A
2026-02-21T14:45,10.574778,42.29911,0.0,false,17.973,shift_2,A
2026-02-21T15:00,10.423458,41.69383,0.0,false,17.831,shift_2,A
2026-02-21T15:15,10.956519,43.826076,0.0,false,17.137,shift_2,A
2026-02-21T15:30,11.564872,46.259489,0.0,false,17.863,shift_2,A
2026-02-21T15:45,11.108661,44.434643,0.0,false,17.612,shift_2,A
2026-02-21T16:00,11.130961,44.523844,0.0,false,17.85,shift_2,A
2026-02-21T16:15,10.837409,43.349637,0.0,false,17.494,shift_2,A
2026-02-21T16:30,10.189206,40.756823,0.0,false,18.156,shift_2,A
2026-02-21T16:45,10.974926,43.899705,0.0,false,18.505,shift_2,A
2026-02-21T17:00,10.877111,43.508443,0.0,false,18.112,shift_2,A
2026-02-21T17:15,11.655548,46.622194,0.0,false,18.538,shift_2,A
2026-02-21T17:30,10.460909,41.843634,0.0,false,18.404,shift_2,A
2026-02-21T17:45,11.611595,46.446378,0.0,false,18.792,shift_2,A
2026-02-21T18:00,5.531243,22.124974,0.0,false,18.717,shift_2,A
2026-02-21T18:15,5.179021,20.716085,0.0,false,18.441,shift_2,A
2026-02-21T18:30,5.641014,22.564054,0.0,false,19.272,shift_2,A
2026-02-21T18:45,5.373161,21.492642,0.0,false,19.145,shift_2,A
2026-02-21T19:00,5.221907,20.887628,0.0,false,19.603,shift_2,A
2026-02-21T19:15,5.607274,22.429094,0.0,false,19.475,shift_2,A
2026-02-21T19:30,5.229398,20.917594,0.0,false,18.602,shift_2,A
2026-02-21T19:45,5.610492,22.441968,0.0,false,18.579,shift_2,A
2026-02-21T20:00,5.15627,20.62508,0.0,false,19.275,shift_2,A
2026-02-21T20:15,5.302776,21.211104,0.0,false,18.964,shift_2,A
2026-02-21T20:30,5.611488,22.445952,0.0,false,19.323,shift_2,A
2026-02-21T20:45,5.973071,23.892283,0.0,false,19.344,shift_2,A
2026-02-21T21:00,5.951179,23.804718,0.0,false,19.23,shift_2,A
2026-02-21T21:15,5.277154,21.108617,0.0,false,18.458,shift_2,A
2026-02-21T21:30,5.351009,21.404035,0.0,false,19.155,shift_2,A
2026-02-21T21:45,5.046449,20.185796,0.0,false,19.587,shift_2,A
2026-02-21T22:00,6.18102,24.724081,0.0,false,19.162,off,A
2026-02-21T22:15,5.20922,20.836879,0.0,false,18.353,off,A
2026-02-21T22:30,5.502086,22.008343,0.0,false,19.511,off,A
2026-02-21T22:45,5.222924,20.891697,0.0,false,18.101,off,A
2026-02-21T23:00,5.926116,23.704465,0.0,false,18.722,off,A
2026-02-21T23:15,5.412335,21.649339,0.0,false,17.113,off,A
2026-02-21T23:30,6.265085,25.06034,0.0,false,17.903,off,A
2026-02-21T23:45,5.820983,23.283932,0.0,false,18.081,off,A
2026-02-22T00:00,5.37091,21.483641,0.0,false,17.633,off,B
2026-02-22T00:15,5.90471,23.61884,0.0,false,16.608,off,B
2026-02-22T00:30,5.345223,21.380892,0.0,false,18.283,off,B
2026-02-22T00:45,6.481958,25.92783,0.0,false,17.015,off,B
2026-02-22T01:00,5.543986,22.175943,0.0,false,17.135,off,B
2026-02-22T01:15,5.67034,22.681359,0.0,false,17.756,off,B
2026-02-22T01:30,6.357954,25.431815,0.0,false,16.724,off,B
2026-02-22T01:45,5.699186,22.796743,0.0,false,16.277,off,B
2026-02-22T02:00,5.439002,21.756009,0.0,false,16.473,off,B
2026-02-22T02:15,4.83247,19.329879,0.0,false,16.77,off,B
2026-02-22T02:30,5.959619,23.838477,0.0,false,16.59,off,B
2026-02-22T02:45,5.944984,23.779937,0.0,false,16.032,off,B
2026-02-22T03:00,5.703578,22.814314,0.0,false,16.471,off,B
2026-02-22T03:15,5.169475,20.6779,0.0,false,15.475,off,B
2026-02-22T03:30,5.69261,22.77044,0.0,false,15.989,off,B
2026-02-22T03:45,4.801522,19.206088,0.0,false,15.766,off,B
2026-02-22T04:00,5.060667,20.242668,0.0,false,15.943,off,B
2026-02-22T04:15,6.336507,25.346028,0.0,false,16.083,off,B
2026-02-22T04:30,5.431203,21.724811,0.0,false,15.982,off,B
2026-02-22T04:45,4.824701,19.298805,0.0,false,15.343,off,B
2026-02-22T05:00,6.422756,25.691023,0.0,false,14.872,off,B
2026-02-22T05:15,5.637977,22.551908,0.0,false,13.932,off,B
2026-02-22T05:30,5.711299,22.845196,0.0,false,14.705,off,B
2026-02-22T05:45,5.82334,23.293359,0.0,false,14.468,off,B
2026-02-22T06:00,5.063004,20.252018,0.0,false,14.6,shift_1,B
2026-02-22T06:15,5.68095,22.723802,0.0,false,14.093,shift_1,B
2026-02-22T06:30,5.837302,23.349208,0.0,false,13.736,shift_1,B
2026-02-22T06:45,6.09676,24.387041,0.0,false,13.33,shift_1,B
2026-02-22T07:00,6.075676,24.302703,0.0,false,13.818,shift_1,B
2026-02-22T07:15,5.393126,21.572505,0.0,false,15.172,shift_1,B
2026-02-22T07:30,5.576238,22.304951,0.0,false,15.077,shift_1,B
2026-02-22T07:45,6.113908,24.455633,0.0,false,14.491,shift_1,B
2026-02-22T08:00,11.371588,45.486352,0.0,false,14.147,shift_1,B
2026-02-22T08:15,11.636791,46.547165,0.0,false,13.901,shift_1,B
2026-02-22T08:30,11.455667,45.82267,0.0,false,14.009,shift_1,B
2026-02-22T08:45,11.264388,45.057552,0.0,false,14.438,shift_1,B
2026-02-22T09:00,10.985426,43.941706,0.0,false,13.382,shift_1,B
2026-02-22T09:15,11.185702,44.74281,0.0,false,14.706,shift_1,B
2026-02-22T09:30,11.406765,45.62706,0.0,false,14.211,shift_1,B
2026-02-22T09:45,10.556678,42.22671,0.0,false,14.438,shift_1,B
2026-02-22T10:00,10.977857,43.911427,0.0,false,14.767,shift_1,B
2026-02-22T10:15,10.485871,41.943482,0.0,false,14.291,shift_1,B
2026-02-22T10:30,10.749624,42.998497,0.0,false,15.284,shift_1,B
2026-02-22T10:45,11.536692,46.146769,0.0,false,14.773,shift_1,B
2026-02-22T11:00,11.130804,44.523218,0.0,false,14.85,shift_1,B
2026-02-22T11:15,10.752751,43.011004,0.0,false,14.876,shift_1,B
2026-02-22T11:30,11.663459,46.653837,0.0,false,14.486,shift_1,B
2026-02-22T11:45,11.137995,44.551979,0.0,false,15.598,shift_1,B
2026-02-22T12:00,10.645658,42.582633,0.0,false,15.531,shift_1,B
2026-02-22T12:15,10.591791,42.367164,0.0,false,15.757,shift_1,B
2026-02-22T12:30,11.186259,44.745035,0.0,false,15.99,shift_1,B
2026-02-22T12:45,11.254723,45.018893,0.0,false,15.877,shift_1,B
2026-02-22T13:00,11.157585,44.630341,0.0,false,16.453,shift_1,B
2026-02-22T13:15,10.700592,42.802367,0.0,false,15.532,shift_1,B
2026-02-22T13:30,11.491131,45.964526,0.0,false,16.414,shift_1,B
2026-02-22T13:45,11.081253,44.32501,0.0,false,16.591,shift_1,B
2026-02-22T14:00,10.851323,43.405293,0.0,false,16.807,shift_2,B
2026-02-22T14:15,10.385364,41.541455,0.0,false,17.121,shift_2,B
2026-02-22T14:30,11.721438,46.885751,0.0,false,16.724,shift_2,B
2026-02-22T14:45,10.75594,43.023759,0.0,false,17.719,shift_2,B
2026-02-22T15:00,10.830739,43.322955,0.0,false,17.667,shift_2,B
2026-02-22T15:15,11.087895,44.351578,0.0,false,17.04,shift_2,B
2026-02-22T15:30,11.521876,46.087505,0.0,false,17.363,shift_2,B
2026-02-22T15:45,10.705539,42.822157,0.0,false,17.778,shift_2,B
2026-02-22T16:00,10.913457,43.653829,0.0,false,18.03,shift_2,B
2026-02-22T16:15,11.280106,45.120425,0.0,false,18.547,shift_2,B
2026-02-22T16:30,11.279989,45.119954,0.0,false,17.844,shift_2,B
2026-02-22T16:45,11.145768,44.583074,0.0,false,19.015,shift_2,B
2026-02-22T17:00,10.750793,43.003171,0.0,false,19.061,shift_2,B
2026-02-22T17:15,11.043584,44.174336,0.0,false,19.194,shift_2,B
2026-02-22T17:30,11.094873,44.379494,0.0,false,19.345,shift_2,B
2026-02-22T17:45,10.325436,41.301743,0.0,false,19.124,shift_2,B
2026-02-22T18:00,5.526254,22.105015,0.0,false,18.293,shift_2,B
2026-02-22T18:15,5.013097,20.052389,0.0,false,18.483,shift_2,B
2026-02-22T18:30,5.068376,20.273505,0.0,false,17.851,shift_2,B
2026-02-22T18:45,5.016316,20.065263,0.0,false,19.266,shift_2,B
2026-02-22T19:00,4.761668,19.046673,0.0,false,19.487,shift_2,B
2026-02-22T19:15,6.008192,24.032766,0.0,false,20.197,shift_2,B
2026-02-22T19:30,4.697185,18.788741,0.0,false,18.047,shift_2,B
2026-02-22T19:45,4.817182,19.268727,0.0,false,19.286,shift_2,B
2026-02-22T20:00,5.635396,22.541584,0.0,false,18.916,shift_2,B
2026-02-22T20:15,5.748451,22.993804,0.0,false,18.293,shift_2,B
2026-02-22T20:30,4.921445,19.685778,0.0,false,19.21,shift_2,B
2026-02-22T20:45,5.755956,23.023825,0.0,false,19.881,shift_2,B
2026-02-22T21:00,5.913995,23.65598,0.0,false,18.869,shift_2,B
2026-02-22T21:15,4.806678,19.226713,0.0,false,18.822,shift_2,B
2026-02-22T21:30,5.534355,22.137419,0.0,false,18.996,shift_2,B
2026-02-22T21:45,5.479562,21.91825,0.0,false,18.973,shift_2,B
2026-02-22T22:00,5.431161,21.724645,0.0,false,18.992,off,B
2026-02-22T22:15,5.917131,23.668524,0.0,false,18.942,off,B
2026-02-22T22:30,5.78363,23.134521,0.0,false,18.745,off,B
2026-02-22T22:45,5.183514,20.734056,0.0,false,18.458,off,B
2026-02-22T23:00,5.655277,22.621109,0.0,false,17.835,off,B
2026-02-22T23:15,4.981226,19.924903,0.0,false,18.511,off,B
2026-02-22T23:30,6.152375,24.609501,0.0,false,17.674,off,B
2026-02-22T23:45,5.329493,21.317973,0.0,false,18.364,off,B
2026-02-23T00:00,5.231035,20.924141,0.0,false,18.171,off,A
2026-02-23T00:15,5.583827,22.335308,0.0,false,18.026,off,A
2026-02-23T00:30,5.038731,20.154923,0.0,false,17.055,off,A
2026-02-23T00:45,5.009978,20.039912,0.0,false,17.791,off,A
2026-02-23T01:00,5.399869,21.599476,0.0,false,17.947,off,A
2026-02-23T01:15,5.76524,23.06096,0.0,false,17.216,off,A
2026-02-23T01:30,5.828502,23.314007,0.0,false,17.307,off,A
2026-02-23T01:45,5.645683,22.582734,0.0,false,16.682,off,A
2026-02-23T02:00,5.390922,21.563688,0.0,false,17.195,off,A
2026-02-23T02:15,5.671494,22.685977,0.0,false,16.542,off,A
2026-02-23T02:30,5.244508,20.978034,0.0,false,16.979,off,A
2026-02-23T02:45,5.165085,20.66034,0.0,false,16.629,off,A
2026-02-23T03:00,5.727742,22.910966,0.0,false,15.451,off,A
2026-02-23T03:15,5.109395,20.437581,0.0,false,16.038,off,A
2026-02-23T03:30,5.632436,22.529743,0.0,false,15.439,off,A
2026-02-23T03:45,5.876337,23.505347,0.0,false,15.901,off,A
2026-02-23T04:00,5.337714,21.350858,0.0,false,15.709,off,A
2026-02-23T04:15,6.288387,25.153547,0.0,false,15.985,off,A
2026-02-23T04:30,5.298825,21.1953,0.0,false,15.31,off,A
2026-02-23T04:45,5.297599,21.190394,0.0,false,15.235,off,A
2026-02-23T05:00,5.537273,22.149092,0.0,false,14.425,off,A
2026-02-23T05:15,5.150792,20.603167,0.0,false,14.992,off,A
2026-02-23T05:30,6.581782,26.327128,0.0,false,15.415,off,A
2026-02-23T05:45,5.140528,20.56211,0.0,false,14.939,off,A
2026-02-23T06:00,18.666282,74.665126,26.355611,true,14.699,shift_1,A
2026-02-23T06:15,18.047817,72.191269,25.625192,true,14.646,shift_1,A
2026-02-23T06:30,17.132519,68.530076,20.425945,true,14.855,shift_1,A
2026-02-23T06:45,14.774572,59.098288,15.387132,true,14.187,shift_1,A
2026-02-23T07:00,25.922118,103.688471,43.68144,true,13.826,shift_1,A
2026-02-23T07:15,16.732917,66.931669,20.501527,true,14.784,shift_1,A
2026-02-23T07:30,17.586362,70.345449,23.997042,true,14.776,shift_1,A
2026-02-23T07:45,19.581265,78.325061,27.99261,true,14.025,shift_1,A
2026-02-23T08:00,18.518901,74.075603,24.96727,true,14.132,shift_1,A
2026-02-23T08:15,18.643632,74.574529,26.542825,true,15.017,shift_1,A
2026-02-23T08:30,15.000298,60.001194,17.303182,true,14.718,shift_1,A
2026-02-23T08:45,18.166291,72.665166,24.637246,true,14.012,shift_1,A
2026-02-23T09:00,23.804873,95.219492,37.837568,true,15.007,shift_1,A
2026-02-23T09:15,19.463746,77.854985,28.900706,true,14.327,shift_1,A
2026-02-23T09:30,18.922821,75.691285,26.263982,true,14.737,shift_1,A
2026-02-23T09:45,18.954896,75.819586,25.622809,true,15.13,shift_1,A
2026-02-23T10:00,18.255714,73.022855,25.955636,true,15.037,shift_1,A
2026-02-23T10:15,18.104478,72.417913,22.900216,true,15.582,shift_1,A
2026-02-23T10:30,20.263641,81.054563,30.085055,true,15.88,shift_1,A
2026-02-23T10:45,17.747961,70.991844,22.892307,true,14.913,shift_1,A
2026-02-23T11:00,19.815071,79.260284,27.008061,true,14.815,shift_1,A
2026-02-23T11:15,24.507308,98.029233,39.626637,true,15.324,shift_1,A
2026-02-23T11:30,21.095798,84.383191,30.483628,true,15.783,shift_1,A
2026-02-23T11:45,17.669689,70.678754,23.790565,true,15.381,shift_1,A
2026-02-23T12:00,16.738981,66.955924,21.699455,true,15.055,shift_1,A
2026-02-23T12:15,19.129433,76.517732,27.740645,true,16.288,shift_1,A
2026-02-23T12:30,16.248969,64.995876,21.235882,true,15.651,shift_1,A
2026-02-23T12:45,15.030793,60.123173,16.615017,true,15.549,shift_1,A
2026-02-23T13:00,17.018661,68.074645,21.879328,true,16.423,shift_1,A
2026-02-23T13:15,19.098601,76.394405,27.613026,true,16.643,shift_1,A
2026-02-23T13:30,17.570004,70.280017,25.180132,true,16.74,shift_1,A
2026-02-23T13:45,19.055627,76.222509,26.786366,true,17.302,shift_1,A
2026-02-23T14:00,19.863682,79.454728,30.647729,true,17.165,shift_2,A
2026-02-23T14:15,16.210344,64.841377,20.987223,true,18.225,shift_2,A
2026-02-23T14:30,15.970745,63.88298,19.245261,true,16.281,shift_2,A
2026-02-23T14:45,15.666523,62.666091,17.779545,true,17.095,shift_2,A
2026-02-23T15:00,16.690577,66.76231,18.943849,true,16.494,shift_2,A
2026-02-23T15:15,17.754164,71.016654,23.6676,true,17.908,shift_2,A
2026-02-23T15:30,19.495715,77.982859,28.206595,true,17.931,shift_2,A
2026-02-23T15:45,18.509046,74.036183,26.419159,true,18.081,shift_2,A
2026-02-23T16:00,20.476462,81.905847,31.849826,true,17.836,shift_2,A
2026-02-23T16:15,15.733686,62.934743,20.043781,true,18.308,shift_2,A
2026-02-23T16:30,18.014601,72.058405,24.238556,true,17.909,shift_2,A
2026-02-23T16:45,18.035743,72.142972,24.755311,true,19.201,shift_2,A
2026-02-23T17:00,22.725466,90.901863,35.879624,true,18.484,shift_2,A
2026-02-23T17:15,20.214306,80.857225,30.725906,true,18.543,shift_2,A
2026-02-23T17:30,16.659423,66.637692,22.508249,true,19.058,shift_2,A
2026-02-23T17:45,18.172898,72.691593,25.784756,true,18.728,shift_2,A
2026-02-23T18:00,18.916914,75.667655,27.864147,true,18.858,shift_2,A
2026-02-23T18:15,20.301804,81.207216,30.574058,true,19.651,shift_2,A
2026-02-23T18:30,21.827553,87.310212,33.393873,true,19.261,shift_2,A
2026-02-23T18:45,18.909223,75.636891,24.850173,true,19.646,shift_2,A
2026-02-23T19:00,21.252966,85.011863,32.483337,true,19.099,shift_2,A
2026-02-23T19:15,20.211089,80.844356,31.129991,true,19.304,shift_2,A
2026-02-23T19:30,21.915247,87.660987,33.940356,true,18.399,shift_2,A
2026-02-23T19:45,19.228466,76.913863,28.303662,true,19.364,shift_2,A
2026-02-23T20:00,18.607582,74.430329,26.852524,true,20.181,shift_2,A
2026-02-23T20:15,21.287788,85.15115,31.331661,true,19.905,shift_2,A
2026-02-23T20:30,17.533344,70.133375,23.79762,true,18.465,shift_2,A
2026-02-23T20:45,20.22045,80.881801,30.660249,true,19.599,shift_2,A
2026-02-23T21:00,18.923376,75.693506,26.158741,true,19.125,shift_2,A
2026-02-23T21:15,14.636203,58.544814,17.17909,true,19.852,shift_2,A
2026-02-23T21:30,17.230466,68.921863,21.206685,true,19.184,shift_2,A
2026-02-23T21:45,18.518042,74.072166,26.501209,true,18.871,shift_2,A
2026-02-23T22:00,5.289731,21.158925,0.0,false,20.217,off,A
2026-02-23T22:15,6.323729,25.294916,0.0,false,18.641,off,A
2026-02-23T22:30,5.351802,21.407207,0.0,false,19.898,off,A
2026-02-23T22:45,5.543209,22.172835,0.0,false,18.487,off,A
2026-02-23T23:00,5.495969,21.983874,0.0,false,18.652,off,A
2026-02-23T23:15,6.009534,24.038136,0.0,false,18.515,off,A
2026-02-23T23:30,6.338891,25.355565,0.0,false,17.967,off,A
2026-02-23T23:45,4.839729,19.358917,0.0,false,17.303,off,A
2026-02-24T00:00,5.649485,22.597941,0.0,false,18.691,off,A
2026-02-24T00:15,6.084169,24.336674,0.0,false,18.644,off,A
2026-02-24T00:30,4.777512,19.11005,0.0,false,18.002,off,A
2026-02-24T00:45,5.409508,21.638033,0.0,false,18.121,off,A
2026-02-24T01:00,4.938414,19.753657,0.0,false,17.773,off,A
2026-02-24T01:15,5.66588,22.663521,0.0,false,17.197,off,A
2026-02-24T01:30,5.367989,21.471956,0.0,false,17.386,off,A
2026-02-24T01:45,5.426603,21.706413,0.0,false,17.518,off,A
2026-02-24T02:00,5.371742,21.486966,0.0,false,17.163,off,A
2026-02-24T02:15,4.540612,18.16245,0.0,false,16.721,off,A
2026-02-24T02:30,5.853225,23.412898,0.0,false,16.949,off,A
2026-02-24T02:45,4.902781,19.611125,0.0,false,16.078,off,A
2026-02-24T03:00,5.51351,22.054038,0.0,false,16.565,off,A
2026-02-24T03:15,5.672558,22.690231,0.0,false,16.072,off,A
2026-02-24T03:30,5.173725,20.6949,0.0,false,15.616,off,A
2026-02-24T03:45,5.214948,20.859792,0.0,false,15.632,off,A
2026-02-24T04:00,5.965794,23.863174,0.0,false,16.296,off,A
2026-02-24T04:15,5.543225,22.1729,0.0,false,15.39,off,A
2026-02-24T04:30,5.384338,21.537353,0.0,false,16.53,off,A
2026-02-24T04:45,5.76768,23.070719,0.0,false,15.098,off,A
2026-02-24T05:00,5.470364,21.881457,0.0,false,15.684,off,A
2026-02-24T05:15,5.376294,21.505177,0.0,false,15.273,off,A
2026-02-24T05:30,5.610754,22.443016,0.0,false,14.331,off,A
2026-02-24T05:45,5.069656,20.278625,0.0,false,15.43,off,A
2026-02-24T06:00,14.65923,58.636919,15.81838,true,15.03,shift_1,A
2026-02-24T06:15,20.410742,81.642967,30.758518,true,14.951,shift_1,A
2026-02-24T06:30,17.16173,68.646919,21.312394,true,14.267,shift_1,A
2026-02-24T06:45,19.606511,78.426045,30.931145,true,14.054,shift_1,A
2026-02-24T07:00,19.525021,78.100086,27.897446,true,13.92,shift_1,A
2026-02-24T07:15,17.557412,70.229647,24.192352,true,14.207,shift_1,A
2026-02-24T07:30,19.907427,79.629709,31.157336,true,14.478,shift_1,A
2026-02-24T07:45,19.202563,76.810253,27.665125,true,14.928,shift_1,A
2026-02-24T08:00,20.678852,82.715407,31.374306,true,15.191,shift_1,A
2026-02-24T08:15,16.000673,64.002691,20.184064,true,15.052,shift_1,A
2026-02-24T08:30,20.803235,83.212941,32.091376,true,15.176,shift_1,A
2026-02-24T08:45,19.673539,78.694156,29.689759,true,13.891,shift_1,A
2026-02-24T09:00,18.218693,72.874773,26.11692,true,13.417,shift_1,A
2026-02-24T09:15,15.960984,63.843935,20.240078,true,15.052,shift_1,A
2026-02-24T09:30,19.10057,76.402278,26.058603,true,15.281,shift_1,A
2026-02-24T09:45,17.969018,71.876073,23.251927,true,15.292,shift_1,A
2026-02-24T10:00,47.709502,190.838008,25.105243,true,15.228,shift_1,A
2026-02-24T10:15,47.983306,191.933226,22.983927,true,15.395,shift_1,A
2026-02-24T10:30,46.355138,185.420551,22.696344,true,15.37,shift_1,A
2026-02-24T10:45,49.779594,199.118377,30.447706,true,14.914,shift_1,A
2026-02-24T11:00,46.817629,187.270516,20.146689,true,15.323,shift_1,A
2026-02-24T11:15,53.795512,215.182047,39.095442,true,15.418,shift_1,A
2026-02-24T11:30,51.627758,206.511031,33.343725,true,16.356,shift_1,A
2026-02-24T11:45,49.350702,197.40281,28.642077,true,14.808,shift_1,A
2026-02-24T12:00,17.255721,69.022882,21.825501,true,15.904,shift_1,A
2026-02-24T12:15,17.887576,71.550303,24.118488,true,15.794,shift_1,A
2026-02-24T12:30,19.751182,79.004728,29.186932,true,14.524,shift_1,A
2026-02-24T12:45,19.631171,78.524686,27.011118,true,17.044,shift_1,A
2026-02-24T13:00,17.20383,68.815319,23.239267,true,15.894,shift_1,A
2026-02-24T13:15,18.692453,74.769813,28.129204,true,16.744,shift_1,A
2026-02-24T13:30,15.973233,63.892931,20.546523,true,16.916,shift_1,A
2026-02-24T13:45,18.256254,73.025015,25.812987,true,16.251,shift_1,A
2026-02-24T14:00,16.880543,67.522172,21.885812,true,17.072,shift_2,A
2026-02-24T14:15,17.34231,69.369239,21.701773,true,16.423,shift_2,A
2026-02-24T14:30,19.524767,78.099068,28.600074,true,17.481,shift_2,A
2026-02-24T14:45,16.416511,65.666043,18.92165,true,18.231,shift_2,A
2026-02-24T15:00,16.368324,65.473296,19.423628,true,18.275,shift_2,A
2026-02-24T15:15,20.423809,81.695237,29.892493,true,17.655,shift_2,A
2026-02-24T15:30,16.011836,64.047344,20.997296,true,18.572,shift_2,A
2026-02-24T15:45,16.42606,65.704241,20.701904,true,17.756,shift_2,A
2026-02-24T16:00,17.8151,71.260398,22.86492,true,18.101,shift_2,A
2026-02-24T16:15,19.859802,79.439208,30.049893,true,18.715,shift_2,A
2026-02-24T16:30,21.552677,86.210707,34.700181,true,18.418,shift_2,A
2026-02-24T16:45,19.731554,78.926218,29.213916,true,18.508,shift_2,A
2026-02-24T17:00,18.429375,73.717499,24.969505,true,19.614,shift_2,A
2026-02-24T17:15,18.44858,73.79432,25.856069,true,18.571,shift_2,A
2026-02-24T17:30,19.799889,79.199556,27.902613,true,19.487,shift_2,A
2026-02-24T17:45,18.31989,73.27956,26.058932,true,19.201,shift_2,A
2026-02-24T18:00,19.806344,79.225376,28.407399,true,18.182,shift_2,A
2026-02-24T18:15,20.360268,81.441072,29.132826,true,19.165,shift_2,A
2026-02-24T18:30,19.622223,78.488891,28.694114,true,19.289,shift_2,A
2026-02-24T18:45,15.935738,63.742954,20.465314,true,19.432,shift_2,A
2026-02-24T19:00,20.024446,80.097785,30.708946,true,18.834,shift_2,A
2026-02-24T19:15,20.066534,80.266137,30.96092,true,19.201,shift_2,A
2026-02-24T19:30,16.630055,66.520221,19.284573,true,18.711,shift_2,A
2026-02-24T19:45,16.16725,64.669001,22.603431,true,19.349,shift_2,A
2026-02-24T20:00,16.555492,66.22197,22.307261,true,19.591,shift_2,A
2026-02-24T20:15,19.894014,79.576056,29.64627,true,20.239,shift_2,A
2026-02-24T20:30,22.609782,90.439126,35.053916,true,18.656,shift_2,A
2026-02-24T20:45,19.582181,78.328724,28.595692,true,20.156,shift_2,A
2026-02-24T21:00,18.458303,73.833211,23.903926,true,19.122,shift_2,A
2026-02-24T21:15,15.684089,62.736358,18.594507,true,19.226,shift_2,A
2026-02-24T21:30,20.563516,82.254063,32.439028,true,18.92,shift_2,A
2026-02-24T21:45,16.656424,66.625696,22.503642,true,18.719,shift_2,A
2026-02-24T22:00,5.113435,20.453742,0.0,false,17.761,off,A
2026-02-24T22:15,5.613114,22.452454,0.0,false,18.403,off,A
2026-02-24T22:30,5.682263,22.729053,0.0,false,19.602,off,A
2026-02-24T22:45,5.507714,22.030854,0.0,false,18.307,off,A
2026-02-24T23:00,5.428868,21.715472,0.0,false,19.024,off,A
2026-02-24T23:15,5.311701,21.246804,0.0,false,18.016,off,A
2026-02-24T23:30,5.630777,22.523106,0.0,false,18.917,off,A
2026-02-24T23:45,5.3327,21.330799,0.0,false,18.542,off,A
2026-02-25T00:00,5.366091,21.464363,0.0,false,18.226,off,B
2026-02-25T00:15,4.9904,19.9616,0.0,false,18.032,off,B
2026-02-25T00:30,5.290422,21.16169,0.0,false,18.772,off,B
2026-02-25T00:45,5.047358,20.189434,0.0,false,17.724,off,B
2026-02-25T01:00,4.5826,18.3304,0.0,false,17.36,off,B
2026-02-25T01:15,5.475896,21.903584,0.0,false,17.887,off,B
2026-02-25T01:30,5.647406,22.589622,0.0,false,16.785,off,B
2026-02-25T01:45,5.181057,20.724228,0.0,false,17.011,off,B
2026-02-25T02:00,5.152691,20.610765,0.0,false,16.127,off,B
2026-02-25T02:15,5.426051,21.704204,0.0,false,17.152,off,B
2026-02-25T02:30,5.350986,21.403944,0.0,false,15.993,off,B
2026-02-25T02:45,5.542869,22.171475,0.0,false,16.541,off,B
2026-02-25T03:00,5.098875,20.395499,0.0,false,15.796,off,B
2026-02-25T03:15,5.656947,22.627787,0.0,false,16.09,off,B
2026-02-25T03:30,5.421748,21.686993,0.0,false,16.778,off,B
2026-02-25T03:45,5.379556,21.518224,0.0,false,15.151,off,B
2026-02-25T04:00,5.199249,20.796996,0.0,false,15.761,off,B
2026-02-25T04:15,5.098257,20.393027,0.0,false,14.986,off,B
2026-02-25T04:30,5.728435,22.913741,0.0,false,15.666,off,B
2026-02-25T04:45,5.122767,20.491068,0.0,false,15.058,off,B
2026-02-25T05:00,5.617904,22.471616,0.0,false,15.442,off,B
2026-02-25T05:15,5.326539,21.306157,0.0,false,15.789,off,B
2026-02-25T05:30,5.375326,21.501305,0.0,false,15.539,off,B
2026-02-25T05:45,5.838854,23.355415,0.0,false,14.328,off,B
2026-02-25T06:00,20.67033,82.68132,27.425597,true,15.183,shift_1,B
2026-02-25T06:15,16.890665,67.562659,21.233276,true,15.075,shift_1,B
2026-02-25T06:30,18.683126,74.732504,24.084716,true,14.423,shift_1,B
2026-02-25T06:45,21.995427,87.981708,31.321325,true,14.893,shift_1,B
2026-02-25T07:00,22.080217,88.320866,31.585016,true,14.191,shift_1,B
2026-02-25T07:15,13.727429,54.909716,13.708478,true,14.585,shift_1,B
2026-02-25T07:30,20.664143,82.656572,26.958817,true,15.024,shift_1,B
2026-02-25T07:45,19.356916,77.427663,25.118962,true,15.679,shift_1,B
2026-02-25T08:00,20.510441,82.041766,26.784452,true,14.463,shift_1,B
2026-02-25T08:15,22.573299,90.293196,34.324598,true,14.196,shift_1,B
2026-02-25T08:30,22.995584,91.982337,33.24599,true,14.836,shift_1,B
2026-02-25T08:45,18.444274,73.777098,21.442874,true,14.919,shift_1,B
2026-02-25T09:00,18.100433,72.40173,23.93969,true,15.214,shift_1,B
2026-02-25T09:15,18.495741,73.982965,24.943749,true,14.212,shift_1,B
2026-02-25T09:30,21.720355,86.881421,30.470855,true,14.867,shift_1,B
2026-02-25T09:45,23.353703,93.414812,34.066732,true,14.697,shift_1,B
2026-02-25T10:00,19.426348,77.705391,24.982078,true,16.034,shift_1,B
2026-02-25T10:15,20.469713,81.878853,26.847506,true,14.569,shift_1,B
2026-02-25T10:30,23.324768,93.299074,33.398015,true,15.325,shift_1,B
2026-02-25T10:45,13.731701,54.926805,14.02483,true,14.828,shift_1,B
2026-02-25T11:00,18.3798,73.519201,21.79329,true,16.317,shift_1,B
2026-02-25T11:15,18.719832,74.879328,22.981449,true,15.13,shift_1,B
2026-02-25T11:30,21.724441,86.897765,31.041816,true,16.003,shift_1,B
2026-02-25T11:45,20.920972,83.683888,27.016668,true,16.069,shift_1,B
2026-02-25T12:00,21.221885,84.887541,30.711993,true,15.994,shift_1,B
2026-02-25T12:15,22.694286,90.777146,33.62187,true,16.812,shift_1,B
2026-02-25T12:30,17.6744,70.697601,20.988571,true,16.757,shift_1,B
2026-02-25T12:45,16.004854,64.019415,17.522017,true,16.055,shift_1,B
2026-02-25T13:00,21.06137,84.24548,30.058725,true,16.142,shift_1,B
2026-02-25T13:15,17.167374,68.669496,19.32273,true,16.284,shift_1,B
2026-02-25T13:30,20.472998,81.891994,28.265062,true,16.859,shift_1,B
2026-02-25T13:45,20.859252,83.43701,28.910909,true,16.995,shift_1,B
2026-02-25T14:00,19.386487,77.545947,24.741795,true,16.862,shift_2,B
2026-02-25T14:15,15.907433,63.629732,17.603287,true,17.251,shift_2,B
2026-02-25T14:30,25.336738,101.346952,38.722566,true,16.842,shift_2,B
2026-02-25T14:45,17.6965,70.785999,22.338289,true,16.689,shift_2,B
2026-02-25T15:00,20.276485,81.105942,27.661156,true,18.869,shift_2,B
2026-02-25T15:15,21.143294,84.573175,29.911533,true,18.479,shift_2,B
2026-02-25T15:30,16.533987,66.135948,18.856665,true,17.49,shift_2,B
2026-02-25T15:45,19.357579,77.430317,24.539676,true,18.125,shift_2,B
2026-02-25T16:00,19.957849,79.831396,25.633844,true,18.462,shift_2,B
2026-02-25T16:15,19.244827,76.979309,25.967497,true,17.536,shift_2,B
2026-02-25T16:30,21.68727,86.74908,31.128856,true,18.784,shift_2,B
2026-02-25T16:45,25.121528,100.48611,37.116373,true,17.657,shift_2,B
2026-02-25T17:00,18.486142,73.944569,22.529713,true,19.435,shift_2,B
2026-02-25T17:15,21.874524,87.498095,29.649542,true,19.081,shift_2,B
2026-02-25T17:30,21.248798,84.995194,29.026625,true,20.16,shift_2,B
2026-02-25T17:45,20.796852,83.187407,28.473298,true,19.866,shift_2,B
2026-02-25T18:00,25.165517,100.662068,37.228611,true,19.272,shift_2,B
2026-02-25T18:15,24.601276,98.405102,37.368708,true,18.036,shift_2,B
2026-02-25T18:30,23.763321,95.053284,34.799783,true,18.701,shift_2,B
2026-02-25T18:45,21.164517,84.658068,27.908102,true,19.496,shift_2,B
2026-02-25T19:00,18.127876,72.511503,23.929136,true,19.853,shift_2,B
2026-02-25T19:15,19.024191,76.096762,24.779517,true,19.076,shift_2,B
2026-02-25T19:30,17.584349,70.337396,21.155694,true,20.121,shift_2,B
2026-02-25T19:45,18.252604,73.010415,21.944309,true,20.304,shift_2,B
2026-02-25T20:00,24.512761,98.051044,36.587965,true,19.363,shift_2,B
2026-02-25T20:15,16.785133,67.140531,19.920209,true,19.018,shift_2,B
2026-02-25T20:30,20.878291,83.513163,29.915243,true,18.92,shift_2,B
2026-02-25T20:45,20.327599,81.310398,26.048287,true,19.736,shift_2,B
2026-02-25T21:00,21.992903,87.971614,31.673581,true,20.274,shift_2,B
2026-02-25T21:15,17.422473,69.689891,18.669742,true,19.442,shift_2,B
2026-02-25T21:30,22.545125,90.1805,31.629372,true,19.331,shift_2,B
2026-02-25T21:45,17.064232,68.256927,19.972692,true,19.081,shift_2,B
2026-02-25T22:00,5.41826,21.673039,0.0,false,19.0,off,B
2026-02-25T22:15,6.00742,24.029682,0.0,false,19.811,off,B
2026-02-25T22:30,4.847575,19.390299,0.0,false,19.949,off,B
2026-02-25T22:45,5.341628,21.366514,0.0,false,18.379,off,B
2026-02-25T23:00,6.443246,25.772984,0.0,false,19.968,off,B
2026-02-25T23:15,5.537309,22.149235,0.0,false,18.464,off,B
2026-02-25T23:30,6.250102,25.000407,0.0,false,18.7,off,B
2026-02-25T23:45,6.121622,24.486488,0.0,false,18.78,off,B
2026-02-26T00:00,5.220909,20.883637,0.0,false,18.52,off,A
2026-02-26T00:15,5.215323,20.861293,0.0,false,17.844,off,A
2026-02-26T00:30,5.921418,23.685673,0.0,false,18.518,off,A
2026-02-26T00:45,5.737646,22.950583,0.0,false,19.07,off,A
2026-02-26T01:00,5.24255,20.970199,0.0,false,17.822,off,A
2026-02-26T01:15,5.839149,23.356597,0.0,false,17.736,off,A
2026-02-26T01:30,5.091713,20.366852,0.0,false,16.361,off,A
2026-02-26T01:45,6.32335,25.293401,0.0,false,16.639,off,A
2026-02-26T02:00,5.32487,21.299479,0.0,false,17.55,off,A
2026-02-26T02:15,6.047578,24.190313,0.0,false,17.196,off,A
2026-02-26T02:30,5.645518,22.582071,0.0,false,16.591,off,A
2026-02-26T02:45,5.640093,22.560371,0.0,false,16.606,off,A
2026-02-26T03:00,5.74065,22.9626,0.0,false,16.626,off,A
2026-02-26T03:15,5.139847,20.559388,0.0,false,16.043,off,A
2026-02-26T03:30,5.390298,21.561192,0.0,false,16.315,off,A
2026-02-26T03:45,5.990364,23.961455,0.0,false,16.051,off,A
2026-02-26T04:00,5.42219,21.688759,0.0,false,15.63,off,A
2026-02-26T04:15,5.469493,21.877972,0.0,false,15.918,off,A
2026-02-26T04:30,5.12318,20.49272,0.0,false,15.414,off,A
2026-02-26T04:45,5.381324,21.525295,0.0,false,14.814,off,A
2026-02-26T05:00,6.314316,25.257265,0.0,false,15.933,off,A
2026-02-26T05:15,5.661932,22.647728,0.0,false,15.07,off,A
2026-02-26T05:30,5.677108,22.70843,0.0,false,15.447,off,A
2026-02-26T05:45,5.849318,23.397271,0.0,false,14.59,off,A
2026-02-26T06:00,14.924088,59.696352,16.040548,true,15.309,shift_1,A
2026-02-26T06:15,15.685206,62.740823,19.501703,true,15.142,shift_1,A
2026-02-26T06:30,19.883226,79.532903,27.318789,true,15.478,shift_1,A
2026-02-26T06:45,16.678367,66.71347,21.76936,true,14.148,shift_1,A
2026-02-26T07:00,16.586927,66.347707,20.888465,true,14.318,shift_1,A
2026-02-26T07:15,16.533119,66.132475,21.347992,true,13.931,shift_1,A
2026-02-26T07:30,18.307158,73.228633,24.78828,true,15.211,shift_1,A
2026-02-26T07:45,16.548843,66.195373,20.992692,true,14.506,shift_1,A
2026-02-26T08:00,21.227324,84.909296,31.608845,true,15.079,shift_1,A
2026-02-26T08:15,22.732809,90.931238,36.741354,true,15.809,shift_1,A
2026-02-26T08:30,19.253412,77.013646,27.55423,true,14.592,shift_1,A
2026-02-26T08:45,16.224436,64.897745,19.529047,true,14.426,shift_1,A
2026-02-26T09:00,18.160584,72.642337,26.545832,true,14.379,shift_1,A
2026-02-26T09:15,17.221321,68.885284,20.541572,true,15.325,shift_1,A
2026-02-26T09:30,20.232731,80.930925,30.394097,true,14.373,shift_1,A
2026-02-26T09:45,18.203116,72.812463,24.407418,true,14.36,shift_1,A
2026-02-26T10:00,21.07172,84.28688,32.56016,true,14.744,shift_1,A
2026-02-26T10:15,19.88031,79.521239,28.710951,true,14.727,shift_1,A
2026-02-26T10:30,22.724303,90.897213,37.481259,true,15.504,shift_1,A
2026-02-26T10:45,20.928803,83.715212,32.836835,true,14.676,shift_1,A
2026-02-26T11:00,16.996695,67.986778,22.368994,true,15.418,shift_1,A
2026-02-26T11:15,19.757955,79.031821,28.668685,true,15.22,shift_1,A
2026-02-26T11:30,17.888861,71.555445,23.342731,true,15.375,shift_1,A
2026-02-26T11:45,18.194975,72.779899,25.253102,true,15.003,shift_1,A
2026-02-26T12:00,21.195145,84.780579,32.199347,true,16.02,shift_1,A
2026-02-26T12:15,17.175645,68.702582,22.460198,true,16.445,shift_1,A
2026-02-26T12:30,18.864706,75.458825,27.902054,true,15.463,shift_1,A
2026-02-26T12:45,18.314013,73.256052,23.635912,true,16.824,shift_1,A
2026-02-26T13:00,16.998299,67.993195,23.400798,true,16.225,shift_1,A
2026-02-26T13:15,18.937011,75.748045,25.928249,true,17.157,shift_1,A
2026-02-26T13:30,19.226424,76.905697,26.052032,true,15.827,shift_1,A
2026-02-26T13:45,16.814531,67.258124,19.261357,true,17.823,shift_1,A
2026-02-26T14:00,16.1472,64.588802,18.632279,true,16.52,shift_2,A
2026-02-26T14:15,17.808484,71.233936,24.44726,true,16.776,shift_2,A
2026-02-26T14:30,18.780505,75.122019,24.620318,true,18.461,shift_2,A
2026-02-26T14:45,17.082737,68.330947,20.098626,true,17.947,shift_2,A
2026-02-26T15:00,19.240761,76.963045,27.26241,true,17.871,shift_2,A
2026-02-26T15:15,16.026473,64.10589,17.707659,true,18.877,shift_2,A
2026-02-26T15:30,15.82966,63.318641,20.505401,true,17.285,shift_2,A
2026-02-26T15:45,18.375568,73.502272,25.022562,true,18.368,shift_2,A
2026-02-26T16:00,17.235132,68.940527,21.924808,true,17.396,shift_2,A
2026-02-26T16:15,15.986538,63.946152,19.608902,true,18.952,shift_2,A
2026-02-26T16:30,19.819579,79.278316,32.111235,true,19.008,shift_2,A
2026-02-26T16:45,16.674539,66.698157,23.171601,true,19.061,shift_2,A
2026-02-26T17:00,18.979787,75.919149,26.367346,true,19.638,shift_2,A
2026-02-26T17:15,19.06664,76.266562,27.825658,true,19.452,shift_2,A
2026-02-26T17:30,20.645357,82.581428,31.243534,true,18.766,shift_2,A
2026-02-26T17:45,17.326645,69.30658,24.541576,true,19.307,shift_2,A
2026-02-26T18:00,18.652815,74.611261,25.292525,true,19.907,shift_2,A
2026-02-26T18:15,23.855206,95.420826,39.933612,true,20.346,shift_2,A
2026-02-26T18:30,18.507942,74.03177,23.67988,true,18.499,shift_2,A
2026-02-26T18:45,20.282527,81.130107,30.17338,true,19.428,shift_2,A
2026-02-26T19:00,21.730495,86.921982,32.226196,true,19.4,shift_2,A
2026-02-26T19:15,19.331837,77.327349,29.048136,true,20.862,shift_2,A
2026-02-26T19:30,18.24999,72.999961,25.744669,true,20.046,shift_2,A
2026-02-26T19:45,21.285594,85.142376,32.295688,true,18.452,shift_2,A
2026-02-26T20:00,18.566332,74.265329,25.145934,true,19.668,shift_2,A
2026-02-26T20:15,20.941511,83.766044,30.346994,true,19.306,shift_2,A
2026-02-26T20:30,18.851921,75.407683,28.992846,true,19.764,shift_2,A
2026-02-26T20:45,13.981343,55.925372,13.99901,true,19.45,shift_2,A
2026-02-26T21:00,18.312397,73.24959,25.714922,true,19.905,shift_2,A
2026-02-26T21:15,17.447119,69.788476,22.959232,true,20.019,shift_2,A
2026-02-26T21:30,14.400205,57.600819,15.633989,true,19.45,shift_2,A
2026-02-26T21:45,16.744954,66.979815,21.45025,true,19.436,shift_2,A
2026-02-26T22:00,5.423758,21.695032,0.0,false,19.999,off,A
2026-02-26T22:15,5.421578,21.68631,0.0,false,19.21,off,A
2026-02-26T22:30,6.090828,24.363311,0.0,false,18.331,off,A
2026-02-26T22:45,5.574122,22.296487,0.0,false,18.921,off,A
2026-02-26T23:00,4.954912,19.819647,0.0,false,18.544,off,A
2026-02-26T23:15,6.119276,24.477106,0.0,false,18.327,off,A
2026-02-26T23:30,4.942886,19.771543,0.0,false,19.193,off,A
2026-02-26T23:45,5.70156,22.806241,0.0,false,18.147,off,A
2026-02-27T00:00,5.276201,21.104802,0.0,false,19.224,off,A
2026-02-27T00:15,5.350221,21.400883,0.0,false,17.786,off,A
2026-02-27T00:30,6.379858,25.519432,0.0,false,18.069,off,A
2026-02-27T00:45,5.417746,21.670985,0.0,false,18.215,off,A
2026-02-27T01:00,5.197059,20.788236,0.0,false,17.655,off,A
2026-02-27T01:15,5.489159,21.956634,0.0,false,17.471,off,A
2026-02-27T01:30,4.827496,19.309982,0.0,false,17.892,off,A
2026-02-27T01:45,5.598007,22.392027,0.0,false,17.545,off,A
2026-02-27T02:00,5.66523,22.660918,0.0,false,17.026,off,A
2026-02-27T02:15,4.841101,19.364404,0.0,false,17.34,off,A
2026-02-27T02:30,5.457924,21.831697,0.0,false,16.947,off,A
2026-02-27T02:45,5.561228,22.244914,0.0,false,17.644,off,A
2026-02-27T03:00,5.096151,20.384604,0.0,false,17.056,off,A
2026-02-27T03:15,5.966522,23.866086,0.0,false,16.814,off,A
2026-02-27T03:30,5.178523,20.714091,0.0,false,16.655,off,A
2026-02-27T03:45,4.998263,19.993051,0.0,false,16.737,off,A
2026-02-27T04:00,5.625891,22.503565,0.0,false,16.179,off,A
2026-02-27T04:15,5.244138,20.976552,0.0,false,15.744,off,A
2026-02-27T04:30,5.335477,21.341909,0.0,false,15.701,off,A
2026-02-27T04:45,6.035955,24.143821,0.0,false,16.611,off,A
2026-02-27T05:00,5.517095,22.068382,0.0,false,16.346,off,A
2026-02-27T05:15,5.627391,22.509564,0.0,false,15.365,off,A
2026-02-27T05:30,5.668231,22.672926,0.0,false,15.631,off,A
2026-02-27T05:45,5.416653,21.666612,0.0,false,14.591,off,A
2026-02-27T06:00,23.012462,92.049847,37.973724,true,15.546,shift_1,A
2026-02-27T06:15,17.67884,70.715362,22.181341,true,14.788,shift_1,A
2026-02-27T06:30,17.331476,69.325903,22.744717,true,15.036,shift_1,A
2026-02-27T06:45,18.719773,74.879092,25.761448,true,14.912,shift_1,A
2026-02-27T07:00,20.519489,82.077957,29.439763,true,15.2,shift_1,A
2026-02-27T07:15,17.750851,71.003403,24.265132,true,14.644,shift_1,A
2026-02-27T07:30,20.078844,80.315378,29.267076,true,14.919,shift_1,A
2026-02-27T07:45,16.302398,65.209592,21.174176,true,14.718,shift_1,A
2026-02-27T08:00,17.110041,68.440163,22.459613,true,14.251,shift_1,A
2026-02-27T08:15,19.575072,78.300289,30.08327,true,15.248,shift_1,A
2026-02-27T08:30,18.642793,74.571171,25.404626,true,14.034,shift_1,A
2026-02-27T08:45,18.89572,75.582878,27.204937,true,14.7,shift_1,A
2026-02-27T09:00,19.769355,79.077419,29.236035,true,15.237,shift_1,A
2026-02-27T09:15,19.422836,77.691344,28.571813,true,14.169,shift_1,A
2026-02-27T09:30,16.916313,67.665251,20.019646,true,14.99,shift_1,A
2026-02-27T09:45,21.840154,87.360615,33.70242,true,15.048,shift_1,A
2026-02-27T10:00,18.207307,72.829226,25.703395,true,15.473,shift_1,A
2026-02-27T10:15,20.87513,83.50052,31.611868,true,14.466,shift_1,A
2026-02-27T10:30,17.504311,70.017243,23.294856,true,15.537,shift_1,A
2026-02-27T10:45,15.956786,63.827142,19.239958,true,14.777,shift_1,A
2026-02-27T11:00,26.025338,104.101352,44.723449,true,14.733,shift_1,A
2026-02-27T11:15,20.864742,83.458967,31.653711,true,16.199,shift_1,A
2026-02-27T11:30,20.041035,80.164138,28.011678,true,15.163,shift_1,A
2026-02-27T11:45,20.784718,83.138873,31.902188,true,15.391,shift_1,A
2026-02-27T12:00,17.733914,70.935657,22.750404,true,16.42,shift_1,A
2026-02-27T12:15,18.083376,72.333503,24.620065,true,16.771,shift_1,A
2026-02-27T12:30,20.130191,80.520765,28.556439,true,16.551,shift_1,A
2026-02-27T12:45,17.904777,71.619109,24.168178,true,16.379,shift_1,A
2026-02-27T13:00,15.4982,61.9928,17.414415,true,16.77,shift_1,A
2026-02-27T13:15,18.417179,73.668717,25.171053,true,17.333,shift_1,A
2026-02-27T13:30,18.483598,73.934391,25.876837,true,16.681,shift_1,A
2026-02-27T13:45,16.713286,66.853145,20.645468,true,17.154,shift_1,A
2026-02-27T14:00,17.153812,68.615246,22.166256,true,17.834,shift_2,A
2026-02-27T14:15,17.025202,68.100808,23.084962,true,17.963,shift_2,A
2026-02-27T14:30,17.596615,70.386459,23.119562,true,17.833,shift_2,A
2026-02-27T14:45,18.56911,74.276439,26.076967,true,17.682,shift_2,A
2026-02-27T15:00,19.908808,79.635232,29.626936,true,17.622,shift_2,A
2026-02-27T15:15,21.152241,84.608966,33.300104,true,18.387,shift_2,A
2026-02-27T15:30,18.33983,73.35932,25.609354,true,18.115,shift_2,A
2026-02-27T15:45,15.966749,63.866994,20.414404,true,18.608,shift_2,A
2026-02-27T16:00,19.224846,76.899383,27.099763,true,18.248,shift_2,A
2026-02-27T16:15,17.460478,69.841913,24.973058,true,18.913,shift_2,A
2026-02-27T16:30,17.622412,70.48965,23.175351,true,19.066,shift_2,A
2026-02-27T16:45,17.25597,69.023882,22.24602,true,18.843,shift_2,A
2026-02-27T17:00,20.895293,83.581173,31.770493,true,19.108,shift_2,A
2026-02-27T17:15,18.437191,73.748762,23.470993,true,20.116,shift_2,A
2026-02-27T17:30,18.254276,73.017103,26.411797,true,20.077,shift_2,A
2026-02-27T17:45,18.974008,75.896033,26.437151,true,19.084,shift_2,A
2026-02-27T18:00,19.888567,79.554268,31.237408,true,19.7,shift_2,A
2026-02-27T18:15,20.239939,80.959755,28.924936,true,18.484,shift_2,A
2026-02-27T18:30,22.44441,89.77764,37.145343,true,19.613,shift_2,A
2026-02-27T18:45,21.603559,86.414234,33.66553,true,19.636,shift_2,A
2026-02-27T19:00,20.90879,83.635158,32.176916,true,20.33,shift_2,A
2026-02-27T19:15,16.425803,65.703213,20.373903,true,19.536,shift_2,A
2026-02-27T19:30,15.86763,63.470521,18.818356,true,20.682,shift_2,A
2026-02-27T19:45,18.669504,74.678017,27.923857,true,20.266,shift_2,A
2026-02-27T20:00,19.71757,78.870282,28.741026,true,19.682,shift_2,A
2026-02-27T20:15,19.042897,76.171586,25.746093,true,19.58,shift_2,A
2026-02-27T20:30,21.242224,84.968895,33.459883,true,19.271,shift_2,A
2026-02-27T20:45,18.232448,72.92979,24.218603,true,19.711,shift_2,A
2026-02-27T21:00,17.091095,68.36438,23.900203,true,20.321,shift_2,A
2026-02-27T21:15,14.139937,56.559748,16.614719,true,19.385,shift_2,A
2026-02-27T21:30,17.197856,68.791423,22.621142,true,19.331,shift_2,A
2026-02-27T21:45,19.634974,78.539895,26.996242,true,18.659,shift_2,A
2026-02-27T22:00,6.192794,24.771175,0.0,false,19.214,off,A
2026-02-27T22:15,5.843817,23.37527,0.0,false,18.489,off,A
2026-02-27T22:30,5.521317,22.085267,0.0,false,19.599,off,A
2026-02-27T22:45,5.5712,22.2848,0.0,false,19.178,off,A
2026-02-27T23:00,4.947317,19.789269,0.0,false,18.505,off,A
2026-02-27T23:15,5.712326,22.849305,0.0,false,19.369,off,A
2026-02-27T23:30,5.378632,21.514527,0.0,false,18.988,off,A
2026-02-27T23:45,5.137931,20.551725,0.0,false,18.169,off,A
2026-02-28T00:00,5.125064,20.500256,0.0,false,17.864,off,B
2026-02-28T00:15,5.700333,22.801331,0.0,false,18.732,off,B
2026-02-28T00:30,6.117842,24.471369,0.0,false,18.144,off,B
2026-02-28T00:45,5.568945,22.275779,0.0,false,17.833,off,B
2026-02-28T01:00,6.222752,24.891006,0.0,false,18.826,off,B
2026-02-28T01:15,6.065032,24.26013,0.0,false,18.518,off,B
2026-02-28T01:30,5.37553,21.502119,0.0,false,17.187,off,B
2026-02-28T01:45,6.08573,24.342919,0.0,false,17.16,off,B
2026-02-28T02:00,5.325532,21.302126,0.0,false,16.645,off,B
2026-02-28T02:15,5.180818,20.723272,0.0,false,16.847,off,B
2026-02-28T02:30,6.174261,24.697045,0.0,false,16.548,off,B
2026-02-28T02:45,5.570229,22.280917,0.0,false,17.225,off,B
2026-02-28T03:00,5.292183,21.168734,0.0,false,16.074,off,B
2026-02-28T03:15,5.409204,21.636815,0.0,false,16.637,off,B
2026-02-28T03:30,5.291759,21.167036,0.0,false,16.304,off,B
2026-02-28T03:45,5.558599,22.234395,0.0,false,16.381,off,B
2026-02-28T04:00,5.896428,23.585711,0.0,false,16.417,off,B
2026-02-28T04:15,5.392426,21.569705,0.0,false,16.266,off,B
2026-02-28T04:30,4.429082,17.71633,0.0,false,15.832,off,B
2026-02-28T04:45,5.850946,23.403784,0.0,false,15.395,off,B
2026-02-28T05:00,5.034158,20.136633,0.0,false,15.55,off,B
2026-02-28T05:15,5.363564,21.454257,0.0,false,14.85,off,B
2026-02-28T05:30,5.187608,20.750433,0.0,false,15.016,off,B
2026-02-28T05:45,6.115472,24.461889,0.0,false,15.759,off,B
2026-02-28T06:00,5.098813,20.395252,0.0,false,15.364,shift_1,B
2026-02-28T06:15,6.083456,24.333826,0.0,false,15.897,shift_1,B
2026-02-28T06:30,5.795147,23.180587,0.0,false,14.98,shift_1,B
2026-02-28T06:45,5.096773,20.387093,0.0,false,14.555,shift_1,B
2026-02-28T07:00,5.749206,22.996822,0.0,false,15.81,shift_1,B
2026-02-28T07:15,5.616348,22.465393,0.0,false,14.885,shift_1,B
2026-02-28T07:30,5.785608,23.142432,0.0,false,14.906,shift_1,B
2026-02-28T07:45,6.162053,24.648212,0.0,false,15.401,shift_1,B
2026-02-28T08:00,10.998704,43.994816,0.0,false,14.373,shift_1,B
2026-02-28T08:15,10.404577,41.618306,0.0,false,14.848,shift_1,B
2026-02-28T08:30,11.082226,44.328902,0.0,false,15.681,shift_1,B
2026-02-28T08:45,11.029063,44.116253,0.0,false,14.119,shift_1,B
2026-02-28T09:00,10.522128,42.088511,0.0,false,14.694,shift_1,B
2026-02-28T09:15,11.133199,44.532795,0.0,false,15.594,shift_1,B
2026-02-28T09:30,11.511271,46.045083,0.0,false,15.174,shift_1,B
2026-02-28T09:45,11.027955,44.111821,0.0,false,15.849,shift_1,B
2026-02-28T10:00,10.812026,43.248103,0.0,false,14.732,shift_1,B
2026-02-28T10:15,10.857465,43.429861,0.0,false,15.477,shift_1,B
2026-02-28T10:30,11.482361,45.929445,0.0,false,15.475,shift_1,B
2026-02-28T10:45,10.664464,42.657854,0.0,false,16.146,shift_1,B
2026-02-28T11:00,11.500007,46.000026,0.0,false,15.422,shift_1,B
2026-02-28T11:15,10.983873,43.935494,0.0,false,15.372,shift_1,B
2026-02-28T11:30,11.522024,46.088095,0.0,false,15.998,shift_1,B
2026-02-28T11:45,11.307026,45.228104,0.0,false,15.7,shift_1,B
2026-02-28T12:00,11.201079,44.804318,0.0,false,16.048,shift_1,B
2026-02-28T12:15,11.094351,44.377406,0.0,false,16.182,shift_1,B
2026-02-28T12:30,10.648798,42.595192,0.0,false,15.78,shift_1,B
2026-02-28T12:45,10.96976,43.879041,0.0,false,16.002,shift_1,B
2026-02-28T13:00,11.107045,44.42818,0.0,false,16.726,shift_1,B
2026-02-28T13:15,10.379262,41.517047,0.0,false,17.104,shift_1,B
2026-02-28T13:30,10.810065,43.24026,0.0,false,17.223,shift_1,B
2026-02-28T13:45,10.716744,42.866975,0.0,false,16.401,shift_1,B
2026-02-28T14:00,10.480438,41.921751,0.0,false,17.687,shift_2,B
2026-02-28T14:15,10.517587,42.07035,0.0,false,18.177,shift_2,B
2026-02-28T14:30,11.10255,44.4102,0.0,false,17.534,shift_2,B
2026-02-28T14:45,10.631563,42.52625,0.0,false,17.348,shift_2,B
2026-02-28T15:00,10.797378,43.189512,0.0,false,18.247,shift_2,B
2026-02-28T15:15,10.975993,43.903971,0.0,false,17.689,shift_2,B
2026-02-28T15:30,11.247109,44.988435,0.0,false,18.337,shift_2,B
2026-02-28T15:45,11.406739,45.626956,0.0,false,18.124,shift_2,B
2026-02-28T16:00,10.373137,41.492546,0.0,false,18.415,shift_2,B
2026-02-28T16:15,11.104149,44.416596,0.0,false,18.223,shift_2,B
2026-02-28T16:30,10.099417,40.39767,0.0,false,18.864,shift_2,B
2026-02-28T16:45,11.066976,44.267902,0.0,false,18.294,shift_2,B
2026-02-28T17:00,10.430346,41.721386,0.0,false,19.289,shift_2,B
2026-02-28T17:15,10.938747,43.75499,0.0,false,19.38,shift_2,B
2026-02-28T17:30,11.005809,44.023237,0.0,false,19.307,shift_2,B
2026-02-28T17:45,11.024962,44.099848,0.0,false,19.55,shift_2,B
2026-02-28T18:00,5.522543,22.090171,0.0,false,19.879,shift_2,B
2026-02-28T18:15,5.517425,22.069701,0.0,false,20.099,shift_2,B
2026-02-28T18:30,4.489344,17.957375,0.0,false,19.455,shift_2,B
2026-02-28T18:45,5.732836,22.931344,0.0,false,20.074,shift_2,B
2026-02-28T19:00,4.65605,18.624199,0.0,false,18.919,shift_2,B
2026-02-28T19:15,5.11413,20.456518,0.0,false,19.742,shift_2,B
2026-02-28T19:30,6.072171,24.288684,0.0,false,19.657,shift_2,B
2026-02-28T19:45,5.602049,22.408196,0.0,false,19.77,shift_2,B
2026-02-28T20:00,5.654349,22.617395,0.0,false,20.016,shift_2,B
2026-02-28T20:15,5.748122,22.992489,0.0,false,18.691,shift_2,B
2026-02-28T20:30,5.563808,22.255233,0.0,false,20.896,shift_2,B
2026-02-28T20:45,5.940254,23.761016,0.0,false,20.284,shift_2,B
2026-02-28T21:00,5.392014,21.568055,0.0,false,20.577,shift_2,B
2026-02-28T21:15,4.958759,19.835035,0.0,false,20.529,shift_2,B
2026-02-28T21:30,5.673962,22.695849,0.0,false,19.736,shift_2,B
2026-02-28T21:45,5.064632,20.25853,0.0,false,19.47,shift_2,B
2026-02-28T22:00,5.107477,20.429909,0.0,false,20.062,off,B
2026-02-28T22:15,5.584548,22.338191,0.0,false,19.378,off,B
2026-02-28T22:30,5.444037,21.776147,0.0,false,19.131,off,B
2026-02-28T22:45,5.239755,20.959019,0.0,false,19.07,off,B
2026-02-28T23:00,5.733737,22.934949,0.0,false,18.693,off,B
2026-02-28T23:15,5.598512,22.394047,0.0,false,19.481,off,B
2026-02-28T23:30,5.55306,22.212239,0.0,false,18.534,off,B
2026-02-28T23:45,5.571084,22.284337,0.0,false,19.767,off,B
2026-03-01T00:00,4.656724,18.626895,0.0,false,17.949,off,A
2026-03-01T00:15,5.058885,20.23554,0.0,false,19.067,off,A
2026-03-01T00:30,5.235899,20.943596,0.0,false,18.292,off,A
2026-03-01T00:45,6.093125,24.3725,0.0,false,18.123,off,A
2026-03-01T01:00,5.440812,21.763248,0.0,false,18.361,off,A
2026-03-01T01:15,4.822366,19.289466,0.0,false,17.551,off,A
2026-03-01T01:30,5.496857,21.98743,0.0,false,17.877,off,A
2026-03-01T01:45,5.194843,20.77937,0.0,false,16.654,off,A
2026-03-01T02:00,5.274418,21.097671,0.0,false,16.674,off,A
2026-03-01T02:15,4.88763,19.550518,0.0,false,17.443,off,A
2026-03-01T02:30,5.171682,20.686727,0.0,false,17.055,off,A
2026-03-01T02:45,5.70185,22.807401,0.0,false,17.319,off,A
2026-03-01T03:00,5.047015,20.18806,0.0,false,17.023,off,A
2026-03-01T03:15,6.115986,24.463942,0.0,false,15.843,off,A
2026-03-01T03:30,5.006548,20.02619,0.0,false,16.351,off,A
2026-03-01T03:45,6.015785,24.063139,0.0,false,15.988,off,A
2026-03-01T04:00,5.79073,23.16292,0.0,false,15.601,off,A
2026-03-01T04:15,6.325031,25.300125,0.0,false,15.017,off,A
2026-03-01T04:30,5.275247,21.100989,0.0,false,15.909,off,A
2026-03-01T04:45,4.757736,19.030944,0.0,false,15.262,off,A
2026-03-01T05:00,5.134333,20.537334,0.0,false,15.402,off,A
2026-03-01T05:15,5.459136,21.836544,0.0,false,15.727,off,A
2026-03-01T05:30,5.717641,22.870566,0.0,false,15.411,off,A
2026-03-01T05:45,5.237578,20.95031,0.0,false,15.963,off,A
2026-03-01T06:00,5.651582,22.606327,0.0,false,14.642,shift_1,A
2026-03-01T06:15,4.739202,18.956806,0.0,false,14.713,shift_1,A
2026-03-01T06:30,6.24531,24.98124,0.0,false,14.471,shift_1,A
2026-03-01T06:45,5.475726,21.902903,0.0,false,15.311,shift_1,A
2026-03-01T07:00,5.974828,23.899313,0.0,false,14.6,shift_1,A
2026-03-01T07:15,4.719758,18.879033,0.0,false,14.916,shift_1,A
2026-03-01T07:30,5.008604,20.034416,0.0,false,13.691,shift_1,A
2026-03-01T07:45,4.77974,19.118958,0.0,false,15.151,shift_1,A
2026-03-01T08:00,11.451561,45.806245,0.0,false,14.16,shift_1,A
2026-03-01T08:15,10.168399,40.673595,0.0,false,16.023,shift_1,A
2026-03-01T08:30,10.867809,43.471235,0.0,false,14.339,shift_1,A
2026-03-01T08:45,10.859955,43.439819,0.0,false,14.607,shift_1,A
2026-03-01T09:00,10.702213,42.808852,0.0,false,13.851,shift_1,A
2026-03-01T09:15,10.394099,41.576394,0.0,false,14.984,shift_1,A
2026-03-01T09:30,10.54933,42.197318,0.0,false,15.227,shift_1,A
2026-03-01T09:45,11.677182,46.708727,0.0,false,14.723,shift_1,A
2026-03-01T10:00,11.671922,46.687687,0.0,false,14.413,shift_1,A
2026-03-01T10:15,10.892875,43.5715,0.0,false,14.406,shift_1,A
2026-03-01T10:30,11.365032,45.460126,0.0,false,15.507,shift_1,A
2026-03-01T10:45,11.364752,45.459006,0.0,false,14.822,shift_1,A
2026-03-01T11:00,11.354708,45.418831,0.0,false,16.194,shift_1,A
2026-03-01T11:15,11.217766,44.871065,0.0,false,14.844,shift_1,A
2026-03-01T11:30,10.841924,43.367695,0.0,false,16.134,shift_1,A
2026-03-01T11:45,11.002662,44.010646,0.0,false,16.9,shift_1,A
2026-03-01T12:00,10.994586,43.978342,0.0,false,15.911,shift_1,A
2026-03-01T12:15,11.121981,44.487924,0.0,false,16.414,shift_1,A
2026-03-01T12:30,10.908219,43.632877,0.0,false,16.797,shift_1,A
2026-03-01T12:45,11.41558,45.662321,0.0,false,15.821,shift_1,A
2026-03-01T13:00,10.953009,43.812037,0.0,false,16.536,shift_1,A
2026-03-01T13:15,10.919821,43.679285,0.0,false,16.955,shift_1,A
2026-03-01T13:30,11.039455,44.15782,0.0,false,17.323,shift_1,A
2026-03-01T13:45,11.636305,46.54522,0.0,false,17.577,shift_1,A
2026-03-01T14:00,11.132531,44.530124,0.0,false,17.745,shift_2,A
2026-03-01T14:15,10.873128,43.492513,0.0,false,18.063,shift_2,A
2026-03-01T14:30,11.317055,45.268222,0.0,false,17.409,shift_2,A
2026-03-01T14:45,10.680018,42.720072,0.0,false,17.752,shift_2,A
2026-03-01T15:00,11.177302,44.709207,0.0,false,17.787,shift_2,A
2026-03-01T15:15,11.231803,44.927211,0.0,false,17.603,shift_2,A
2026-03-01T15:30,11.074621,44.298483,0.0,false,17.673,shift_2,A
2026-03-01T15:45,11.120962,44.483846,0.0,false,19.067,shift_2,A
2026-03-01T16:00,11.069067,44.276268,0.0,false,19.08,shift_2,A
2026-03-01T16:15,11.120396,44.481584,0.0,false,19.551,shift_2,A
2026-03-01T16:30,10.698592,42.794366,0.0,false,19.239,shift_2,A
2026-03-01T16:45,10.955906,43.823622,0.0,false,18.828,shift_2,A
2026-03-01T17:00,10.484305,41.93722,0.0,false,18.906,shift_2,A
2026-03-01T17:15,11.858472,47.433888,0.0,false,18.489,shift_2,A
2026-03-01T17:30,11.00573,44.022922,0.0,false,19.266,shift_2,A
2026-03-01T17:45,11.118265,44.473059,0.0,false,20.04,shift_2,A
2026-03-01T18:00,5.253252,21.013006,0.0,false,20.036,shift_2,A
2026-03-01T18:15,5.454826,21.819305,0.0,false,19.442,shift_2,A
2026-03-01T18:30,4.87394,19.49576,0.0,false,19.582,shift_2,A
2026-03-01T18:45,5.337837,21.351348,0.0,false,20.254,shift_2,A
2026-03-01T19:00,5.202683,20.81073,0.0,false,19.813,shift_2,A
2026-03-01T19:15,5.489387,21.957548,0.0,false,19.984,shift_2,A
2026-03-01T19:30,6.144749,24.578998,0.0,false,19.561,shift_2,A
2026-03-01T19:45,5.297759,21.191035,0.0,false,20.108,shift_2,A
2026-03-01T20:00,5.530647,22.122589,0.0,false,19.839,shift_2,A
2026-03-01T20:15,6.177769,24.711076,0.0,false,20.584,shift_2,A
2026-03-01T20:30,4.599104,18.396415,0.0,false,20.104,shift_2,A
2026-03-01T20:45,5.661601,22.646406,0.0,false,19.297,shift_2,A
2026-03-01T21:00,5.641756,22.567026,0.0,false,19.063,shift_2,A
2026-03-01T21:15,6.088293,24.353173,0.0,false,18.899,shift_2,A
2026-03-01T21:30,5.396026,21.584103,0.0,false,19.62,shift_2,A
2026-03-01T21:45,5.182605,20.730419,0.0,false,18.978,shift_2,A
2026-03-01T22:00,5.548219,22.192878,0.0,false,18.489,off,A
2026-03-01T22:15,5.729608,22.918433,0.0,false,19.399,off,A
2026-03-01T22:30,5.847491,23.389963,0.0,false,19.271,off,A
2026-03-01T22:45,5.647507,22.590027,0.0,false,19.504,off,A
2026-03-01T23:00,5.272609,21.090434,0.0,false,19.342,off,A
2026-03-01T23:15,5.503689,22.014755,0.0,false,18.995,off,A
2026-03-01T23:30,4.784142,19.136568,0.0,false,19.068,off,A
2026-03-01T23:45,5.114592,20.458368,0.0,false,19.502,off,A
2026-03-02T00:00,5.569156,22.276624,0.0,false,19.04,off,A
2026-03-02T00:15,6.011819,24.047275,0.0,false,18.184,off,A
2026-03-02T00:30,5.262112,21.048446,0.0,false,18.645,off,A
2026-03-02T00:45,5.711708,22.84683,0.0,false,17.558,off,A
2026-03-02T01:00,5.402448,21.609793,0.0,false,18.328,off,A
2026-03-02T01:15,6.004044,24.016177,0.0,false,18.499,off,A
2026-03-02T01:30,5.330808,21.323231,0.0,false,18.419,off,A
2026-03-02T01:45,5.64498,22.579921,0.0,false,17.206,off,A
2026-03-02T02:00,5.422672,21.690687,0.0,false,17.453,off,A
2026-03-02T02:15,5.403058,21.612234,0.0,false,16.562,off,A
2026-03-02T02:30,5.357862,21.431447,0.0,false,17.002,off,A
2026-03-02T02:45,5.553294,22.213177,0.0,false,16.598,off,A
2026-03-02T03:00,5.352433,21.409731,0.0,false,16.348,off,A
2026-03-02T03:15,5.624361,22.497443,0.0,false,17.039,off,A
2026-03-02T03:30,5.380698,21.522793,0.0,false,16.974,off,A
2026-03-02T03:45,6.021413,24.08565,0.0,false,15.466,off,A
2026-03-02T04:00,5.047901,20.191604,0.0,false,17.085,off,A
2026-03-02T04:15,5.663891,22.655563,0.0,false,16.311,off,A
2026-03-02T04:30,5.24683,20.987321,0.0,false,15.295,off,A
2026-03-02T04:45,5.947131,23.788522,0.0,false,14.25,off,A
2026-03-02T05:00,5.723296,22.893182,0.0,false,15.444,off,A
2026-03-02T05:15,5.788052,23.152209,0.0,false,16.412,off,A
2026-03-02T05:30,5.879606,23.518423,0.0,false,15.705,off,A
2026-03-02T05:45,5.393511,21.574044,0.0,false,15.068,off,A
2026-03-02T06:00,18.579035,74.316141,26.056909,true,15.48,shift_1,A
2026-03-02T06:15,21.217284,84.869135,32.149462,true,15.171,shift_1,A
2026-03-02T06:30,19.651252,78.60501,28.895694,true,15.737,shift_1,A
2026-03-02T06:45,18.525168,74.100672,26.254096,true,15.083,shift_1,A
2026-03-02T07:00,16.249522,64.998088,19.787614,true,15.942,shift_1,A
2026-03-02T07:15,16.015443,64.061772,19.208606,true,14.726,shift_1,A
2026-03-02T07:30,19.051474,76.205897,28.091703,true,15.409,shift_1,A
2026-03-02T07:45,18.567288,74.26915,26.527369,true,14.526,shift_1,A
2026-03-02T08:00,20.327626,81.310505,30.273764,true,15.402,shift_1,A
2026-03-02T08:15,12.924547,51.698189,11.674557,true,14.846,shift_1,A
2026-03-02T08:30,18.310439,73.241755,25.274893,true,14.662,shift_1,A
2026-03-02T08:45,18.347007,73.38803,24.848376,true,14.076,shift_1,A
2026-03-02T09:00,19.086477,76.345909,29.219364,true,15.056,shift_1,A
2026-03-02T09:15,19.239951,76.959805,27.956006,true,15.537,shift_1,A
2026-03-02T09:30,14.951024,59.804095,17.738375,true,14.629,shift_1,A
2026-03-02T09:45,21.030716,84.122865,33.610166,true,15.675,shift_1,A
2026-03-02T10:00,21.511967,86.047869,33.035132,true,15.801,shift_1,A
2026-03-02T10:15,16.856321,67.425285,22.940466,true,14.392,shift_1,A
2026-03-02T10:30,21.345481,85.381925,33.56606,true,15.873,shift_1,A
2026-03-02T10:45,18.843442,75.373767,26.586655,true,16.442,shift_1,A
2026-03-02T11:00,19.649563,78.598252,28.323128,true,15.91,shift_1,A
2026-03-02T11:15,17.551057,70.204226,24.127043,true,15.66,shift_1,A
2026-03-02T11:30,20.54113,82.16452,30.268917,true,15.525,shift_1,A
2026-03-02T11:45,18.408571,73.634282,24.364068,true,15.05,shift_1,A
2026-03-02T12:00,20.500656,82.002623,29.798049,true,16.035,shift_1,A
2026-03-02T12:15,15.989128,63.95651,17.955615,true,16.189,shift_1,A
2026-03-02T12:30,15.983766,63.935066,18.065254,true,16.237,shift_1,A
2026-03-02T12:45,16.341603,65.366412,21.379528,true,16.366,shift_1,A
2026-03-02T13:00,17.801686,71.206742,24.947511,true,16.623,shift_1,A
2026-03-02T13:15,15.122963,60.491854,17.246971,true,17.027,shift_1,A
2026-03-02T13:30,19.317449,77.269794,28.029486,true,17.155,shift_1,A
2026-03-02T13:45,16.082099,64.328397,19.642596,true,17.731,shift_1,A
2026-03-02T14:00,15.073188,60.292752,17.837637,true,18.39,shift_2,A
2026-03-02T14:15,17.230186,68.920746,20.71957,true,17.462,shift_2,A
2026-03-02T14:30,17.572601,70.290404,23.507785,true,17.299,shift_2,A
2026-03-02T14:45,15.538254,62.153015,19.648468,true,18.496,shift_2,A
2026-03-02T15:00,17.373228,69.492914,22.790965,true,18.343,shift_2,A
2026-03-02T15:15,17.070987,68.283948,23.021088,true,17.874,shift_2,A
2026-03-02T15:30,17.970697,71.882787,24.035404,true,18.017,shift_2,A
2026-03-02T15:45,20.427297,81.709189,29.310636,true,17.96,shift_2,A
2026-03-02T16:00,16.828507,67.314026,20.992244,true,19.243,shift_2,A
2026-03-02T16:15,19.105857,76.423429,27.944437,true,19.723,shift_2,A
2026-03-02T16:30,17.080004,68.320018,22.109358,true,18.655,shift_2,A
2026-03-02T16:45,19.210491,76.841962,26.313544,true,19.708,shift_2,A
2026-03-02T17:00,18.651114,74.604457,26.815748,true,18.979,shift_2,A
2026-03-02T17:15,22.562499,90.249996,36.685178,true,19.129,shift_2,A
2026-03-02T17:30,19.65306,78.61224,27.880738,true,19.508,shift_2,A
2026-03-02T17:45,21.203443,84.813774,32.990072,true,20.645,shift_2,A
2026-03-02T18:00,19.200329,76.801315,27.699865,true,20.311,shift_2,A
2026-03-02T18:15,19.748999,78.995995,28.547754,true,20.365,shift_2,A
2026-03-02T18:30,21.348449,85.393798,34.127323,true,18.524,shift_2,A
2026-03-02T18:45,18.63614,74.544559,25.818113,true,19.532,shift_2,A
2026-03-02T19:00,20.870057,83.480229,31.768888,true,20.098,shift_2,A
2026-03-02T19:15,19.653989,78.615957,29.466187,true,19.778,shift_2,A
2026-03-02T19:30,18.616585,74.466339,25.610112,true,19.586,shift_2,A
2026-03-02T19:45,17.974515,71.898059,25.094852,true,18.865,shift_2,A
2026-03-02T20:00,17.441471,69.765883,21.920013,true,20.486,shift_2,A
2026-03-02T20:15,17.083832,68.335329,22.734156,true,20.008,shift_2,A
2026-03-02T20:30,18.482381,73.929524,26.749138,true,19.636,shift_2,A
2026-03-02T20:45,18.373813,73.495251,24.178789,true,19.497,shift_2,A
2026-03-02T21:00,16.749689,66.998758,22.115013,true,20.054,shift_2,A
2026-03-02T21:15,19.275937,77.10375,25.973661,true,19.708,shift_2,A
2026-03-02T21:30,15.926958,63.707831,21.077185,true,19.948,shift_2,A
2026-03-02T21:45,20.814788,83.259151,30.861068,true,18.897,shift_2,A
2026-03-02T22:00,5.465109,21.860436,0.0,false,20.043,off,A
2026-03-02T22:15,5.515472,22.061887,0.0,false,19.34,off,A
2026-03-02T22:30,5.266584,21.066337,0.0,false,19.667,off,A
2026-03-02T22:45,5.560589,22.242356,0.0,false,19.073,off,A
2026-03-02T23:00,5.750276,23.001104,0.0,false,19.416,off,A
2026-03-02T23:15,5.684577,22.738307,0.0,false,19.422,off,A
2026-03-02T23:30,5.991447,23.965789,0.0,false,18.77,off,A
2026-03-02T23:45,5.268079,21.072318,0.0,false,18.473,off,A
2026-03-03T00:00,5.679126,22.716503,0.0,false,18.871,off,B
2026-03-03T00:15,5.811153,23.244613,0.0,false,19.361,off,B
2026-03-03T00:30,5.731693,22.926771,0.0,false,17.758,off,B
2026-03-03T00:45,5.866878,23.467511,0.0,false,17.855,off,B
2026-03-03T01:00,5.84147,23.36588,0.0,false,17.76,off,B
2026-03-03T01:15,6.318954,25.275817,0.0,false,17.915,off,B
2026-03-03T01:30,5.537613,22.15045,0.0,false,17.013,off,B
2026-03-03T01:45,5.447158,21.788632,0.0,false,17.296,off,B
2026-03-03T02:00,5.503364,22.013455,0.0,false,16.877,off,B
2026-03-03T02:15,5.035453,20.141813,0.0,false,17.764,off,B
2026-03-03T02:30,5.946623,23.786494,0.0,false,16.698,off,B
2026-03-03T02:45,5.132703,20.530813,0.0,false,16.457,off,B
2026-03-03T03:00,5.989827,23.959307,0.0,false,16.288,off,B
2026-03-03T03:15,5.834892,23.339567,0.0,false,16.88,off,B
2026-03-03T03:30,5.669893,22.679573,0.0,false,16.299,off,B
2026-03-03T03:45,5.780427,23.121709,0.0,false,16.371,off,B
2026-03-03T04:00,5.234182,20.936726,0.0,false,15.864,off,B
2026-03-03T04:15,5.642207,22.568827,0.0,false,17.336,off,B
2026-03-03T04:30,6.1182,24.472798,0.0,false,16.075,off,B
2026-03-03T04:45,5.712146,22.848585,0.0,false,15.063,off,B
2026-03-03T05:00,5.736636,22.946543,0.0,false,15.448,off,B
2026-03-03T05:15,5.816128,23.264514,0.0,false,15.263,off,B
2026-03-03T05:30,4.635339,18.541356,0.0,false,15.408,off,B
2026-03-03T05:45,5.663549,22.654194,0.0,false,15.814,off,B
2026-03-03T06:00,21.349672,85.398688,28.655006,true,15.467,shift_1,B
2026-03-03T06:15,21.622751,86.491004,28.76081,true,15.316,shift_1,B
2026-03-03T06:30,16.888892,67.555568,18.736345,true,14.844,shift_1,B
2026-03-03T06:45,20.98904,83.956162,28.991385,true,14.302,shift_1,B
2026-03-03T07:00,18.324042,73.29617,22.362952,true,15.168,shift_1,B
2026-03-03T07:15,18.891006,75.564026,24.304542,true,15.005,shift_1,B
2026-03-03T07:30,21.477015,85.908061,30.741853,true,16.108,shift_1,B
2026-03-03T07:45,20.419584,81.678337,28.139995,true,15.195,shift_1,B
2026-03-03T08:00,18.776007,75.104027,24.182799,true,15.38,shift_1,B
2026-03-03T08:15,20.203847,80.81539,26.656616,true,15.635,shift_1,B
2026-03-03T08:30,21.31596,85.263842,29.142274,true,15.78,shift_1,B
2026-03-03T08:45,21.410881,85.643523,30.058475,true,13.905,shift_1,B
2026-03-03T09:00,19.082027,76.328106,23.930796,true,14.014,shift_1,B
2026-03-03T09:15,20.752339,83.009355,28.89926,true,14.976,shift_1,B
2026-03-03T09:30,20.383197,81.53279,26.105577,true,15.215,shift_1,B
2026-03-03T09:45,21.295043,85.180171,29.154683,true,15.875,shift_1,B
2026-03-03T10:00,21.459136,85.836546,30.052529,true,14.581,shift_1,B
2026-03-03T10:15,21.981519,87.926076,31.458303,true,15.206,shift_1,B
2026-03-03T10:30,20.858946,83.435785,28.461789,true,16.567,shift_1,B
2026-03-03T10:45,23.095576,92.382305,33.604725,true,15.092,shift_1,B
2026-03-03T11:00,21.010481,84.041924,28.412141,true,16.053,shift_1,B
2026-03-03T11:15,23.731646,94.926584,33.858663,true,16.007,shift_1,B
2026-03-03T11:30,17.59664,70.386559,21.15976,true,16.376,shift_1,B
2026-03-03T11:45,20.565373,82.261493,27.499042,true,16.549,shift_1,B
2026-03-03T12:00,22.840771,91.363084,33.14808,true,16.326,shift_1,B
2026-03-03T12:15,19.526356,78.105426,25.472656,true,16.276,shift_1,B
2026-03-03T12:30,20.169274,80.677097,27.388766,true,15.743,shift_1,B
2026-03-03T12:45,17.014949,68.059796,19.930101,true,16.315,shift_1,B
2026-03-03T13:00,18.592034,74.368137,22.524007,true,15.658,shift_1,B
2026-03-03T13:15,15.89183,63.567321,17.997095,true,16.918,shift_1,B
2026-03-03T13:30,14.899689,59.598756,15.733221,true,17.239,shift_1,B
2026-03-03T13:45,16.308715,65.23486,18.076392,true,17.33,shift_1,B
2026-03-03T14:00,17.149516,68.598065,20.71571,true,17.683,shift_2,B
2026-03-03T14:15,18.499785,73.999141,21.919254,true,17.451,shift_2,B
2026-03-03T14:30,19.768418,79.073672,26.617579,true,17.481,shift_2,B
2026-03-03T14:45,19.188432,76.75373,24.555375,true,18.366,shift_2,B
2026-03-03T15:00,20.806526,83.226105,27.339632,true,17.56,shift_2,B
2026-03-03T15:15,19.507313,78.029253,26.939105,true,19.171,shift_2,B
2026-03-03T15:30,17.926107,71.704429,21.788652,true,18.274,shift_2,B
2026-03-03T15:45,20.328965,81.315861,26.36606,true,18.765,shift_2,B
2026-03-03T16:00,19.138253,76.553011,26.465069,true,18.26,shift_2,B
2026-03-03T16:15,17.832491,71.329965,21.358845,true,19.182,shift_2,B
2026-03-03T16:30,22.519702,90.078808,30.64736,true,20.242,shift_2,B
2026-03-03T16:45,20.170468,80.681872,26.690526,true,18.535,shift_2,B
2026-03-03T17:00,20.603187,82.412749,28.546357,true,18.854,shift_2,B
2026-03-03T17:15,18.625451,74.501804,23.912542,true,19.01,shift_2,B
2026-03-03T17:30,21.119532,84.478127,27.472748,true,18.984,shift_2,B
2026-03-03T17:45,18.675943,74.70377,23.417211,true,19.241,shift_2,B
2026-03-03T18:00,25.873507,103.494029,38.66879,true,20.126,shift_2,B
2026-03-03T18:15,23.402429,93.609717,32.832543,true,21.154,shift_2,B
2026-03-03T18:30,21.150804,84.603214,29.031079,true,19.864,shift_2,B
2026-03-03T18:45,22.820013,91.28005,32.753084,true,20.531,shift_2,B
2026-03-03T19:00,17.880053,71.520212,22.173706,true,20.15,shift_2,B
2026-03-03T19:15,22.873081,91.492325,32.881662,true,19.737,shift_2,B
2026-03-03T19:30,21.112284,84.449134,30.553045,true,20.431,shift_2,B
2026-03-03T19:45,23.76245,95.049798,34.874376,true,20.13,shift_2,B
2026-03-03T20:00,17.932297,71.729189,19.594558,true,19.982,shift_2,B
2026-03-03T20:15,21.438207,85.752829,30.040035,true,20.602,shift_2,B
2026-03-03T20:30,17.376007,69.504029,20.64772,true,19.76,shift_2,B
2026-03-03T20:45,22.946282,91.785128,31.801503,true,19.632,shift_2,B
2026-03-03T21:00,20.261725,81.046901,27.248767,true,20.393,shift_2,B
2026-03-03T21:15,18.189704,72.758818,20.227433,true,20.026,shift_2,B
2026-03-03T21:30,20.919274,83.677095,30.177364,true,20.1,shift_2,B
2026-03-03T21:45,20.897708,83.590832,27.605919,true,20.273,shift_2,B
2026-03-03T22:00,6.389979,25.559916,0.0,false,19.697,off,B
2026-03-03T22:15,5.500528,22.00211,0.0,false,19.832,off,B
2026-03-03T22:30,5.256424,21.025698,0.0,false,19.8,off,B
2026-03-03T22:45,5.51608,22.064319,0.0,false,19.264,off,B
2026-03-03T23:00,5.723074,22.892298,0.0,false,17.954,off,B
2026-03-03T23:15,5.287728,21.150914,0.0,false,19.736,off,B
2026-03-03T23:30,5.713721,22.854885,0.0,false,19.576,off,B
2026-03-03T23:45,5.172681,20.690723,0.0,false,19.516,off,B
2026-03-04T00:00,5.39961,21.598441,0.0,false,19.868,off,A
2026-03-04T00:15,5.415019,21.660075,0.0,false,19.128,off,A
2026-03-04T00:30,5.198171,20.792685,0.0,false,17.629,off,A
2026-03-04T00:45,5.170539,20.682158,0.0,false,18.631,off,A
2026-03-04T01:00,5.078966,20.315863,0.0,false,17.986,off,A
2026-03-04T01:15,4.839431,19.357723,0.0,false,17.669,off,A
2026-03-04T01:30,5.176,20.704,0.0,false,17.337,off,A
2026-03-04T01:45,4.848522,19.394088,0.0,false,18.114,off,A
2026-03-04T02:00,6.234424,24.937696,0.0,false,17.678,off,A
2026-03-04T02:15,5.628701,22.514803,0.0,false,17.123,off,A
2026-03-04T02:30,5.375373,21.50149,0.0,false,17.718,off,A
2026-03-04T02:45,5.290115,21.16046,0.0,false,18.681,off,A
2026-03-04T03:00,5.669553,22.678213,0.0,false,17.639,off,A
2026-03-04T03:15,5.207367,20.829468,0.0,false,16.97,off,A
2026-03-04T03:30,5.04511,20.18044,0.0,false,16.98,off,A
2026-03-04T03:45,5.266911,21.067643,0.0,false,16.742,off,A
2026-03-04T04:00,5.378481,21.513925,0.0,false,16.939,off,A
2026-03-04T04:15,5.64961,22.598439,0.0,false,16.392,off,A
2026-03-04T04:30,5.400428,21.601713,0.0,false,15.671,off,A
2026-03-04T04:45,5.08342,20.333682,0.0,false,15.978,off,A
2026-03-04T05:00,5.643584,22.574335,0.0,false,15.783,off,A
2026-03-04T05:15,5.890628,23.562511,0.0,false,16.071,off,A
2026-03-04T05:30,5.435569,21.742276,0.0,false,15.834,off,A
2026-03-04T05:45,6.27238,25.089521,0.0,false,15.162,off,A
2026-03-04T06:00,19.426689,77.706754,27.535231,true,14.641,shift_1,A
2026-03-04T06:15,22.444132,89.776528,35.520316,true,15.875,shift_1,A
2026-03-04T06:30,19.128669,76.514676,26.557855,true,15.611,shift_1,A
2026-03-04T06:45,20.26017,81.04068,30.705317,true,14.883,shift_1,A
2026-03-04T07:00,19.993334,79.973336,29.982218,true,14.43,shift_1,A
2026-03-04T07:15,18.91133,75.645319,26.344925,true,15.868,shift_1,A
2026-03-04T07:30,20.07751,80.31004,29.506815,true,14.946,shift_1,A
2026-03-04T07:45,18.440116,73.760464,25.781071,true,15.259,shift_1,A
2026-03-04T08:00,18.894891,75.579565,24.538319,true,14.587,shift_1,A
2026-03-04T08:15,19.191794,76.767178,28.985072,true,15.882,shift_1,A
2026-03-04T08:30,18.971134,75.884535,26.779411,true,15.205,shift_1,A
2026-03-04T08:45,20.826141,83.304565,31.910276,true,15.439,shift_1,A
2026-03-04T09:00,15.484259,61.937036,18.863081,true,14.868,shift_1,A
2026-03-04T09:15,23.421448,93.685794,37.958653,true,15.793,shift_1,A
2026-03-04T09:30,18.764114,75.056454,29.156016,true,15.273,shift_1,A
2026-03-04T09:45,16.16952,64.67808,21.053687,true,14.668,shift_1,A
2026-03-04T10:00,19.504286,78.017144,30.932931,true,15.594,shift_1,A
2026-03-04T10:15,21.729241,86.916963,33.273875,true,16.577,shift_1,A
2026-03-04T10:30,17.909863,71.639451,23.868294,true,15.21,shift_1,A
2026-03-04T10:45,21.889689,87.558754,33.994842,true,15.415,shift_1,A
2026-03-04T11:00,21.866442,87.465767,34.63761,true,15.838,shift_1,A
2026-03-04T11:15,16.320678,65.282712,21.160985,true,15.789,shift_1,A
2026-03-04T11:30,19.327091,77.308366,28.750478,true,17.087,shift_1,A
2026-03-04T11:45,19.057139,76.228557,28.148391,true,15.599,shift_1,A
2026-03-04T12:00,18.373556,73.494225,25.767608,true,15.985,shift_1,A
2026-03-04T12:15,18.640428,74.561713,26.876746,true,16.058,shift_1,A
2026-03-04T12:30,17.968079,71.872317,24.788398,true,17.122,shift_1,A
2026-03-04T12:45,18.982822,75.931288,26.570238,true,17.176,shift_1,A
2026-03-04T13:00,19.380824,77.523294,27.715559,true,17.588,shift_1,A
2026-03-04T13:15,16.930951,67.723804,21.572092,true,17.324,shift_1,A
2026-03-04T13:30,19.109423,76.437693,27.897184,true,18.093,shift_1,A
2026-03-04T13:45,16.959592,67.838368,22.913472,true,16.879,shift_1,A
2026-03-04T14:00,20.183524,80.734097,28.926915,true,18.167,shift_2,A
2026-03-04T14:15,13.404696,53.618784,13.92935,true,17.591,shift_2,A
2026-03-04T14:30,20.182514,80.730056,29.559668,true,18.119,shift_2,A
2026-03-04T14:45,18.300276,73.201104,24.934912,true,18.2,shift_2,A
2026-03-04T15:00,18.74485,74.979398,26.447415,true,19.258,shift_2,A
2026-03-04T15:15,15.296816,61.187265,17.51752,true,18.776,shift_2,A
2026-03-04T15:30,19.999669,79.998675,29.922446,true,17.979,shift_2,A
2026-03-04T15:45,16.993415,67.97366,19.534163,true,18.996,shift_2,A
2026-03-04T16:00,19.810747,79.242989,28.038017,true,18.517,shift_2,A
2026-03-04T16:15,18.6124,74.449599,26.216449,true,18.712,shift_2,A
2026-03-04T16:30,13.775919,55.103677,14.644745,true,19.43,shift_2,A
2026-03-04T16:45,20.100588,80.402351,29.979685,true,19.591,shift_2,A
2026-03-04T17:00,17.393137,69.572549,25.007343,true,19.695,shift_2,A
2026-03-04T17:15,21.478379,85.913515,34.399536,true,18.768,shift_2,A
2026-03-04T17:30,20.533612,82.134446,32.15693,true,18.888,shift_2,A
2026-03-04T17:45,19.57894,78.315759,29.539037,true,19.15,shift_2,A
2026-03-04T18:00,19.699872,78.79949,28.178745,true,20.39,shift_2,A
2026-03-04T18:15,20.136447,80.545786,29.129016,true,19.367,shift_2,A
2026-03-04T18:30,16.170129,64.680515,21.063292,true,19.517,shift_2,A
2026-03-04T18:45,23.168967,92.675867,39.954385,true,19.999,shift_2,A
2026-03-04T19:00,16.515503,66.062013,23.002259,true,19.542,shift_2,A
2026-03-04T19:15,19.370173,77.480693,28.867017,true,20.589,shift_2,A
2026-03-04T19:30,15.840184,63.360737,20.620777,true,20.008,shift_2,A
2026-03-04T19:45,20.506241,82.024962,30.727581,true,19.943,shift_2,A
2026-03-04T20:00,20.18925,80.757002,29.861511,true,19.564,shift_2,A
2026-03-04T20:15,20.995367,83.981469,33.890692,true,19.598,shift_2,A
2026-03-04T20:30,17.069624,68.278496,21.684019,true,20.717,shift_2,A
2026-03-04T20:45,16.204215,64.816861,20.249801,true,20.535,shift_2,A
2026-03-04T21:00,20.96138,83.84552,31.434993,true,19.84,shift_2,A
2026-03-04T21:15,18.973977,75.89591,27.429006,true,20.105,shift_2,A
2026-03-04T21:30,21.156584,84.626337,30.200314,true,19.901,shift_2,A
2026-03-04T21:45,16.095755,64.38302,19.184535,true,20.204,shift_2,A
2026-03-04T22:00,5.929811,23.719245,0.0,false,18.674,off,A
2026-03-04T22:15,5.197323,20.789291,0.0,false,19.859,off,A
2026-03-04T22:30,5.037589,20.150358,0.0,false,19.882,off,A
2026-03-04T22:45,5.73585,22.943401,0.0,false,19.019,off,A
2026-03-04T23:00,5.338236,21.352943,0.0,false,20.269,off,A
2026-03-04T23:15,5.236434,20.945737,0.0,false,19.027,off,A
2026-03-04T23:30,5.423615,21.694459,0.0,false,19.042,off,A
2026-03-04T23:45,5.480631,21.922523,0.0,false,19.385,off,A
2026-03-05T00:00,5.220467,20.881868,0.0,false,18.764,off,A
2026-03-05T00:15,5.694741,22.778964,0.0,false,19.111,off,A
2026-03-05T00:30,5.465457,21.861828,0.0,false,19.329,off,A
2026-03-05T00:45,5.942059,23.768235,0.0,false,18.238,off,A
2026-03-05T01:00,6.078608,24.31443,0.0,false,18.613,off,A
2026-03-05T01:15,5.777003,23.108013,0.0,false,18.853,off,A
2026-03-05T01:30,5.473057,21.892229,0.0,false,18.155,off,A
2026-03-05T01:45,5.984761,23.939045,0.0,false,18.466,off,A
2026-03-05T02:00,6.084745,24.338981,0.0,false,17.695,off,A
2026-03-05T02:15,5.134447,20.537789,0.0,false,17.324,off,A
2026-03-05T02:30,5.349427,21.39771,0.0,false,17.687,off,A
2026-03-05T02:45,5.655403,22.621614,0.0,false,17.361,off,A
2026-03-05T03:00,5.356844,21.427377,0.0,false,17.477,off,A
2026-03-05T03:15,5.367411,21.469643,0.0,false,16.32,off,A
2026-03-05T03:30,5.97637,23.905478,0.0,false,18.071,off,A
2026-03-05T03:45,4.939944,19.759778,0.0,false,17.311,off,A
2026-03-05T04:00,5.50619,22.02476,0.0,false,16.852,off,A
2026-03-05T04:15,4.800014,19.200056,0.0,false,16.503,off,A
2026-03-05T04:30,5.145044,20.580175,0.0,false,17.428,off,A
2026-03-05T04:45,5.786437,23.14575,0.0,false,16.499,off,A
2026-03-05T05:00,5.971162,23.884649,0.0,false,16.58,off,A
2026-03-05T05:15,5.060099,20.240396,0.0,false,15.956,off,A
2026-03-05T05:30,5.912293,23.649171,0.0,false,16.283,off,A
2026-03-05T05:45,5.664166,22.656663,0.0,false,15.617,off,A
2026-03-05T06:00,15.816781,63.267122,19.391575,true,15.68,shift_1,A
2026-03-05T06:15,20.496571,81.986283,31.521583,true,15.7,shift_1,A
2026-03-05T06:30,17.068351,68.273405,20.383668,true,16.012,shift_1,A
2026-03-05T06:45,19.044698,76.178792,27.242516,true,15.202,shift_1,A
2026-03-05T07:00,19.878654,79.514617,29.615825,true,14.985,shift_1,A
2026-03-05T07:15,21.345081,85.380326,33.24554,true,14.975,shift_1,A
2026-03-05T07:30,19.170581,76.682323,28.869349,true,14.982,shift_1,A
2026-03-05T07:45,20.555849,82.223395,30.362368,true,15.776,shift_1,A
2026-03-05T08:00,17.545245,70.18098,22.802466,true,15.363,shift_1,A
2026-03-05T08:15,18.54792,74.19168,27.624752,true,15.9,shift_1,A
2026-03-05T08:30,21.460124,85.840495,33.225669,true,16.692,shift_1,A
2026-03-05T08:45,20.711812,82.847248,32.141774,true,16.004,shift_1,A
2026-03-05T09:00,17.077004,68.308015,22.564205,true,15.382,shift_1,A
2026-03-05T09:15,21.414093,85.656373,33.03121,true,15.105,shift_1,A
2026-03-05T09:30,20.291723,81.166892,28.031237,true,15.891,shift_1,A
2026-03-05T09:45,17.838765,71.355059,24.960447,true,15.4,shift_1,A
2026-03-05T10:00,15.124328,60.497312,16.813104,true,16.258,shift_1,A
2026-03-05T10:15,20.353854,81.415415,31.747538,true,15.493,shift_1,A
2026-03-05T10:30,19.263936,77.055744,26.98508,true,15.518,shift_1,A
2026-03-05T10:45,22.345861,89.383442,35.771574,true,16.293,shift_1,A
2026-03-05T11:00,22.173377,88.693506,33.366509,true,15.587,shift_1,A
2026-03-05T11:15,18.653039,74.612154,25.386665,true,16.276,shift_1,A
2026-03-05T11:30,17.51653,70.066119,23.049585,true,16.393,shift_1,A
2026-03-05T11:45,18.162651,72.650602,22.404739,true,16.213,shift_1,A
2026-03-05T12:00,19.54269,78.17076,28.929896,true,16.734,shift_1,A
2026-03-05T12:15,17.696588,70.786352,22.834676,true,16.824,shift_1,A
2026-03-05T12:30,19.646817,78.587267,27.976427,true,17.325,shift_1,A
2026-03-05T12:45,18.080873,72.323491,24.514222,true,17.124,shift_1,A
2026-03-05T13:00,17.610261,70.441043,24.005571,true,17.528,shift_1,A
2026-03-05T13:15,20.070224,80.280895,30.444716,true,16.264,shift_1,A
2026-03-05T13:30,16.612611,66.450443,20.26745,true,17.689,shift_1,A
2026-03-05T13:45,16.470002,65.880007,18.698657,true,17.789,shift_1,A
2026-03-05T14:00,19.079731,76.318922,27.069371,true,17.874,shift_2,A
2026-03-05T14:15,17.924918,71.699674,22.368621,true,17.551,shift_2,A
2026-03-05T14:30,17.543035,70.172139,22.141524,true,17.465,shift_2,A
2026-03-05T14:45,15.322371,61.289485,18.016147,true,17.513,shift_2,A
2026-03-05T15:00,16.172139,64.688558,20.620088,true,18.226,shift_2,A
2026-03-05T15:15,20.280414,81.121657,31.455265,true,18.4,shift_2,A
2026-03-05T15:30,18.85218,75.408719,28.040998,true,19.773,shift_2,A
2026-03-05T15:45,18.471972,73.887887,25.39901,true,19.19,shift_2,A
2026-03-05T16:00,20.407888,81.631552,31.10646,true,20.09,shift_2,A
2026-03-05T16:15,16.639197,66.556788,20.836896,true,18.996,shift_2,A
2026-03-05T16:30,20.69009,82.760362,31.581975,true,18.853,shift_2,A
2026-03-05T16:45,15.571041,62.284163,18.915216,true,20.046,shift_2,A
2026-03-05T17:00,19.415678,77.662714,28.966986,true,19.764,shift_2,A
2026-03-05T17:15,20.656149,82.624597,32.453531,true,19.091,shift_2,A
2026-03-05T17:30,19.41135,77.6454,28.292511,true,20.065,shift_2,A
2026-03-05T17:45,22.88427,91.537078,37.667227,true,19.517,shift_2,A
2026-03-05T18:00,19.511189,78.044758,27.160711,true,18.388,shift_2,A
2026-03-05T18:15,19.566419,78.265675,26.741395,true,19.995,shift_2,A
2026-03-05T18:30,17.970721,71.882882,24.74286,true,20.095,shift_2,A
2026-03-05T18:45,20.525777,82.103107,29.527675,true,20.048,shift_2,A
2026-03-05T19:00,21.201267,84.805067,33.199994,true,20.364,shift_2,A
2026-03-05T19:15,15.06911,60.276439,17.903743,true,20.607,shift_2,A
2026-03-05T19:30,20.457972,81.831889,30.474636,true,20.122,shift_2,A
2026-03-05T19:45,16.557819,66.231277,20.066326,true,20.024,shift_2,A
2026-03-05T20:00,18.437032,73.748129,26.201384,true,18.853,shift_2,A
2026-03-05T20:15,18.680109,74.720436,25.545897,true,20.409,shift_2,A
2026-03-05T20:30,21.32865,85.314602,31.759204,true,20.498,shift_2,A
2026-03-05T20:45,18.707187,74.828747,25.808796,true,20.695,shift_2,A
2026-03-05T21:00,18.066745,72.266979,24.432894,true,20.973,shift_2,A
2026-03-05T21:15,19.024782,76.099129,26.623702,true,19.346,shift_2,A
2026-03-05T21:30,16.941504,67.766017,22.428761,true,20.675,shift_2,A
2026-03-05T21:45,17.881458,71.525832,24.36081,true,19.326,shift_2,A
2026-03-05T22:00,5.697884,22.791536,0.0,false,20.163,off,A
2026-03-05T22:15,6.059284,24.237135,0.0,false,20.305,off,A
2026-03-05T22:30,4.713897,18.855588,0.0,false,19.939,off,A
2026-03-05T22:45,5.86665,23.4666,0.0,false,19.378,off,A
2026-03-05T23:00,4.990922,19.963687,0.0,false,19.094,off,A
2026-03-05T23:15,5.593425,22.373699,0.0,false,19.066,off,A
2026-03-05T23:30,5.29571,21.18284,0.0,false,19.029,off,A
2026-03-05T23:45,6.144016,24.576064,0.0,false,18.511,off,A
2026-03-06T00:00,5.041437,20.165748,0.0,false,19.525,off,B
2026-03-06T00:15,5.562876,22.251503,0.0,false,17.7,off,B
2026-03-06T00:30,5.618848,22.475393,0.0,false,18.417,off,B
2026-03-06T00:45,5.598794,22.395177,0.0,false,18.348,off,B
2026-03-06T01:00,4.761198,19.044792,0.0,false,18.645,off,B
2026-03-06T01:15,5.017652,20.070608,0.0,false,18.294,off,B
2026-03-06T01:30,5.691664,22.766657,0.0,false,18.208,off,B
2026-03-06T01:45,5.82499,23.299959,0.0,false,17.882,off,B
2026-03-06T02:00,6.122488,24.489952,0.0,false,18.191,off,B
2026-03-06T02:15,5.622926,22.491705,0.0,false,16.813,off,B
2026-03-06T02:30,5.686044,22.744175,0.0,false,17.991,off,B
2026-03-06T02:45,5.780783,23.123131,0.0,false,17.208,off,B
2026-03-06T03:00,6.27362,25.09448,0.0,false,17.469,off,B
2026-03-06T03:15,4.642655,18.570619,0.0,false,17.695,off,B
2026-03-06T03:30,5.968784,23.875137,0.0,false,16.785,off,B
2026-03-06T03:45,5.596784,22.387135,0.0,false,16.459,off,B
2026-03-06T04:00,4.951712,19.806846,0.0,false,16.702,off,B
2026-03-06T04:15,6.296169,25.184678,0.0,false,15.326,off,B
2026-03-06T04:30,5.335635,21.34254,0.0,false,15.612,off,B
2026-03-06T04:45,5.768899,23.075594,0.0,false,16.407,off,B
2026-03-06T05:00,5.743367,22.973468,0.0,false,15.781,off,B
2026-03-06T05:15,5.985079,23.940316,0.0,false,16.742,off,B
2026-03-06T05:30,5.487283,21.949133,0.0,false,15.401,off,B
2026-03-06T05:45,5.606007,22.42403,0.0,false,15.586,off,B
2026-03-06T06:00,18.84188,75.367519,23.286955,true,15.877,shift_1,B
2026-03-06T06:15,20.088993,80.35597,24.410682,true,15.344,shift_1,B
2026-03-06T06:30,16.350474,65.401895,19.965135,true,16.397,shift_1,B
2026-03-06T06:45,21.439869,85.759474,30.466801,true,14.933,shift_1,B
2026-03-06T07:00,19.457222,77.82889,24.4712,true,15.438,shift_1,B
2026-03-06T07:15,17.786055,71.144218,22.492371,true,15.246,shift_1,B
2026-03-06T07:30,19.450289,77.801155,25.092075,true,15.309,shift_1,B
2026-03-06T07:45,18.965393,75.861572,22.648202,true,15.543,shift_1,B
2026-03-06T08:00,23.203336,92.813343,35.034887,true,15.306,shift_1,B
2026-03-06T08:15,16.408709,65.634835,20.266994,true,14.955,shift_1,B
2026-03-06T08:30,18.907188,75.628753,24.924315,true,14.903,shift_1,B
2026-03-06T08:45,21.534238,86.136952,30.57405,true,15.84,shift_1,B
2026-03-06T09:00,18.862887,75.451547,23.809794,true,15.692,shift_1,B
2026-03-06T09:15,18.256082,73.024327,22.426057,true,14.83,shift_1,B
2026-03-06T09:30,20.029098,80.116393,24.99719,true,14.796,shift_1,B
2026-03-06T09:45,21.973866,87.895466,29.216117,true,16.213,shift_1,B
2026-03-06T10:00,22.982696,91.930786,33.030692,true,15.791,shift_1,B
2026-03-06T10:15,17.197708,68.790833,22.302635,true,15.729,shift_1,B
2026-03-06T10:30,21.019969,84.079876,28.895565,true,15.577,shift_1,B
2026-03-06T10:45,22.079729,88.318915,30.887613,true,15.583,shift_1,B
2026-03-06T11:00,19.909634,79.638536,24.949195,true,16.491,shift_1,B
2026-03-06T11:15,23.271559,93.086235,35.294033,true,16.125,shift_1,B
2026-03-06T11:30,22.719551,90.878205,33.079623,true,17.235,shift_1,B
2026-03-06T11:45,20.503903,82.015613,26.392351,true,16.281,shift_1,B
2026-03-06T12:00,14.717701,58.870805,14.202538,true,16.536,shift_1,B
2026-03-06T12:15,19.637485,78.549939,25.082308,true,17.274,shift_1,B
2026-03-06T12:30,16.378635,65.514542,17.136685,true,16.893,shift_1,B
2026-03-06T12:45,23.113301,92.453203,33.745309,true,16.75,shift_1,B
2026-03-06T13:00,18.22925,72.916999,23.03751,true,17.34,shift_1,B
2026-03-06T13:15,19.023513,76.094052,24.209944,true,17.316,shift_1,B
2026-03-06T13:30,14.213515,56.854059,13.055733,true,17.1,shift_1,B
2026-03-06T13:45,21.300246,85.200985,28.162315,true,17.012,shift_1,B
2026-03-06T14:00,18.433253,73.733012,23.132537,true,18.459,shift_2,B
2026-03-06T14:15,19.352859,77.411438,25.563145,true,17.692,shift_2,B
2026-03-06T14:30,19.479235,77.91694,24.959383,true,18.441,shift_2,B
2026-03-06T14:45,18.980516,75.922065,23.774469,true,18.007,shift_2,B
2026-03-06T15:00,20.739699,82.958797,26.696737,true,17.8,shift_2,B
2026-03-06T15:15,18.596177,74.384706,24.069053,true,18.774,shift_2,B
2026-03-06T15:30,16.025116,64.100466,16.750538,true,18.804,shift_2,B
2026-03-06T15:45,17.377058,69.508233,21.993283,true,18.46,shift_2,B
2026-03-06T16:00,21.635293,86.541174,30.099198,true,19.326,shift_2,B
2026-03-06T16:15,22.560829,90.243316,30.768059,true,19.319,shift_2,B
2026-03-06T16:30,20.680481,82.721924,27.806062,true,19.15,shift_2,B
2026-03-06T16:45,18.543695,74.174782,22.558553,true,19.624,shift_2,B
2026-03-06T17:00,19.069705,76.278818,24.605621,true,19.487,shift_2,B
2026-03-06T17:15,22.219449,88.877797,32.313843,true,18.922,shift_2,B
2026-03-06T17:30,19.536481,78.145925,24.019244,true,20.34,shift_2,B
2026-03-06T17:45,19.941167,79.76467,25.392388,true,19.734,shift_2,B
2026-03-06T18:00,18.066884,72.267535,22.170094,true,20.297,shift_2,B
2026-03-06T18:15,19.519014,78.076056,25.122807,true,19.76,shift_2,B
2026-03-06T18:30,18.497309,73.989235,23.280504,true,20.403,shift_2,B
2026-03-06T18:45,23.853065,95.412261,35.732041,true,20.805,shift_2,B
2026-03-06T19:00,19.107862,76.431449,24.632443,true,20.397,shift_2,B
2026-03-06T19:15,19.632168,78.528672,25.024129,true,21.09,shift_2,B
2026-03-06T19:30,18.374488,73.497951,22.428294,true,19.513,shift_2,B
2026-03-06T19:45,19.36718,77.468719,25.902112,true,20.426,shift_2,B
2026-03-06T20:00,17.329786,69.319143,20.991221,true,20.712,shift_2,B
2026-03-06T20:15,18.137958,72.551831,23.4412,true,20.753,shift_2,B
2026-03-06T20:30,20.542059,82.168234,26.229915,true,20.589,shift_2,B
2026-03-06T20:45,19.50226,78.009041,24.940862,true,19.634,shift_2,B
2026-03-06T21:00,17.644383,70.577531,19.661091,true,20.621,shift_2,B
2026-03-06T21:15,21.694116,86.776462,29.550217,true,20.46,shift_2,B
2026-03-06T21:30,19.298858,77.19543,26.235177,true,20.446,shift_2,B
2026-03-06T21:45,21.496087,85.98435,29.545932,true,19.771,shift_2,B
2026-03-06T22:00,5.426123,21.704494,0.0,false,20.122,off,B
2026-03-06T22:15,5.007256,20.029025,0.0,false,20.084,off,B
2026-03-06T22:30,5.720423,22.881691,0.0,false,20.035,off,B
2026-03-06T22:45,5.743241,22.972964,0.0,false,19.203,off,B
2026-03-06T23:00,5.473961,21.895846,0.0,false,19.444,off,B
2026-03-06T23:15,5.153128,20.612512,0.0,false,19.496,off,B
2026-03-06T23:30,4.457318,17.82927,0.0,false,18.678,off,B
2026-03-06T23:45,5.687396,22.749583,0.0,false,19.134,off,B
2026-03-07T00:00,5.606815,22.427259,0.0,false,19.259,off,A
2026-03-07T00:15,5.524854,22.099416,0.0,false,18.941,off,A
2026-03-07T00:30,5.509659,22.038637,0.0,false,18.894,off,A
2026-03-07T00:45,6.207844,24.831374,0.0,false,18.325,off,A
2026-03-07T01:00,5.107899,20.431596,0.0,false,18.775,off,A
2026-03-07T01:15,5.734213,22.936853,0.0,false,18.662,off,A
2026-03-07T01:30,5.5534,22.213598,0.0,false,18.436,off,A
2026-03-07T01:45,5.120565,20.482262,0.0,false,18.186,off,A
2026-03-07T02:00,6.116817,24.46727,0.0,false,17.283,off,A
2026-03-07T02:15,5.064301,20.257202,0.0,false,17.722,off,A
2026-03-07T02:30,4.43842,17.753681,0.0,false,17.279,off,A
2026-03-07T02:45,6.162892,24.651569,0.0,false,17.117,off,A
2026-03-07T03:00,5.157353,20.629413,0.0,false,17.409,off,A
2026-03-07T03:15,5.935676,23.742702,0.0,false,16.985,off,A
2026-03-07T03:30,6.037648,24.150592,0.0,false,17.274,off,A
2026-03-07T03:45,6.091725,24.3669,0.0,false,17.23,off,A
2026-03-07T04:00,5.534787,22.139149,0.0,false,16.243,off,A
2026-03-07T04:15,5.52255,22.090198,0.0,false,15.656,off,A
2026-03-07T04:30,6.223896,24.895584,0.0,false,16.915,off,A
2026-03-07T04:45,6.160846,24.643383,0.0,false,16.074,off,A
2026-03-07T05:00,5.723847,22.895386,0.0,false,16.595,off,A
2026-03-07T05:15,5.729118,22.916471,0.0,false,16.529,off,A
2026-03-07T05:30,5.711731,22.846926,0.0,false,16.575,off,A
2026-03-07T05:45,5.629426,22.517705,0.0,false,16.202,off,A
2026-03-07T06:00,5.993059,23.972237,0.0,false,15.739,shift_1,A
2026-03-07T06:15,5.944023,23.776091,0.0,false,15.392,shift_1,A
2026-03-07T06:30,5.578085,22.312342,0.0,false,14.971,shift_1,A
2026-03-07T06:45,5.916932,23.667729,0.0,false,14.992,shift_1,A
2026-03-07T07:00,5.85571,23.42284,0.0,false,15.502,shift_1,A
2026-03-07T07:15,5.915722,23.662886,0.0,false,15.396,shift_1,A
2026-03-07T07:30,6.161233,24.644933,0.0,false,15.093,shift_1,A
2026-03-07T07:45,6.185622,24.742488,0.0,false,14.778,shift_1,A
2026-03-07T08:00,5.254722,21.018889,0.0,false,15.498,shift_1,A
2026-03-07T08:15,5.799041,23.196165,0.0,false,16.161,shift_1,A
2026-03-07T08:30,5.54203,22.16812,0.0,false,15.296,shift_1,A
2026-03-07T08:45,6.033199,24.132794,0.0,false,15.574,shift_1,A
2026-03-07T09:00,5.235502,20.94201,0.0,false,15.872,shift_1,A
2026-03-07T09:15,5.163513,20.654052,0.0,false,14.877,shift_1,A
2026-03-07T09:30,5.699242,22.796969,0.0,false,16.278,shift_1,A
2026-03-07T09:45,4.926955,19.707821,0.0,false,14.875,shift_1,A
2026-03-07T10:00,5.525081,22.100324,0.0,false,16.011,shift_1,A
2026-03-07T10:15,5.767255,23.069021,0.0,false,16.176,shift_1,A
2026-03-07T10:30,5.703225,22.8129,0.0,false,16.153,shift_1,A
2026-03-07T10:45,6.122534,24.490135,0.0,false,15.275,shift_1,A
2026-03-07T11:00,6.00449,24.017959,0.0,false,16.576,shift_1,A
2026-03-07T11:15,5.639567,22.558267,0.0,false,16.194,shift_1,A
2026-03-07T11:30,5.42829,21.713161,0.0,false,16.097,shift_1,A
2026-03-07T11:45,5.453294,21.813175,0.0,false,16.697,shift_1,A
2026-03-07T12:00,5.500431,22.001725,0.0,false,17.199,shift_1,A
2026-03-07T12:15,5.44843,21.79372,0.0,false,17.332,shift_1,A
2026-03-07T12:30,6.12322,24.492878,0.0,false,16.323,shift_1,A
2026-03-07T12:45,5.627339,22.509355,0.0,false,16.909,shift_1,A
2026-03-07T13:00,5.884754,23.539017,0.0,false,17.212,shift_1,A
2026-03-07T13:15,5.902466,23.609866,0.0,false,18.112,shift_1,A
2026-03-07T13:30,5.428653,21.714613,0.0,false,17.259,shift_1,A
2026-03-07T13:45,6.114951,24.459805,0.0,false,18.039,shift_1,A
2026-03-07T14:00,5.091657,20.366628,0.0,false,17.499,shift_2,A
2026-03-07T14:15,5.788259,23.153036,0.0,false,17.81,shift_2,A
2026-03-07T14:30,6.077355,24.30942,0.0,false,18.242,shift_2,A
2026-03-07T14:45,5.286311,21.145245,0.0,false,18.281,shift_2,A
2026-03-07T15:00,5.178054,20.712217,0.0,false,18.444,shift_2,A
2026-03-07T15:15,5.999018,23.996072,0.0,false,18.792,shift_2,A
2026-03-07T15:30,5.501552,22.006209,0.0,false,18.885,shift_2,A
2026-03-07T15:45,5.134976,20.539905,0.0,false,19.648,shift_2,A
2026-03-07T16:00,6.763521,27.054086,0.0,false,18.775,shift_2,A
2026-03-07T16:15,5.906563,23.626254,0.0,false,18.92,shift_2,A
2026-03-07T16:30,4.995275,19.981101,0.0,false,19.415,shift_2,A
2026-03-07T16:45,5.582181,22.328723,0.0,false,19.638,shift_2,A
2026-03-07T17:00,5.835587,23.342346,0.0,false,19.363,shift_2,A
2026-03-07T17:15,5.346239,21.384956,0.0,false,19.566,shift_2,A
2026-03-07T17:30,5.368231,21.472923,0.0,false,19.705,shift_2,A
2026-03-07T17:45,5.631942,22.527767,0.0,false,21.035,shift_2,A
2026-03-07T18:00,5.745844,22.983378,0.0,false,20.265,shift_2,A
2026-03-07T18:15,5.962968,23.85187,0.0,false,19.765,shift_2,A
2026-03-07T18:30,6.024525,24.098099,0.0,false,20.124,shift_2,A
2026-03-07T18:45,5.341756,21.367025,0.0,false,19.443,shift_2,A
2026-03-07T19:00,5.649847,22.599388,0.0,false,19.189,shift_2,A
2026-03-07T19:15,5.118123,20.472491,0.0,false,20.456,shift_2,A
2026-03-07T19:30,6.056419,24.225678,0.0,false,19.939,shift_2,A
2026-03-07T19:45,5.693526,22.774103,0.0,false,20.073,shift_2,A
2026-03-07T20:00,5.790099,23.160397,0.0,false,20.838,shift_2,A
2026-03-07T20:15,5.77144,23.085761,0.0,false,20.938,shift_2,A
2026-03-07T20:30,5.641402,22.565606,0.0,false,20.458,shift_2,A
2026-03-07T20:45,5.635025,22.540098,0.0,false,20.291,shift_2,A
2026-03-07T21:00,5.602526,22.410104,0.0,false,20.24,shift_2,A
2026-03-07T21:15,5.537058,22.148232,0.0,false,20.482,shift_2,A
2026-03-07T21:30,5.639488,22.557953,0.0,false,20.498,shift_2,A
2026-03-07T21:45,5.34884,21.395359,0.0,false,20.178,shift_2,A
2026-03-07T22:00,5.461623,21.846493,0.0,false,20.24,off,A
2026-03-07T22:15,6.269308,25.077231,0.0,false,19.658,off,A
2026-03-07T22:30,5.867802,23.471209,0.0,false,19.596,off,A
2026-03-07T22:45,5.838935,23.355739,0.0,false,19.918,off,A
2026-03-07T23:00,6.037487,24.149946,0.0,false,20.22,off,A
2026-03-07T23:15,5.592053,22.368213,0.0,false,18.752,off,A
2026-03-07T23:30,5.210134,20.840537,0.0,false,19.56,off,A
2026-03-07T23:45,5.533894,22.135577,0.0,false,19.02,off,A
2026-03-08T00:00,5.387531,21.550123,0.0,false,18.632,off,A
2026-03-08T00:15,5.965869,23.863475,0.0,false,19.188,off,A
2026-03-08T00:30,5.90069,23.602759,0.0,false,18.561,off,A
2026-03-08T00:45,6.5211,26.084399,0.0,false,18.931,off,A
2026-03-08T01:00,5.197012,20.78805,0.0,false,19.107,off,A
2026-03-08T01:15,5.462084,21.848335,0.0,false,19.534,off,A
2026-03-08T01:30,5.399642,21.59857,0.0,false,17.844,off,A
2026-03-08T01:45,5.351511,21.406044,0.0,false,18.157,off,A
2026-03-08T02:00,5.993528,23.974113,0.0,false,17.542,off,A
2026-03-08T02:15,5.707618,22.830473,0.0,false,17.295,off,A
2026-03-08T02:30,5.451356,21.805425,0.0,false,16.699,off,A
2026-03-08T02:45,5.674628,22.698513,0.0,false,17.539,off,A
2026-03-08T03:00,6.39241,25.569639,0.0,false,17.692,off,A
2026-03-08T03:15,5.711861,22.847446,0.0,false,17.288,off,A
2026-03-08T03:30,6.146334,24.585337,0.0,false,17.693,off,A
2026-03-08T03:45,5.851051,23.404203,0.0,false,17.064,off,A
2026-03-08T04:00,5.195486,20.781945,0.0,false,15.789,off,A
2026-03-08T04:15,6.106794,24.427177,0.0,false,16.598,off,A
2026-03-08T04:30,5.826763,23.307051,0.0,false,15.681,off,A
2026-03-08T04:45,6.045271,24.181083,0.0,false,16.286,off,A
2026-03-08T05:00,5.694261,22.777046,0.0,false,16.452,off,A
2026-03-08T05:15,5.312527,21.250109,0.0,false,16.008,off,A
2026-03-08T05:30,5.733679,22.934717,0.0,false,16.683,off,A
2026-03-08T05:45,6.097168,24.38867,0.0,false,15.999,off,A
2026-03-08T06:00,5.517952,22.071809,0.0,false,15.875,shift_1,A
2026-03-08T06:15,5.84904,23.396158,0.0,false,16.131,shift_1,A
2026-03-08T06:30,5.81547,23.26188,0.0,false,15.891,shift_1,A
2026-03-08T06:45,5.616447,22.465788,0.0,false,14.754,shift_1,A
2026-03-08T07:00,6.213838,24.855353,0.0,false,15.412,shift_1,A
2026-03-08T07:15,6.127913,24.511652,0.0,false,15.594,shift_1,A
2026-03-08T07:30,5.839522,23.35809,0.0,false,14.547,shift_1,A
2026-03-08T07:45,5.384385,21.537542,0.0,false,14.756,shift_1,A
2026-03-08T08:00,5.867939,23.471758,0.0,false,15.214,shift_1,A
2026-03-08T08:15,4.794724,19.178894,0.0,false,15.274,shift_1,A
2026-03-08T08:30,5.440634,21.762537,0.0,false,15.026,shift_1,A
2026-03-08T08:45,5.931733,23.726933,0.0,false,16.008,shift_1,A
2026-03-08T09:00,6.095627,24.382508,0.0,false,15.29,shift_1,A
2026-03-08T09:15,6.24891,24.995641,0.0,false,16.577,shift_1,A
2026-03-08T09:30,4.996249,19.984997,0.0,false,15.328,shift_1,A
2026-03-08T09:45,6.206688,24.826751,0.0,false,15.563,shift_1,A
2026-03-08T10:00,6.106717,24.426868,0.0,false,15.112,shift_1,A
2026-03-08T10:15,5.247389,20.989557,0.0,false,16.229,shift_1,A
2026-03-08T10:30,5.386385,21.545539,0.0,false,16.066,shift_1,A
2026-03-08T10:45,5.764011,23.056043,0.0,false,15.589,shift_1,A
2026-03-08T11:00,6.025291,24.101165,0.0,false,15.39,shift_1,A
2026-03-08T11:15,5.923578,23.694312,0.0,false,17.058,shift_1,A
2026-03-08T11:30,5.888311,23.553245,0.0,false,16.643,shift_1,A
2026-03-08T11:45,5.674162,22.696649,0.0,false,16.599,shift_1,A
2026-03-08T12:00,5.818567,23.274269,0.0,false,17.036,shift_1,A
2026-03-08T12:15,5.721385,22.885541,0.0,false,17.469,shift_1,A
2026-03-08T12:30,6.133084,24.532335,0.0,false,17.157,shift_1,A
2026-03-08T12:45,5.638956,22.555825,0.0,false,17.327,shift_1,A
2026-03-08T13:00,5.686101,22.744404,0.0,false,17.404,shift_1,A
2026-03-08T13:15,6.118484,24.473936,0.0,false,17.795,shift_1,A
2026-03-08T13:30,6.354052,25.416208,0.0,false,17.29,shift_1,A
2026-03-08T13:45,5.903292,23.61317,0.0,false,18.058,shift_1,A
2026-03-08T14:00,6.595535,26.382141,0.0,false,18.179,shift_2,A
2026-03-08T14:15,6.339974,25.359897,0.0,false,17.565,shift_2,A
2026-03-08T14:30,5.745904,22.983617,0.0,false,17.978,shift_2,A
2026-03-08T14:45,5.559808,22.239232,0.0,false,17.939,shift_2,A
2026-03-08T15:00,5.418393,21.673573,0.0,false,18.919,shift_2,A
2026-03-08T15:15,5.438975,21.755898,0.0,false,17.774,shift_2,A
2026-03-08T15:30,4.971421,19.885684,0.0,false,17.886,shift_2,A
2026-03-08T15:45,5.476688,21.90675,0.0,false,19.278,shift_2,A
2026-03-08T16:00,5.721096,22.884385,0.0,false,19.461,shift_2,A
2026-03-08T16:15,6.247387,24.989548,0.0,false,19.147,shift_2,A
2026-03-08T16:30,4.65182,18.60728,0.0,false,19.886,shift_2,A
2026-03-08T16:45,5.410009,21.640036,0.0,false,19.705,shift_2,A
2026-03-08T17:00,6.565654,26.262616,0.0,false,19.816,shift_2,A
2026-03-08T17:15,5.526869,22.107474,0.0,false,20.546,shift_2,A
2026-03-08T17:30,5.699754,22.799016,0.0,false,19.45,shift_2,A
2026-03-08T17:45,6.371676,25.486704,0.0,false,20.219,shift_2,A
2026-03-08T18:00,5.639282,22.557127,0.0,false,19.941,shift_2,A
2026-03-08T18:15,6.111521,24.446084,0.0,false,20.597,shift_2,A
2026-03-08T18:30,5.748769,22.995077,0.0,false,20.245,shift_2,A
2026-03-08T18:45,5.455007,21.820027,0.0,false,20.598,shift_2,A
2026-03-08T19:00,5.939196,23.756784,0.0,false,21.043,shift_2,A
2026-03-08T19:15,6.051417,24.205667,0.0,false,20.801,shift_2,A
2026-03-08T19:30,5.361489,21.445956,0.0,false,19.404,shift_2,A
2026-03-08T19:45,5.413734,21.654938,0.0,false,20.343,shift_2,A
2026-03-08T20:00,6.585844,26.343378,0.0,false,20.44,shift_2,A
2026-03-08T20:15,6.093837,24.375349,0.0,false,19.911,shift_2,A
2026-03-08T20:30,5.363174,21.452697,0.0,false,19.376,shift_2,A
2026-03-08T20:45,6.053888,24.215551,0.0,false,19.807,shift_2,A
2026-03-08T21:00,5.16361,20.65444,0.0,false,20.745,shift_2,A
2026-03-08T21:15,5.160775,20.643099,0.0,false,19.817,shift_2,A
2026-03-08T21:30,5.264571,21.058284,0.0,false,19.749,shift_2,A
2026-03-08T21:45,5.224165,20.896659,0.0,false,20.193,shift_2,A
2026-03-08T22:00,5.044156,20.176623,0.0,false,20.203,off,A
2026-03-08T22:15,6.150712,24.602849,0.0,false,20.562,off,A
2026-03-08T22:30,6.432669,25.730676,0.0,false,20.489,off,A
2026-03-08T22:45,5.522801,22.091205,0.0,false,19.224,off,A
2026-03-08T23:00,5.701409,22.805634,0.0,false,19.482,off,A
2026-03-08T23:15,5.663553,22.654213,0.0,false,19.235,off,A
2026-03-08T23:30,4.970239,19.880955,0.0,false,19.638,off,A
2026-03-08T23:45,5.499098,21.996393,0.0,false,18.555,off,A
2026-03-09T00:00,5.036306,20.145222,0.0,false,20.066,off,B
2026-03-09T00:15,5.67943,22.717721,0.0,false,19.337,off,B
2026-03-09T00:30,5.187428,20.749712,0.0,false,19.485,off,B
2026-03-09T00:45,6.489773,25.959091,0.0,false,18.997,off,B
2026-03-09T01:00,5.385892,21.543568,0.0,false,18.781,off,B
2026-03-09T01:15,5.407524,21.630095,0.0,false,17.364,off,B
2026-03-09T01:30,5.994556,23.978225,0.0,false,19.03,off,B
2026-03-09T01:45,5.880767,23.523067,0.0,false,18.842,off,B
2026-03-09T02:00,6.281394,25.125577,0.0,false,18.449,off,B
2026-03-09T02:15,5.919946,23.679786,0.0,false,17.382,off,B
2026-03-09T02:30,5.449472,21.797888,0.0,false,18.277,off,B
2026-03-09T02:45,6.059167,24.236666,0.0,false,17.719,off,B
2026-03-09T03:00,5.323351,21.293404,0.0,false,15.901,off,B
2026-03-09T03:15,6.354864,25.419456,0.0,false,17.337,off,B
2026-03-09T03:30,6.338601,25.354404,0.0,false,16.752,off,B
2026-03-09T03:45,5.498423,21.993692,0.0,false,17.548,off,B
2026-03-09T04:00,5.528092,22.112366,0.0,false,17.284,off,B
2026-03-09T04:15,5.389053,21.556212,0.0,false,16.305,off,B
2026-03-09T04:30,5.899873,23.599492,0.0,false,17.443,off,B
2026-03-09T04:45,5.850428,23.40171,0.0,false,16.39,off,B
2026-03-09T05:00,6.159762,24.63905,0.0,false,15.992,off,B
2026-03-09T05:15,4.853792,19.41517,0.0,false,15.437,off,B
2026-03-09T05:30,5.524962,22.099848,0.0,false,16.591,off,B
2026-03-09T05:45,5.863611,23.454445,0.0,false,15.855,off,B
2026-03-09T06:00,15.040186,60.160746,15.67535,true,16.176,shift_1,B
2026-03-09T06:15,17.956151,71.824603,21.253803,true,16.276,shift_1,B
2026-03-09T06:30,17.933395,71.73358,22.200972,true,15.619,shift_1,B
2026-03-09T06:45,18.082066,72.328264,20.315916,true,15.475,shift_1,B
2026-03-09T07:00,18.065638,72.262551,22.91298,true,15.942,shift_1,B
2026-03-09T07:15,23.334698,93.338791,32.527514,true,15.25,shift_1,B
2026-03-09T07:30,17.368161,69.472642,19.456128,true,16.198,shift_1,B
2026-03-09T07:45,18.130669,72.522675,19.705235,true,15.146,shift_1,B
2026-03-09T08:00,23.000684,92.002737,32.598133,true,16.248,shift_1,B
2026-03-09T08:15,22.39065,89.562599,30.352883,true,15.055,shift_1,B
2026-03-09T08:30,16.141085,64.564338,17.163381,true,15.709,shift_1,B
2026-03-09T08:45,22.480969,89.923878,32.931965,true,16.655,shift_1,B
2026-03-09T09:00,24.413441,97.653765,34.640879,true,16.06,shift_1,B
2026-03-09T09:15,17.866435,71.465739,20.982995,true,15.684,shift_1,B
2026-03-09T09:30,19.934155,79.736618,25.191291,true,16.152,shift_1,B
2026-03-09T09:45,23.040096,92.160383,32.947854,true,15.802,shift_1,B
2026-03-09T10:00,22.028082,88.112328,30.045277,true,15.943,shift_1,B
2026-03-09T10:15,22.098848,88.395392,32.191392,true,16.613,shift_1,B
2026-03-09T10:30,21.655092,86.62037,29.843861,true,17.253,shift_1,B
2026-03-09T10:45,20.17949,80.717959,26.510741,true,16.287,shift_1,B
2026-03-09T11:00,20.10265,80.410602,26.05113,true,16.145,shift_1,B
2026-03-09T11:15,19.59826,78.393041,24.542453,true,16.232,shift_1,B
2026-03-09T11:30,19.022933,76.091733,24.395692,true,16.298,shift_1,B
2026-03-09T11:45,19.366066,77.464266,24.044138,true,16.39,shift_1,B
2026-03-09T12:00,18.566937,74.267748,22.498615,true,16.752,shift_1,B
2026-03-09T12:15,17.596041,70.384164,20.189927,true,17.031,shift_1,B
2026-03-09T12:30,20.917631,83.670524,28.121738,true,17.031,shift_1,B
2026-03-09T12:45,21.314509,85.258036,28.089394,true,16.711,shift_1,B
2026-03-09T13:00,16.714228,66.85691,18.872687,true,17.886,shift_1,B
2026-03-09T13:15,18.398862,73.595448,22.20506,true,17.297,shift_1,B
2026-03-09T13:30,17.190165,68.760659,18.307005,true,18.279,shift_1,B
2026-03-09T13:45,24.120409,96.481638,36.508408,true,16.878,shift_1,B
2026-03-09T14:00,17.831013,71.324051,19.281293,true,16.982,shift_2,B
2026-03-09T14:15,24.382852,97.531407,35.583206,true,18.564,shift_2,B
2026-03-09T14:30,18.032878,72.131512,20.603542,true,18.195,shift_2,B
2026-03-09T14:45,18.512153,74.048613,22.199484,true,18.473,shift_2,B
2026-03-09T15:00,22.597948,90.391793,33.098001,true,19.472,shift_2,B
2026-03-09T15:15,21.87073,87.482918,28.107346,true,19.75,shift_2,B
2026-03-09T15:30,21.576325,86.305301,28.464357,true,18.547,shift_2,B
2026-03-09T15:45,23.228212,92.912848,30.249895,true,18.906,shift_2,B
2026-03-09T16:00,18.536949,74.147798,21.872611,true,19.926,shift_2,B
2026-03-09T16:15,19.374001,77.496004,23.846505,true,19.577,shift_2,B
2026-03-09T16:30,22.708176,90.832702,31.196565,true,18.745,shift_2,B
2026-03-09T16:45,18.05346,72.213841,20.999813,true,19.639,shift_2,B
2026-03-09T17:00,20.653089,82.612355,26.754384,true,20.295,shift_2,B
2026-03-09T17:15,22.730772,90.923086,32.600552,true,20.433,shift_2,B
2026-03-09T17:30,23.625826,94.503302,34.195275,true,19.795,shift_2,B
2026-03-09T17:45,20.346344,81.385375,26.663271,true,19.825,shift_2,B
2026-03-09T18:00,20.455457,81.821828,24.935144,true,20.486,shift_2,B
2026-03-09T18:15,19.626851,78.507403,24.323504,true,20.535,shift_2,B
2026-03-09T18:30,21.566996,86.267984,29.710354,true,20.875,shift_2,B
2026-03-09T18:45,19.019614,76.078457,22.767074,true,19.554,shift_2,B
2026-03-09T19:00,18.925247,75.700988,22.708829,true,21.436,shift_2,B
2026-03-09T19:15,15.763736,63.054945,16.088317,true,19.911,shift_2,B
2026-03-09T19:30,22.047713,88.190853,31.107012,true,21.369,shift_2,B
2026-03-09T19:45,22.24436,88.977441,31.65535,true,19.755,shift_2,B
2026-03-09T20:00,19.523044,78.092175,23.94547,true,20.655,shift_2,B
2026-03-09T20:15,21.416396,85.665586,28.620594,true,21.109,shift_2,B
2026-03-09T20:30,18.132199,72.528797,22.87684,true,19.745,shift_2,B
2026-03-09T20:45,18.307467,73.229867,21.981765,true,20.543,shift_2,B
2026-03-09T21:00,21.661828,86.647313,28.723124,true,19.625,shift_2,B
2026-03-09T21:15,21.841165,87.364662,31.204662,true,19.973,shift_2,B
2026-03-09T21:30,22.318905,89.275621,30.864928,true,20.69,shift_2,B
2026-03-09T21:45,20.459648,81.838593,25.060498,true,20.399,shift_2,B
2026-03-09T22:00,5.925419,23.701676,0.0,false,20.316,off,B
2026-03-09T22:15,5.420672,21.68269,0.0,false,20.273,off,B
2026-03-09T22:30,5.478407,21.913627,0.0,false,19.928,off,B
2026-03-09T22:45,4.725361,18.901445,0.0,false,19.247,off,B
2026-03-09T23:00,6.074366,24.297464,0.0,false,19.071,off,B
2026-03-09T23:15,6.438805,25.755221,0.0,false,18.729,off,B
2026-03-09T23:30,6.30399,25.215961,0.0,false,19.613,off,B
2026-03-09T23:45,5.677733,22.710932,0.0,false,19.488,off,B
2026-03-10T00:00,5.532185,22.128739,0.0,false,19.498,off,A
2026-03-10T00:15,5.908099,23.632397,0.0,false,19.852,off,A
2026-03-10T00:30,6.289665,25.158658,0.0,false,19.906,off,A
2026-03-10T00:45,6.413602,25.654408,0.0,false,19.224,off,A
2026-03-10T01:00,6.112087,24.44835,0.0,false,18.631,off,A
2026-03-10T01:15,5.875491,23.501966,0.0,false,19.363,off,A
2026-03-10T01:30,5.847968,23.391871,0.0,false,18.402,off,A
2026-03-10T01:45,6.939804,27.759217,0.0,false,17.522,off,A
2026-03-10T02:00,5.673544,22.694175,0.0,false,18.825,off,A
2026-03-10T02:15,6.037793,24.15117,0.0,false,17.723,off,A
2026-03-10T02:30,6.167046,24.668184,0.0,false,18.447,off,A
2026-03-10T02:45,5.851571,23.406286,0.0,false,17.814,off,A
2026-03-10T03:00,5.759568,23.03827,0.0,false,17.073,off,A
2026-03-10T03:15,6.17789,24.71156,0.0,false,16.876,off,A
2026-03-10T03:30,5.851295,23.405181,0.0,false,17.048,off,A
2026-03-10T03:45,5.544455,22.177818,0.0,false,16.292,off,A
2026-03-10T04:00,6.337894,25.351576,0.0,false,16.811,off,A
2026-03-10T04:15,5.708871,22.835483,0.0,false,16.414,off,A
2026-03-10T04:30,5.897851,23.591403,0.0,false,16.514,off,A
2026-03-10T04:45,6.627832,26.51133,0.0,false,17.049,off,A
2026-03-10T05:00,6.005171,24.020686,0.0,false,16.79,off,A
2026-03-10T05:15,6.037189,24.148755,0.0,false,16.909,off,A
2026-03-10T05:30,5.338325,21.353298,0.0,false,16.045,off,A
2026-03-10T05:45,5.638684,22.554737,0.0,false,14.733,off,A
2026-03-10T06:00,16.142636,64.570544,19.482853,true,15.332,shift_1,A
2026-03-10T06:15,21.558807,86.235228,31.043592,true,15.861,shift_1,A
2026-03-10T06:30,20.387052,81.548206,31.024511,true,15.386,shift_1,A
2026-03-10T06:45,17.120157,68.480629,21.814138,true,15.701,shift_1,A
2026-03-10T07:00,18.455266,73.821066,26.400028,true,15.108,shift_1,A
2026-03-10T07:15,20.787507,83.150027,31.427408,true,15.909,shift_1,A
2026-03-10T07:30,19.719421,78.877682,26.894996,true,15.205,shift_1,A
2026-03-10T07:45,17.509178,70.036711,21.538793,true,16.586,shift_1,A
2026-03-10T08:00,22.085511,88.342044,34.072707,true,15.907,shift_1,A
2026-03-10T08:15,17.792115,71.168462,23.408303,true,15.532,shift_1,A
2026-03-10T08:30,14.940992,59.763966,14.160859,true,15.887,shift_1,A
2026-03-10T08:45,21.614163,86.456653,32.917678,true,15.943,shift_1,A
2026-03-10T09:00,19.527837,78.111349,26.481059,true,15.225,shift_1,A
2026-03-10T09:15,21.425136,85.700542,32.845232,true,16.32,shift_1,A
2026-03-10T09:30,18.837985,75.351939,25.087152,true,15.756,shift_1,A
2026-03-10T09:45,17.586511,70.346043,22.871031,true,15.501,shift_1,A
2026-03-10T10:00,15.804058,63.216231,19.239293,true,15.956,shift_1,A
2026-03-10T10:15,22.593501,90.374005,35.221754,true,15.892,shift_1,A
2026-03-10T10:30,16.215065,64.860258,19.844745,true,15.773,shift_1,A
2026-03-10T10:45,21.415544,85.662175,33.204342,true,16.809,shift_1,A
2026-03-10T11:00,16.691736,66.766945,21.273348,true,16.921,shift_1,A
2026-03-10T11:15,18.801291,75.205164,24.438183,true,16.987,shift_1,A
2026-03-10T11:30,20.445188,81.780751,28.578472,true,17.326,shift_1,A
2026-03-10T11:45,21.214245,84.856979,30.124228,true,17.666,shift_1,A
2026-03-10T12:00,18.000453,72.001814,22.839123,true,17.11,shift_1,A
2026-03-10T12:15,17.086161,68.344643,20.741206,true,17.572,shift_1,A
2026-03-10T12:30,21.321679,85.286717,32.427639,true,17.76,shift_1,A
2026-03-10T12:45,19.665772,78.663089,25.105382,true,17.112,shift_1,A
2026-03-10T13:00,15.958395,63.83358,17.034631,true,17.143,shift_1,A
2026-03-10T13:15,18.77585,75.103401,25.984177,true,16.91,shift_1,A
2026-03-10T13:30,17.823498,71.293993,21.786856,true,18.381,shift_1,A
2026-03-10T13:45,20.061802,80.247208,28.02215,true,17.581,shift_1,A
2026-03-10T14:00,21.385578,85.542311,31.497155,true,18.071,shift_2,A
2026-03-10T14:15,17.82903,71.316122,24.537799,true,18.124,shift_2,A
2026-03-10T14:30,18.163008,72.652033,22.784373,true,18.734,shift_2,A
2026-03-10T14:45,19.484996,77.939984,27.281666,true,18.442,shift_2,A
2026-03-10T15:00,17.886459,71.545838,23.352513,true,19.103,shift_2,A
2026-03-10T15:15,15.910735,63.642941,18.91457,true,18.495,shift_2,A
2026-03-10T15:30,21.210523,84.84209,31.148078,true,19.874,shift_2,A
2026-03-10T15:45,18.05547,72.221881,24.418462,true,19.14,shift_2,A
2026-03-10T16:00,18.510728,74.042913,27.156418,true,20.083,shift_2,A
2026-03-10T16:15,21.395401,85.581606,32.482803,true,19.363,shift_2,A
2026-03-10T16:30,18.931339,75.725356,27.226966,true,20.082,shift_2,A
2026-03-10T16:45,19.864215,79.456861,28.770305,true,19.829,shift_2,A
2026-03-10T17:00,22.635499,90.541996,34.075134,true,20.132,shift_2,A
2026-03-10T17:15,17.232824,68.931297,21.190486,true,20.515,shift_2,A
2026-03-10T17:30,18.968202,75.872808,26.827142,true,20.325,shift_2,A
2026-03-10T17:45,22.278756,89.115025,33.84964,true,20.269,shift_2,A
2026-03-10T18:00,17.404559,69.618235,21.742003,true,20.102,shift_2,A
2026-03-10T18:15,20.399095,81.596379,29.854231,true,20.502,shift_2,A
2026-03-10T18:30,21.111358,84.445432,32.069689,true,20.275,shift_2,A
2026-03-10T18:45,19.566371,78.265485,26.611629,true,20.617,shift_2,A
2026-03-10T19:00,18.430015,73.720059,22.738243,true,20.474,shift_2,A
2026-03-10T19:15,15.915993,63.663972,17.597116,true,19.969,shift_2,A
2026-03-10T19:30,18.487843,73.951374,26.229954,true,20.237,shift_2,A
2026-03-10T19:45,24.396907,97.587626,38.561236,true,21.053,shift_2,A
2026-03-10T20:00,22.6965,90.785999,35.63439,true,20.527,shift_2,A
2026-03-10T20:15,23.198652,92.794606,35.080326,true,19.938,shift_2,A
2026-03-10T20:30,18.094746,72.378984,23.912952,true,20.636,shift_2,A
2026-03-10T20:45,14.624827,58.499309,15.761436,true,21.013,shift_2,A
2026-03-10T21:00,20.331171,81.324683,29.17203,true,21.019,shift_2,A
2026-03-10T21:15,18.160101,72.640404,23.979061,true,20.519,shift_2,A
2026-03-10T21:30,19.068231,76.272925,24.626575,true,20.038,shift_2,A
2026-03-10T21:45,14.566253,58.265011,14.247495,true,21.067,shift_2,A
2026-03-10T22:00,6.206128,24.824511,0.0,false,20.115,off,A
2026-03-10T22:15,6.35078,25.40312,0.0,false,20.493,off,A
2026-03-10T22:30,5.391396,21.565582,0.0,false,20.436,off,A
2026-03-10T22:45,6.055313,24.221251,0.0,false,19.846,off,A
2026-03-10T23:00,6.610591,26.442366,0.0,false,19.502,off,A
2026-03-10T23:15,5.96819,23.872758,0.0,false,18.885,off,A
2026-03-10T23:30,6.132045,24.528179,0.0,false,19.131,off,A
2026-03-10T23:45,6.230003,24.920012,0.0,false,19.42,off,A
2026-03-11T00:00,6.016628,24.066512,0.0,false,18.993,off,A
2026-03-11T00:15,6.56195,26.247802,0.0,false,18.874,off,A
2026-03-11T00:30,5.56547,22.261881,0.0,false,18.85,off,A
2026-03-11T00:45,6.453915,25.815658,0.0,false,18.645,off,A
2026-03-11T01:00,5.846405,23.385619,0.0,false,19.714,off,A
2026-03-11T01:15,6.581254,26.325014,0.0,false,18.36,off,A
2026-03-11T01:30,5.842342,23.369366,0.0,false,18.287,off,A
2026-03-11T01:45,6.736718,26.94687,0.0,false,19.228,off,A
2026-03-11T02:00,5.449621,21.798485,0.0,false,19.305,off,A
2026-03-11T02:15,5.618613,22.47445,0.0,false,18.235,off,A
2026-03-11T02:30,6.198518,24.794073,0.0,false,17.737,off,A
2026-03-11T02:45,5.344894,21.379574,0.0,false,18.323,off,A
2026-03-11T03:00,6.203981,24.815923,0.0,false,18.417,off,A
2026-03-11T03:15,6.220999,24.883997,0.0,false,17.142,off,A
2026-03-11T03:30,5.782291,23.129163,0.0,false,17.022,off,A
2026-03-11T03:45,5.960899,23.843595,0.0,false,17.347,off,A
2026-03-11T04:00,5.439454,21.757816,0.0,false,17.69,off,A
2026-03-11T04:15,5.383261,21.533043,0.0,false,17.225,off,A
2026-03-11T04:30,5.907305,23.629221,0.0,false,16.803,off,A
2026-03-11T04:45,6.032548,24.130193,0.0,false,17.004,off,A
2026-03-11T05:00,6.077783,24.311132,0.0,false,16.759,off,A
2026-03-11T05:15,5.644019,22.576076,0.0,false,15.89,off,A
2026-03-11T05:30,6.190425,24.761698,0.0,false,16.308,off,A
2026-03-11T05:45,6.76134,27.045362,0.0,false,15.798,off,A
2026-03-11T06:00,16.881678,67.526712,23.15759,true,15.546,shift_1,A
2026-03-11T06:15,16.062311,64.249244,18.08664,true,15.112,shift_1,A
2026-03-11T06:30,13.65965,54.638601,11.758351,true,16.786,shift_1,A
2026-03-11T06:45,16.746173,66.984693,20.763388,true,16.367,shift_1,A
2026-03-11T07:00,17.692361,70.769446,22.287888,true,16.464,shift_1,A
2026-03-11T07:15,17.459676,69.838706,20.828267,true,15.79,shift_1,A
2026-03-11T07:30,17.440646,69.762585,22.181957,true,15.697,shift_1,A
2026-03-11T07:45,21.112262,84.449048,31.497754,true,15.954,shift_1,A
2026-03-11T08:00,17.276907,69.107629,23.104083,true,15.802,shift_1,A
2026-03-11T08:15,18.905094,75.620378,26.141562,true,15.454,shift_1,A
2026-03-11T08:30,20.394627,81.578507,28.082941,true,16.027,shift_1,A
2026-03-11T08:45,21.22514,84.90056,31.41549,true,16.496,shift_1,A
2026-03-11T09:00,20.891919,83.567677,30.144706,true,16.188,shift_1,A
2026-03-11T09:15,20.145476,80.581906,27.858149,true,15.84,shift_1,A
2026-03-11T09:30,22.375814,89.503254,34.6386,true,16.312,shift_1,A
2026-03-11T09:45,21.408551,85.634204,30.913334,true,15.98,shift_1,A
2026-03-11T10:00,19.149094,76.596378,27.830034,true,15.82,shift_1,A
2026-03-11T10:15,21.430541,85.722164,32.663455,true,16.358,shift_1,A
2026-03-11T10:30,22.394816,89.579264,35.401572,true,15.857,shift_1,A
2026-03-11T10:45,17.94831,71.793238,22.874659,true,16.85,shift_1,A
2026-03-11T11:00,15.924529,63.698115,18.405644,true,17.206,shift_1,A
2026-03-11T11:15,16.181033,64.724132,18.533152,true,17.166,shift_1,A
2026-03-11T11:30,17.976582,71.906328,21.982459,true,16.409,shift_1,A
2026-03-11T11:45,18.63734,74.549361,25.766322,true,16.433,shift_1,A
2026-03-11T12:00,18.561876,74.247504,25.033508,true,16.645,shift_1,A
2026-03-11T12:15,18.309646,73.238584,23.820382,true,17.185,shift_1,A
2026-03-11T12:30,17.778116,71.112463,22.13271,true,17.113,shift_1,A
2026-03-11T12:45,20.944157,83.77663,31.363887,true,16.608,shift_1,A
2026-03-11T13:00,17.866039,71.464158,21.920767,true,18.775,shift_1,A
2026-03-11T13:15,20.111694,80.446776,27.336567,true,17.51,shift_1,A
2026-03-11T13:30,17.248135,68.992539,21.260931,true,17.24,shift_1,A
2026-03-11T13:45,21.186504,84.746017,31.765622,true,17.002,shift_1,A
2026-03-11T14:00,15.135462,60.541849,16.952765,true,18.42,shift_2,A
2026-03-11T14:15,19.059063,76.23625,24.504807,true,17.996,shift_2,A
2026-03-11T14:30,19.200612,76.802447,27.085668,true,18.549,shift_2,A
2026-03-11T14:45,19.078679,76.314715,24.496473,true,18.045,shift_2,A
2026-03-11T15:00,17.441808,69.767233,22.455743,true,19.109,shift_2,A
2026-03-11T15:15,16.966379,67.865515,19.804134,true,18.853,shift_2,A
2026-03-11T15:30,16.541374,66.165495,18.758294,true,18.651,shift_2,A
2026-03-11T15:45,19.247961,76.991843,27.074502,true,19.066,shift_2,A
2026-03-11T16:00,18.230015,72.920059,23.677522,true,20.054,shift_2,A
2026-03-11T16:15,19.905583,79.622333,29.62311,true,19.967,shift_2,A
2026-03-11T16:30,17.633604,70.534415,21.627514,true,19.103,shift_2,A
2026-03-11T16:45,20.687296,82.749184,31.654618,true,20.338,shift_2,A
2026-03-11T17:00,20.252872,81.011487,28.67702,true,19.666,shift_2,A
2026-03-11T17:15,21.332861,85.331445,31.265279,true,20.246,shift_2,A
2026-03-11T17:30,18.272869,73.091474,24.648036,true,20.637,shift_2,A
2026-03-11T17:45,21.982372,87.929488,32.453966,true,20.176,shift_2,A
2026-03-11T18:00,18.578884,74.315536,25.361793,true,20.714,shift_2,A
2026-03-11T18:15,21.057149,84.228596,31.251352,true,20.132,shift_2,A
2026-03-11T18:30,22.940463,91.761853,35.295246,true,21.048,shift_2,A
2026-03-11T18:45,20.017492,80.069968,29.07914,true,20.336,shift_2,A
2026-03-11T19:00,15.901441,63.605763,17.824177,true,20.863,shift_2,A
2026-03-11T19:15,20.621259,82.485035,30.073988,true,20.557,shift_2,A
2026-03-11T19:30,19.358844,77.435377,24.51445,true,20.032,shift_2,A
2026-03-11T19:45,17.027815,68.111261,20.509017,true,20.307,shift_2,A
2026-03-11T20:00,18.613818,74.455273,24.054842,true,20.276,shift_2,A
2026-03-11T20:15,18.36965,73.4786,24.246839,true,21.487,shift_2,A
2026-03-11T20:30,18.542831,74.171324,24.916655,true,20.357,shift_2,A
2026-03-11T20:45,22.474039,89.896155,33.692544,true,20.268,shift_2,A
2026-03-11T21:00,12.014846,48.059383,7.194544,true,20.618,shift_2,A
2026-03-11T21:15,18.578747,74.31499,23.524894,true,20.23,shift_2,A
2026-03-11T21:30,17.625923,70.503692,20.711047,true,21.143,shift_2,A
2026-03-11T21:45,17.454538,69.818152,21.806768,true,19.536,shift_2,A
2026-03-11T22:00,6.614699,26.458796,0.0,false,21.23,off,A
2026-03-11T22:15,6.406802,25.627208,0.0,false,20.454,off,A
2026-03-11T22:30,5.251946,21.007784,0.0,false,20.032,off,A
2026-03-11T22:45,6.057255,24.22902,0.0,false,20.149,off,A
2026-03-11T23:00,6.58065,26.322598,0.0,false,20.353,off,A
2026-03-11T23:15,5.460672,21.842688,0.0,false,19.993,off,A
2026-03-11T23:30,5.905761,23.623045,0.0,false,19.323,off,A
2026-03-11T23:45,6.15102,24.604081,0.0,false,20.006,off,A
2026-03-12T00:00,6.180387,24.721546,0.0,false,18.799,off,B
2026-03-12T00:15,5.840378,23.361511,0.0,false,19.345,off,B
2026-03-12T00:30,5.930857,23.72343,0.0,false,18.975,off,B
2026-03-12T00:45,6.11592,24.463679,0.0,false,19.592,off,B
2026-03-12T01:00,6.155524,24.622096,0.0,false,18.579,off,B
2026-03-12T01:15,6.007302,24.029209,0.0,false,18.574,off,B
2026-03-12T01:30,6.060698,24.242792,0.0,false,18.87,off,B
2026-03-12T01:45,6.175831,24.703325,0.0,false,18.706,off,B
2026-03-12T02:00,6.330667,25.322667,0.0,false,18.467,off,B
2026-03-12T02:15,6.521207,26.084829,0.0,false,18.668,off,B
2026-03-12T02:30,5.687537,22.750147,0.0,false,17.773,off,B
2026-03-12T02:45,6.234059,24.936237,0.0,false,17.064,off,B
2026-03-12T03:00,6.292552,25.170209,0.0,false,18.267,off,B
2026-03-12T03:15,5.940648,23.76259,0.0,false,17.461,off,B
2026-03-12T03:30,6.378721,25.514885,0.0,false,17.699,off,B
2026-03-12T03:45,6.299183,25.196732,0.0,false,17.381,off,B
2026-03-12T04:00,6.557393,26.229571,0.0,false,17.6,off,B
2026-03-12T04:15,6.329158,25.316631,0.0,false,16.125,off,B
2026-03-12T04:30,5.343767,21.375069,0.0,false,16.148,off,B
2026-03-12T04:45,5.193092,20.772369,0.0,false,16.694,off,B
2026-03-12T05:00,6.649918,26.599674,0.0,false,16.727,off,B
2026-03-12T05:15,6.012895,24.051582,0.0,false,16.373,off,B
2026-03-12T05:30,5.937387,23.749548,0.0,false,15.808,off,B
2026-03-12T05:45,6.547004,26.188016,0.0,false,15.868,off,B
2026-03-12T06:00,17.977492,71.909969,19.259983,true,15.811,shift_1,B
2026-03-12T06:15,19.472819,77.891277,24.349749,true,15.39,shift_1,B
2026-03-12T06:30,18.051925,72.207698,20.024578,true,15.997,shift_1,B
2026-03-12T06:45,19.849658,79.398632,26.147976,true,16.144,shift_1,B
2026-03-12T07:00,18.86681,75.467241,22.578594,true,15.661,shift_1,B
2026-03-12T07:15,15.777388,63.109551,17.624798,true,15.875,shift_1,B
2026-03-12T07:30,21.999355,87.997421,28.531166,true,16.033,shift_1,B
2026-03-12T07:45,17.044517,68.178068,19.074468,true,16.468,shift_1,B
2026-03-12T08:00,24.45125,97.804999,35.731516,true,14.893,shift_1,B
2026-03-12T08:15,24.078582,96.314328,33.939447,true,14.834,shift_1,B
2026-03-12T08:30,17.617422,70.469687,19.30919,true,15.284,shift_1,B
2026-03-12T08:45,19.830104,79.320417,25.000524,true,16.541,shift_1,B
2026-03-12T09:00,18.817071,75.268285,21.964748,true,15.655,shift_1,B
2026-03-12T09:15,22.158637,88.634548,30.194562,true,15.927,shift_1,B
2026-03-12T09:30,23.232598,92.930391,33.105372,true,15.877,shift_1,B
2026-03-12T09:45,20.28315,81.132598,25.174589,true,16.372,shift_1,B
2026-03-12T10:00,21.539769,86.159077,26.494092,true,16.411,shift_1,B
2026-03-12T10:15,23.685358,94.741433,34.662917,true,16.393,shift_1,B
2026-03-12T10:30,22.653414,90.613655,30.358874,true,17.786,shift_1,B
2026-03-12T10:45,20.488557,81.954227,25.80879,true,16.168,shift_1,B
2026-03-12T11:00,24.038314,96.153256,33.271775,true,16.572,shift_1,B
2026-03-12T11:15,24.322598,97.290391,34.532973,true,16.872,shift_1,B
2026-03-12T11:30,20.276937,81.107749,25.604547,true,17.266,shift_1,B
2026-03-12T11:45,20.929087,83.716347,26.760822,true,16.8,shift_1,B
2026-03-12T12:00,23.765902,95.06361,33.10545,true,16.878,shift_1,B
2026-03-12T12:15,20.717686,82.870744,24.900515,true,16.898,shift_1,B
2026-03-12T12:30,16.974922,67.899687,18.498521,true,17.67,shift_1,B
2026-03-12T12:45,19.143161,76.572646,23.833199,true,17.191,shift_1,B
2026-03-12T13:00,20.227865,80.911458,27.109741,true,17.623,shift_1,B
2026-03-12T13:15,17.814521,71.258085,19.415692,true,17.054,shift_1,B
2026-03-12T13:30,17.410317,69.641268,20.410287,true,18.557,shift_1,B
2026-03-12T13:45,19.373267,77.493069,23.304435,true,18.884,shift_1,B
2026-03-12T14:00,21.032839,84.131356,26.563513,true,17.566,shift_2,B
2026-03-12T14:15,18.447277,73.789107,21.217091,true,18.428,shift_2,B
2026-03-12T14:30,22.642635,90.570542,29.79108,true,18.61,shift_2,B
2026-03-12T14:45,20.069405,80.27762,24.233678,true,19.348,shift_2,B
2026-03-12T15:00,21.618612,86.474448,28.601861,true,19.406,shift_2,B
2026-03-12T15:15,19.293341,77.173366,23.444637,true,18.187,shift_2,B
2026-03-12T15:30,21.047652,84.19061,27.038688,true,20.312,shift_2,B
2026-03-12T15:45,22.234379,88.937514,29.666735,true,18.763,shift_2,B
2026-03-12T16:00,19.729434,78.917736,23.836458,true,19.538,shift_2,B
2026-03-12T16:15,17.977793,71.911173,20.607777,true,20.171,shift_2,B
2026-03-12T16:30,17.579871,70.319485,19.912623,true,20.076,shift_2,B
2026-03-12T16:45,24.424118,97.696473,34.98542,true,20.01,shift_2,B
2026-03-12T17:00,20.39163,81.566521,26.211102,true,20.808,shift_2,B
2026-03-12T17:15,23.611267,94.445069,33.027246,true,20.225,shift_2,B
2026-03-12T17:30,23.72385,94.895401,33.487177,true,20.266,shift_2,B
2026-03-12T17:45,25.811329,103.245316,37.692178,true,20.551,shift_2,B
2026-03-12T18:00,23.310057,93.240229,32.791082,true,20.04,shift_2,B
2026-03-12T18:15,21.653205,86.61282,29.017361,true,20.929,shift_2,B
2026-03-12T18:30,20.652146,82.608586,26.847683,true,20.548,shift_2,B
2026-03-12T18:45,18.565643,74.262574,21.722594,true,20.511,shift_2,B
2026-03-12T19:00,22.644213,90.576851,31.626281,true,20.361,shift_2,B
2026-03-12T19:15,22.194461,88.777846,29.645392,true,20.886,shift_2,B
2026-03-12T19:30,20.623069,82.492274,26.910357,true,21.081,shift_2,B
2026-03-12T19:45,21.66271,86.650838,27.962991,true,19.873,shift_2,B
2026-03-12T20:00,16.007391,64.029565,15.924409,true,21.264,shift_2,B
2026-03-12T20:15,18.567453,74.269812,20.973938,true,20.907,shift_2,B
2026-03-12T20:30,19.027423,76.109694,23.387083,true,20.839,shift_2,B
2026-03-12T20:45,21.089588,84.358353,28.60908,true,20.411,shift_2,B
2026-03-12T21:00,20.383545,81.53418,24.728946,true,20.559,shift_2,B
2026-03-12T21:15,18.276555,73.10622,20.421261,true,20.573,shift_2,B
2026-03-12T21:30,22.196505,88.786022,29.917074,true,20.257,shift_2,B
2026-03-12T21:45,22.457437,89.829746,30.289591,true,19.622,shift_2,B
2026-03-12T22:00,6.066802,24.267206,0.0,false,20.306,off,B
2026-03-12T22:15,6.33314,25.332559,0.0,false,20.347,off,B
2026-03-12T22:30,5.754449,23.017796,0.0,false,19.881,off,B
2026-03-12T22:45,5.935363,23.741454,0.0,false,19.003,off,B
2026-03-12T23:00,6.591002,26.364008,0.0,false,20.759,off,B
2026-03-12T23:15,5.40749,21.629958,0.0,false,19.964,off,B
2026-03-12T23:30,5.965346,23.861384,0.0,false,19.523,off,B
2026-03-12T23:45,6.21127,24.845081,0.0,false,20.037,off,B
2026-03-13T00:00,6.197668,24.790673,0.0,false,19.776,off,A
2026-03-13T00:15,6.086188,24.344751,0.0,false,19.479,off,A
2026-03-13T00:30,5.899809,23.599237,0.0,false,18.845,off,A
2026-03-13T00:45,5.888845,23.555379,0.0,false,19.295,off,A
2026-03-13T01:00,5.553516,22.214066,0.0,false,19.437,off,A
2026-03-13T01:15,6.032784,24.131136,0.0,false,19.282,off,A
2026-03-13T01:30,5.45798,21.83192,0.0,false,17.48,off,A
2026-03-13T01:45,5.764495,23.057981,0.0,false,18.041,off,A
2026-03-13T02:00,6.715152,26.860608,0.0,false,18.554,off,A
2026-03-13T02:15,5.536139,22.144558,0.0,false,17.815,off,A
2026-03-13T02:30,6.554385,26.21754,0.0,false,17.545,off,A
2026-03-13T02:45,6.608285,26.433139,0.0,false,17.718,off,A
2026-03-13T03:00,6.336222,25.34489,0.0,false,17.526,off,A
2026-03-13T03:15,6.534966,26.139866,0.0,false,17.625,off,A
2026-03-13T03:30,6.353469,25.413875,0.0,false,17.93,off,A
2026-03-13T03:45,6.505687,26.022746,0.0,false,17.199,off,A
2026-03-13T04:00,6.530247,26.120989,0.0,false,17.294,off,A
2026-03-13T04:15,6.814381,27.257525,0.0,false,17.287,off,A
2026-03-13T04:30,6.096327,24.385309,0.0,false,17.548,off,A
2026-03-13T04:45,5.922143,23.688573,0.0,false,16.147,off,A
2026-03-13T05:00,5.527559,22.110237,0.0,false,17.978,off,A
2026-03-13T05:15,6.244727,24.97891,0.0,false,16.381,off,A
2026-03-13T05:30,5.368571,21.474284,0.0,false,16.095,off,A
2026-03-13T05:45,6.589659,26.358634,0.0,false,16.533,off,A
2026-03-13T06:00,18.723121,74.892484,23.368604,true,16.909,shift_1,A
2026-03-13T06:15,14.868339,59.473354,14.747442,true,16.192,shift_1,A
2026-03-13T06:30,18.371824,73.487294,23.305244,true,15.735,shift_1,A
2026-03-13T06:45,20.690401,82.761606,28.298961,true,16.064,shift_1,A
2026-03-13T07:00,19.209178,76.836713,26.075417,true,16.815,shift_1,A
2026-03-13T07:15,22.589563,90.358252,35.495537,true,15.729,shift_1,A
2026-03-13T07:30,17.851817,71.407266,22.101165,true,16.704,shift_1,A
2026-03-13T07:45,18.643927,74.575708,25.632075,true,16.603,shift_1,A
2026-03-13T08:00,17.115532,68.462127,20.129834,true,14.984,shift_1,A
2026-03-13T08:15,20.192961,80.771843,27.87966,true,15.311,shift_1,A
2026-03-13T08:30,18.813984,75.255937,24.871904,true,17.13,shift_1,A
2026-03-13T08:45,15.504005,62.01602,18.072341,true,15.273,shift_1,A
2026-03-13T09:00,19.18249,76.729961,24.860263,true,16.463,shift_1,A
2026-03-13T09:15,24.183917,96.735667,39.005076,true,15.079,shift_1,A
2026-03-13T09:30,19.47628,77.905121,25.294417,true,16.367,shift_1,A
2026-03-13T09:45,16.548663,66.194652,18.218782,true,16.743,shift_1,A
2026-03-13T10:00,22.416877,89.667507,32.795857,true,15.806,shift_1,A
2026-03-13T10:15,18.138417,72.55367,22.507361,true,15.976,shift_1,A
2026-03-13T10:30,20.517877,82.071508,28.212384,true,16.288,shift_1,A
2026-03-13T10:45,20.077815,80.311259,27.637078,true,17.27,shift_1,A
2026-03-13T11:00,20.883083,83.532331,28.380771,true,16.015,shift_1,A
2026-03-13T11:15,20.478862,81.915449,29.831061,true,17.227,shift_1,A
2026-03-13T11:30,21.445523,85.782091,30.225905,true,17.399,shift_1,A
2026-03-13T11:45,20.580297,82.321188,28.937346,true,17.346,shift_1,A
2026-03-13T12:00,16.892,67.567998,21.261893,true,17.672,shift_1,A
2026-03-13T12:15,17.27644,69.105761,21.346951,true,16.76,shift_1,A
2026-03-13T12:30,18.330516,73.322063,23.581621,true,17.62,shift_1,A
2026-03-13T12:45,21.377162,85.508648,31.824403,true,17.045,shift_1,A
2026-03-13T13:00,16.533661,66.134645,18.494271,true,18.121,shift_1,A
2026-03-13T13:15,17.288718,69.154872,19.439944,true,17.9,shift_1,A
2026-03-13T13:30,22.111729,88.446915,32.905218,true,17.968,shift_1,A
2026-03-13T13:45,18.281595,73.12638,23.043314,true,17.67,shift_1,A
2026-03-13T14:00,17.033198,68.132794,19.690628,true,18.921,shift_2,A
2026-03-13T14:15,20.496248,81.984991,29.977611,true,18.872,shift_2,A
2026-03-13T14:30,17.830458,71.321832,22.468677,true,18.248,shift_2,A
2026-03-13T14:45,20.763991,83.055963,30.25587,true,18.995,shift_2,A
2026-03-13T15:00,16.407365,65.62946,18.851351,true,19.453,shift_2,A
2026-03-13T15:15,15.682623,62.730491,18.218809,true,18.9,shift_2,A
2026-03-13T15:30,17.57004,70.280162,21.725335,true,19.995,shift_2,A
2026-03-13T15:45,18.314808,73.259234,22.778217,true,20.119,shift_2,A
2026-03-13T16:00,22.42922,89.716879,32.848545,true,19.528,shift_2,A
2026-03-13T16:15,19.364338,77.457353,25.706742,true,19.819,shift_2,A
2026-03-13T16:30,20.099045,80.396182,27.26369,true,20.503,shift_2,A
2026-03-13T16:45,21.579442,86.317769,31.810184,true,20.156,shift_2,A
2026-03-13T17:00,15.915289,63.661156,18.146104,true,20.169,shift_2,A
2026-03-13T17:15,22.069129,88.276514,31.905937,true,20.568,shift_2,A
2026-03-13T17:30,18.648348,74.593391,23.97122,true,19.536,shift_2,A
2026-03-13T17:45,17.984202,71.93681,22.261783,true,21.029,shift_2,A
2026-03-13T18:00,17.7341,70.936401,21.311253,true,19.73,shift_2,A
2026-03-13T18:15,14.581844,58.327376,12.891243,true,20.878,shift_2,A
2026-03-13T18:30,17.735777,70.94311,22.495315,true,20.661,shift_2,A
2026-03-13T18:45,19.502629,78.010517,26.435633,true,20.468,shift_2,A
2026-03-13T19:00,21.57352,86.294081,30.775428,true,20.65,shift_2,A
2026-03-13T19:15,19.3287,77.314802,27.493023,true,20.211,shift_2,A
2026-03-13T19:30,21.655793,86.623171,33.337176,true,20.295,shift_2,A
2026-03-13T19:45,23.496399,93.985597,36.565635,true,20.298,shift_2,A
2026-03-13T20:00,18.738617,74.954467,23.668402,true,20.789,shift_2,A
2026-03-13T20:15,20.655378,82.621512,29.197285,true,21.613,shift_2,A
2026-03-13T20:30,19.138091,76.552365,25.025931,true,20.969,shift_2,A
2026-03-13T20:45,20.809497,83.237988,28.571901,true,21.431,shift_2,A
2026-03-13T21:00,19.016902,76.06761,23.60668,true,20.807,shift_2,A
2026-03-13T21:15,19.02379,76.095159,23.517403,true,21.648,shift_2,A
2026-03-13T21:30,19.836459,79.345834,26.112716,true,20.81,shift_2,A
2026-03-13T21:45,20.017768,80.071073,27.172464,true,20.835,shift_2,A
2026-03-13T22:00,6.468163,25.872654,0.0,false,20.478,off,A
2026-03-13T22:15,6.126422,24.505688,0.0,false,19.958,off,A
2026-03-13T22:30,6.745737,26.982947,0.0,false,21.099,off,A
2026-03-13T22:45,6.381888,25.527553,0.0,false,19.126,off,A
2026-03-13T23:00,5.624534,22.498135,0.0,false,20.096,off,A
2026-03-13T23:15,6.563778,26.255112,0.0,false,20.261,off,A
2026-03-13T23:30,6.138731,24.554925,0.0,false,19.052,off,A
2026-03-13T23:45,5.931106,23.724423,0.0,false,19.302,off,A
2026-03-14T00:00,6.202276,24.809103,0.0,false,20.441,off,A
2026-03-14T00:15,5.969505,23.878022,0.0,false,19.89,off,A
2026-03-14T00:30,6.245034,24.980135,0.0,false,19.155,off,A
2026-03-14T00:45,6.45563,25.822518,0.0,false,19.565,off,A
2026-03-14T01:00,6.164838,24.659351,0.0,false,17.433,off,A
2026-03-14T01:15,5.560669,22.242678,0.0,false,19.122,off,A
2026-03-14T01:30,5.681781,22.727124,0.0,false,17.934,off,A
2026-03-14T01:45,5.614504,22.458015,0.0,false,17.727,off,A
2026-03-14T02:00,6.15078,24.603121,0.0,false,17.749,off,A
2026-03-14T02:15,6.136603,24.546412,0.0,false,17.371,off,A
2026-03-14T02:30,7.398389,29.593556,0.0,false,18.095,off,A
2026-03-14T02:45,6.649545,26.598179,0.0,false,17.374,off,A
2026-03-14T03:00,6.650499,26.601996,0.0,false,16.692,off,A
2026-03-14T03:15,6.548661,26.194642,0.0,false,17.291,off,A
2026-03-14T03:30,6.205797,24.82319,0.0,false,17.626,off,A
2026-03-14T03:45,6.578129,26.312517,0.0,false,17.098,off,A
2026-03-14T04:00,6.857923,27.431692,0.0,false,16.877,off,A
2026-03-14T04:15,6.671092,26.684367,0.0,false,17.553,off,A
2026-03-14T04:30,5.724371,22.897484,0.0,false,16.76,off,A
2026-03-14T04:45,6.539325,26.1573,0.0,false,17.476,off,A
2026-03-14T05:00,6.373598,25.494393,0.0,false,16.176,off,A
2026-03-14T05:15,5.951324,23.805297,0.0,false,16.373,off,A
2026-03-14T05:30,5.972983,23.891932,0.0,false,16.271,off,A
2026-03-14T05:45,6.393227,25.572906,0.0,false,16.517,off,A
2026-03-14T06:00,6.194611,24.778446,0.0,false,16.174,shift_1,A
2026-03-14T06:15,5.894399,23.577596,0.0,false,16.478,shift_1,A
2026-03-14T06:30,5.607447,22.429787,0.0,false,16.224,shift_1,A
2026-03-14T06:45,6.663137,26.652548,0.0,false,16.161,shift_1,A
2026-03-14T07:00,6.663465,26.653862,0.0,false,15.332,shift_1,A
2026-03-14T07:15,6.671934,26.687737,0.0,false,16.384,shift_1,A
2026-03-14T07:30,6.716594,26.866377,0.0,false,15.904,shift_1,A
2026-03-14T07:45,6.490712,25.962849,0.0,false,16.459,shift_1,A
2026-03-14T08:00,6.4966,25.986399,0.0,false,16.552,shift_1,A
2026-03-14T08:15,6.058786,24.235146,0.0,false,15.672,shift_1,A
2026-03-14T08:30,6.706113,26.82445,0.0,false,16.338,shift_1,A
2026-03-14T08:45,6.214954,24.859815,0.0,false,15.686,shift_1,A
2026-03-14T09:00,6.711889,26.847557,0.0,false,15.867,shift_1,A
2026-03-14T09:15,6.904611,27.618446,0.0,false,15.337,shift_1,A
2026-03-14T09:30,5.698797,22.79519,0.0,false,16.285,shift_1,A
2026-03-14T09:45,6.19144,24.76576,0.0,false,15.67,shift_1,A
2026-03-14T10:00,6.343676,25.374705,0.0,false,16.087,shift_1,A
2026-03-14T10:15,6.040219,24.160875,0.0,false,16.429,shift_1,A
2026-03-14T10:30,6.407453,25.62981,0.0,false,17.31,shift_1,A
2026-03-14T10:45,6.734462,26.937848,0.0,false,16.337,shift_1,A
2026-03-14T11:00,6.852256,27.409024,0.0,false,16.092,shift_1,A
2026-03-14T11:15,7.060345,28.241378,0.0,false,16.199,shift_1,A
2026-03-14T11:30,6.04562,24.182479,0.0,false,16.103,shift_1,A
2026-03-14T11:45,6.676109,26.704436,0.0,false,16.866,shift_1,A
2026-03-14T12:00,7.035635,28.142542,0.0,false,17.322,shift_1,A
2026-03-14T12:15,6.259965,25.039859,0.0,false,17.348,shift_1,A
2026-03-14T12:30,6.930105,27.72042,0.0,false,18.127,shift_1,A
2026-03-14T12:45,6.876848,27.507391,0.0,false,16.998,shift_1,A
2026-03-14T13:00,5.862292,23.44917,0.0,false,18.387,shift_1,A
2026-03-14T13:15,6.152755,24.61102,0.0,false,18.119,shift_1,A
2026-03-14T13:30,6.659844,26.639377,0.0,false,17.409,shift_1,A
2026-03-14T13:45,6.491541,25.966163,0.0,false,18.723,shift_1,A
2026-03-14T14:00,6.831421,27.325683,0.0,false,18.068,shift_2,A
2026-03-14T14:15,6.491109,25.964434,0.0,false,18.598,shift_2,A
2026-03-14T14:30,5.796215,23.184862,0.0,false,18.484,shift_2,A
2026-03-14T14:45,6.578836,26.315344,0.0,false,19.072,shift_2,A
2026-03-14T15:00,6.659875,26.639499,0.0,false,19.249,shift_2,A
2026-03-14T15:15,6.215102,24.860409,0.0,false,20.087,shift_2,A
2026-03-14T15:30,6.724749,26.898996,0.0,false,18.44,shift_2,A
2026-03-14T15:45,5.940071,23.760283,0.0,false,19.323,shift_2,A
2026-03-14T16:00,6.761818,27.047271,0.0,false,18.971,shift_2,A
2026-03-14T16:15,6.107887,24.431549,0.0,false,19.425,shift_2,A
2026-03-14T16:30,6.551987,26.207947,0.0,false,20.183,shift_2,A
2026-03-14T16:45,6.192729,24.770917,0.0,false,20.003,shift_2,A
2026-03-14T17:00,7.140534,28.562134,0.0,false,19.248,shift_2,A
2026-03-14T17:15,6.350725,25.402899,0.0,false,19.04,shift_2,A
2026-03-14T17:30,6.27235,25.0894,0.0,false,19.806,shift_2,A
2026-03-14T17:45,6.527281,26.109122,0.0,false,20.357,shift_2,A
2026-03-14T18:00,5.379736,21.518945,0.0,false,20.669,shift_2,A
2026-03-14T18:15,6.632187,26.528749,0.0,false,21.219,shift_2,A
2026-03-14T18:30,6.375054,25.500216,0.0,false,20.223,shift_2,A
2026-03-14T18:45,5.248625,20.9945,0.0,false,20.404,shift_2,A
2026-03-14T19:00,7.234377,28.937507,0.0,false,21.535,shift_2,A
2026-03-14T19:15,7.062576,28.250304,0.0,false,21.178,shift_2,A
2026-03-14T19:30,6.470659,25.882638,0.0,false,21.397,shift_2,A
2026-03-14T19:45,6.479662,25.918647,0.0,false,20.926,shift_2,A
2026-03-14T20:00,6.16162,24.64648,0.0,false,21.087,shift_2,A
2026-03-14T20:15,6.617848,26.471391,0.0,false,21.419,shift_2,A
2026-03-14T20:30,6.775738,27.102953,0.0,false,20.866,shift_2,A
2026-03-14T20:45,6.403693,25.614773,0.0,false,20.94,shift_2,A
2026-03-14T21:00,5.61702,22.468082,0.0,false,20.69,shift_2,A
2026-03-14T21:15,6.788116,27.152462,0.0,false,21.359,shift_2,A
2026-03-14T21:30,7.205112,28.820447,0.0,false,20.834,shift_2,A
2026-03-14T21:45,6.481168,25.924671,0.0,false,20.298,shift_2,A
2026-03-14T22:00,6.866405,27.46562,0.0,false,20.2,off,A
2026-03-14T22:15,6.832056,27.328226,0.0,false,19.861,off,A
2026-03-14T22:30,6.720498,26.881993,0.0,false,21.003,off,A
2026-03-14T22:45,6.475061,25.900242,0.0,false,20.993,off,A
2026-03-14T23:00,6.626526,26.506105,0.0,false,19.915,off,A
2026-03-14T23:15,6.366496,25.465983,0.0,false,19.632,off,A
2026-03-14T23:30,6.823772,27.295087,0.0,false,20.39,off,A
2026-03-14T23:45,5.925652,23.702609,0.0,false,19.806,off,A
2026-03-15T00:00,6.151114,24.604457,0.0,false,20.075,off,B
2026-03-15T00:15,5.421979,21.687916,0.0,false,19.606,off,B
2026-03-15T00:30,6.604715,26.418859,0.0,false,20.156,off,B
2026-03-15T00:45,6.550033,26.20013,0.0,false,18.9,off,B
2026-03-15T01:00,6.83433,27.337319,0.0,false,18.64,off,B
2026-03-15T01:15,6.595798,26.383192,0.0,false,18.821,off,B
2026-03-15T01:30,7.18446,28.737841,0.0,false,19.146,off,B
2026-03-15T01:45,7.026869,28.107478,0.0,false,19.565,off,B
2026-03-15T02:00,6.929136,27.716542,0.0,false,18.929,off,B
2026-03-15T02:15,6.631636,26.526544,0.0,false,17.508,off,B
2026-03-15T02:30,5.979091,23.916364,0.0,false,17.542,off,B
2026-03-15T02:45,6.324807,25.299227,0.0,false,18.743,off,B
2026-03-15T03:00,5.906339,23.625357,0.0,false,17.168,off,B
2026-03-15T03:15,6.631955,26.527822,0.0,false,18.141,off,B
2026-03-15T03:30,5.742112,22.968447,0.0,false,17.65,off,B
2026-03-15T03:45,6.748706,26.994826,0.0,false,17.395,off,B
2026-03-15T04:00,5.90517,23.620679,0.0,false,16.713,off,B
2026-03-15T04:15,6.424429,25.697715,0.0,false,16.968,off,B
2026-03-15T04:30,6.042456,24.169822,0.0,false,17.389,off,B
2026-03-15T04:45,6.587343,26.349373,0.0,false,16.612,off,B
2026-03-15T05:00,6.621231,26.484925,0.0,false,17.223,off,B
2026-03-15T05:15,5.852956,23.411822,0.0,false,16.44,off,B
2026-03-15T05:30,6.711658,26.846632,0.0,false,17.397,off,B
2026-03-15T05:45,6.177995,24.711981,0.0,false,16.016,off,B
2026-03-15T06:00,6.541731,26.166922,0.0,false,16.32,shift_1,B
2026-03-15T06:15,6.925723,27.702893,0.0,false,15.902,shift_1,B
2026-03-15T06:30,6.540588,26.162352,0.0,false,16.842,shift_1,B
2026-03-15T06:45,6.149647,24.59859,0.0,false,16.211,shift_1,B
2026-03-15T07:00,5.964972,23.859889,0.0,false,15.953,shift_1,B
2026-03-15T07:15,6.871984,27.487936,0.0,false,16.459,shift_1,B
2026-03-15T07:30,7.200898,28.803592,0.0,false,16.128,shift_1,B
2026-03-15T07:45,6.390385,25.561541,0.0,false,16.044,shift_1,B
2026-03-15T08:00,5.811708,23.246831,0.0,false,16.607,shift_1,B
2026-03-15T08:15,5.79601,23.184041,0.0,false,16.181,shift_1,B
2026-03-15T08:30,6.37694,25.50776,0.0,false,15.214,shift_1,B
2026-03-15T08:45,6.711405,26.84562,0.0,false,15.579,shift_1,B
2026-03-15T09:00,7.282545,29.130181,0.0,false,15.82,shift_1,B
2026-03-15T09:15,6.130881,24.523525,0.0,false,16.367,shift_1,B
2026-03-15T09:30,6.710046,26.840185,0.0,false,16.352,shift_1,B
2026-03-15T09:45,5.942293,23.769171,0.0,false,17.321,shift_1,B
2026-03-15T10:00,6.862999,27.451997,0.0,false,16.278,shift_1,B
2026-03-15T10:15,6.198492,24.79397,0.0,false,16.561,shift_1,B
2026-03-15T10:30,6.360891,25.443563,0.0,false,16.036,shift_1,B
2026-03-15T10:45,6.663654,26.654615,0.0,false,17.224,shift_1,B
2026-03-15T11:00,7.057462,28.229847,0.0,false,16.873,shift_1,B
2026-03-15T11:15,6.423934,25.695735,0.0,false,16.75,shift_1,B
2026-03-15T11:30,5.829572,23.318286,0.0,false,16.633,shift_1,B
2026-03-15T11:45,5.883382,23.533527,0.0,false,17.325,shift_1,B
2026-03-15T12:00,6.987489,27.949956,0.0,false,17.27,shift_1,B
2026-03-15T12:15,6.803576,27.214303,0.0,false,17.709,shift_1,B
2026-03-15T12:30,6.443435,25.773741,0.0,false,16.79,shift_1,B
2026-03-15T12:45,5.989437,23.95775,0.0,false,18.252,shift_1,B
2026-03-15T13:00,5.965425,23.861701,0.0,false,18.05,shift_1,B
2026-03-15T13:15,6.694747,26.778988,0.0,false,17.401,shift_1,B
2026-03-15T13:30,6.43514,25.740558,0.0,false,17.867,shift_1,B
2026-03-15T13:45,6.057112,24.228447,0.0,false,18.898,shift_1,B
2026-03-15T14:00,6.930395,27.721581,0.0,false,19.947,shift_2,B
2026-03-15T14:15,6.942758,27.771034,0.0,false,18.386,shift_2,B
2026-03-15T14:30,6.799096,27.196383,0.0,false,19.192,shift_2,B
2026-03-15T14:45,6.893397,27.573589,0.0,false,18.887,shift_2,B
2026-03-15T15:00,6.75837,27.033481,0.0,false,19.445,shift_2,B
2026-03-15T15:15,6.502854,26.011414,0.0,false,19.496,shift_2,B
2026-03-15T15:30,5.929148,23.716591,0.0,false,19.349,shift_2,B
2026-03-15T15:45,6.073667,24.294669,0.0,false,19.58,shift_2,B
2026-03-15T16:00,6.782447,27.129787,0.0,false,19.725,shift_2,B
2026-03-15T16:15,6.1553,24.621201,0.0,false,20.65,shift_2,B
2026-03-15T16:30,6.037793,24.151174,0.0,false,19.606,shift_2,B
2026-03-15T16:45,6.776144,27.104577,0.0,false,20.321,shift_2,B
2026-03-15T17:00,6.399968,25.599873,0.0,false,20.037,shift_2,B
2026-03-15T17:15,6.610292,26.441167,0.0,false,21.798,shift_2,B
2026-03-15T17:30,6.101988,24.407952,0.0,false,20.148,shift_2,B
2026-03-15T17:45,6.93699,27.747958,0.0,false,19.844,shift_2,B
2026-03-15T18:00,6.515174,26.060697,0.0,false,21.253,shift_2,B
2026-03-15T18:15,6.657515,26.630059,0.0,false,21.324,shift_2,B
2026-03-15T18:30,6.576146,26.304586,0.0,false,20.633,shift_2,B
2026-03-15T18:45,6.050171,24.200684,0.0,false,19.848,shift_2,B
2026-03-15T19:00,6.834783,27.33913,0.0,false,21.022,shift_2,B
2026-03-15T19:15,6.586347,26.345387,0.0,false,20.969,shift_2,B
2026-03-15T19:30,7.504344,30.017378,0.0,false,21.092,shift_2,B
2026-03-15T19:45,6.849345,27.397378,0.0,false,21.739,shift_2,B
2026-03-15T20:00,6.865086,27.460344,0.0,false,20.58,shift_2,B
2026-03-15T20:15,7.378577,29.514306,0.0,false,21.801,shift_2,B
2026-03-15T20:30,6.501907,26.007629,0.0,false,20.255,shift_2,B
2026-03-15T20:45,6.146667,24.586667,0.0,false,20.631,shift_2,B
2026-03-15T21:00,6.242842,24.971366,0.0,false,21.081,shift_2,B
2026-03-15T21:15,6.666583,26.666333,0.0,false,20.792,shift_2,B
2026-03-15T21:30,6.85935,27.4374,0.0,false,21.154,shift_2,B
2026-03-15T21:45,7.020815,28.083261,0.0,false,20.102,shift_2,B
2026-03-15T22:00,7.42443,29.69772,0.0,false,20.378,off,B
2026-03-15T22:15,7.10653,28.426121,0.0,false,20.619,off,B
2026-03-15T22:30,6.437882,25.751527,0.0,false,21.118,off,B
2026-03-15T22:45,6.404006,25.616025,0.0,false,20.228,off,B
2026-03-15T23:00,6.504227,26.016907,0.0,false,20.094,off,B
2026-03-15T23:15,6.542543,26.170172,0.0,false,19.61,off,B
2026-03-15T23:30,5.711959,22.847836,0.0,false,20.01,off,B
2026-03-15T23:45,6.294376,25.177504,0.0,false,19.663,off,B
2026-03-16T00:00,7.247391,28.989564,0.0,false,19.434,off,A
2026-03-16T00:15,6.101392,24.405568,0.0,false,18.854,off,A
2026-03-16T00:30,6.398878,25.595513,0.0,false,19.54,off,A
2026-03-16T00:45,7.156382,28.625528,0.0,false,19.627,off,A
2026-03-16T01:00,6.609399,26.437597,0.0,false,20.141,off,A
2026-03-16T01:15,6.648838,26.595353,0.0,false,18.776,off,A
2026-03-16T01:30,7.042228,28.168914,0.0,false,18.247,off,A
2026-03-16T01:45,6.163827,24.655308,0.0,false,19.871,off,A
2026-03-16T02:00,6.282227,25.128907,0.0,false,18.094,off,A
2026-03-16T02:15,6.545248,26.180993,0.0,false,18.475,off,A
2026-03-16T02:30,6.113406,24.453623,0.0,false,18.024,off,A
2026-03-16T02:45,6.409065,25.636259,0.0,false,18.794,off,A
2026-03-16T03:00,6.595153,26.380613,0.0,false,17.709,off,A
2026-03-16T03:15,6.560811,26.243242,0.0,false,18.466,off,A
2026-03-16T03:30,6.345005,25.380021,0.0,false,17.957,off,A
2026-03-16T03:45,6.605656,26.422625,0.0,false,17.63,off,A
2026-03-16T04:00,5.454021,21.816084,0.0,false,18.151,off,A
2026-03-16T04:15,6.839358,27.357432,0.0,false,17.225,off,A
2026-03-16T04:30,6.051656,24.206622,0.0,false,17.25,off,A
2026-03-16T04:45,6.845855,27.38342,0.0,false,17.458,off,A
2026-03-16T05:00,6.270071,25.080286,0.0,false,17.373,off,A
2026-03-16T05:15,6.075984,24.303935,0.0,false,16.749,off,A
2026-03-16T05:30,6.512976,26.051906,0.0,false,16.48,off,A
2026-03-16T05:45,5.855023,23.420092,0.0,false,16.593,off,A
2026-03-16T06:00,22.768305,91.07322,26.607456,true,15.815,shift_1,A
2026-03-16T06:15,18.233447,72.933789,17.636278,true,16.573,shift_1,A
2026-03-16T06:30,19.99695,79.987799,22.037396,true,16.028,shift_1,A
2026-03-16T06:45,18.508966,74.035864,18.135879,true,15.637,shift_1,A
2026-03-16T07:00,20.58114,82.324559,22.368913,true,15.569,shift_1,A
2026-03-16T07:15,18.120402,72.481607,17.400902,true,15.909,shift_1,A
2026-03-16T07:30,18.848112,75.392449,18.454592,true,15.519,shift_1,A
2026-03-16T07:45,22.791697,91.166787,27.319152,true,16.11,shift_1,A
2026-03-16T08:00,25.414036,101.656145,33.307054,true,15.422,shift_1,A
2026-03-16T08:15,26.1397,104.5588,33.053316,true,15.605,shift_1,A
2026-03-16T08:30,27.76296,111.051839,35.345327,true,16.91,shift_1,A
2026-03-16T08:45,22.945753,91.783013,27.569508,true,16.862,shift_1,A
2026-03-16T09:00,19.740169,78.960676,21.739437,true,16.547,shift_1,A
2026-03-16T09:15,23.633155,94.532622,28.062303,true,15.742,shift_1,A
2026-03-16T09:30,24.017298,96.069193,27.038247,true,16.869,shift_1,A
2026-03-16T09:45,25.245406,100.981622,31.870831,true,16.352,shift_1,A
2026-03-16T10:00,23.976798,95.907191,29.572086,true,16.509,shift_1,A
2026-03-16T10:15,22.015959,88.063837,23.099152,true,16.581,shift_1,A
2026-03-16T10:30,24.01943,96.07772,29.276466,true,16.031,shift_1,A
2026-03-16T10:45,25.023203,100.092812,30.445045,true,15.953,shift_1,A
2026-03-16T11:00,21.152692,84.610768,22.231127,true,16.081,shift_1,A
2026-03-16T11:15,24.296109,97.184437,30.371087,true,17.328,shift_1,A
2026-03-16T11:30,25.514041,102.056162,33.520001,true,16.898,shift_1,A
2026-03-16T11:45,21.414849,85.659394,23.535592,true,16.512,shift_1,A
2026-03-16T12:00,26.914043,107.656173,35.265909,true,18.057,shift_1,A
2026-03-16T12:15,18.242189,72.968757,16.924632,true,18.019,shift_1,A
2026-03-16T12:30,18.351888,73.407551,17.716277,true,18.407,shift_1,A
2026-03-16T12:45,22.050168,88.200673,24.570856,true,18.554,shift_1,A
2026-03-16T13:00,19.627677,78.510708,20.397025,true,18.108,shift_1,A
2026-03-16T13:15,22.504258,90.017032,26.50164,true,18.617,shift_1,A
2026-03-16T13:30,20.442025,81.7681,21.523303,true,18.271,shift_1,A
2026-03-16T13:45,22.559024,90.236096,26.637595,true,18.158,shift_1,A
2026-03-16T14:00,18.722898,74.891593,17.03498,true,18.931,shift_2,A
2026-03-16T14:15,24.022525,96.090099,28.613139,true,18.806,shift_2,A
2026-03-16T14:30,18.353696,73.414785,19.243524,true,19.83,shift_2,A
2026-03-16T14:45,20.099791,80.399164,20.937443,true,19.695,shift_2,A
2026-03-16T15:00,25.239328,100.957312,31.845112,true,19.834,shift_2,A
2026-03-16T15:15,24.089505,96.358021,28.17636,true,19.412,shift_2,A
2026-03-16T15:30,25.699832,102.799328,32.251669,true,19.13,shift_2,A
2026-03-16T15:45,25.188409,100.753635,30.731445,true,19.607,shift_2,A
2026-03-16T16:00,21.382456,85.529824,22.896875,true,20.667,shift_2,A
2026-03-16T16:15,22.210801,88.843204,25.644284,true,20.636,shift_2,A
2026-03-16T16:30,24.29239,97.169559,30.735712,true,20.414,shift_2,A
2026-03-16T16:45,26.940823,107.763293,35.064461,true,20.944,shift_2,A
2026-03-16T17:00,25.702774,102.811096,31.569849,true,19.917,shift_2,A
2026-03-16T17:15,19.729836,78.919344,20.580164,true,20.598,shift_2,A
2026-03-16T17:30,22.348555,89.394219,27.229118,true,20.741,shift_2,A
2026-03-16T17:45,19.400087,77.600348,20.631885,true,20.018,shift_2,A
2026-03-16T18:00,23.050586,92.202343,26.500122,true,20.896,shift_2,A
2026-03-16T18:15,24.254068,97.016273,28.844512,true,20.598,shift_2,A
2026-03-16T18:30,21.075459,84.301837,22.276702,true,21.462,shift_2,A
2026-03-16T18:45,23.861124,95.444498,28.180352,true,21.829,shift_2,A
2026-03-16T19:00,22.874901,91.499603,26.0594,true,20.662,shift_2,A
2026-03-16T19:15,21.522999,86.091996,23.226277,true,21.041,shift_2,A
2026-03-16T19:30,23.931315,95.725259,27.953223,true,22.277,shift_2,A
2026-03-16T19:45,24.152105,96.608418,28.528181,true,21.82,shift_2,A
2026-03-16T20:00,22.168851,88.675402,25.769706,true,20.173,shift_2,A
2026-03-16T20:15,22.019648,88.078591,23.157309,true,20.876,shift_2,A
2026-03-16T20:30,24.418285,97.673141,30.213939,true,21.438,shift_2,A
2026-03-16T20:45,17.365731,69.462924,15.871399,true,21.134,shift_2,A
2026-03-16T21:00,22.633059,90.532234,25.921846,true,20.739,shift_2,A
2026-03-16T21:15,21.951177,87.804708,24.788576,true,22.168,shift_2,A
2026-03-16T21:30,15.594,62.376,11.499107,true,20.722,shift_2,A
2026-03-16T21:45,23.749017,94.996068,27.538974,true,20.213,shift_2,A
2026-03-16T22:00,6.083389,24.333557,0.0,false,21.023,off,A
2026-03-16T22:15,7.293865,29.175461,0.0,false,21.564,off,A
2026-03-16T22:30,6.530523,26.122092,0.0,false,20.504,off,A
2026-03-16T22:45,6.790426,27.161705,0.0,false,20.422,off,A
2026-03-16T23:00,7.007919,28.031676,0.0,false,19.934,off,A
2026-03-16T23:15,6.415257,25.661027,0.0,false,19.926,off,A
2026-03-16T23:30,7.061088,28.244353,0.0,false,20.301,off,A
2026-03-16T23:45,7.61684,30.467358,0.0,false,19.554,off,A
2026-03-17T00:00,5.974896,23.899583,0.0,false,20.036,off,A
2026-03-17T00:15,6.78657,27.146281,0.0,false,19.159,off,A
2026-03-17T00:30,6.400063,25.600253,0.0,false,19.847,off,A
2026-03-17T00:45,6.437397,25.74959,0.0,false,19.618,off,A
2026-03-17T01:00,6.527863,26.111452,0.0,false,18.763,off,A
2026-03-17T01:15,7.102419,28.409676,0.0,false,19.014,off,A
2026-03-17T01:30,6.708811,26.835245,0.0,false,19.457,off,A
2026-03-17T01:45,7.080198,28.320791,0.0,false,18.998,off,A
2026-03-17T02:00,6.572868,26.291472,0.0,false,20.293,off,A
2026-03-17T02:15,6.024329,24.097316,0.0,false,19.348,off,A
2026-03-17T02:30,6.599725,26.398901,0.0,false,17.661,off,A
2026-03-17T02:45,6.540874,26.163497,0.0,false,18.557,off,A
2026-03-17T03:00,7.505347,30.021387,0.0,false,18.126,off,A
2026-03-17T03:15,6.074271,24.297083,0.0,false,18.022,off,A
2026-03-17T03:30,6.284061,25.136243,0.0,false,17.959,off,A
2026-03-17T03:45,6.710651,26.842605,0.0,false,17.612,off,A
2026-03-17T04:00,6.991972,27.967886,0.0,false,17.093,off,A
2026-03-17T04:15,6.728036,26.912144,0.0,false,16.849,off,A
2026-03-17T04:30,6.735824,26.943295,0.0,false,17.544,off,A
2026-03-17T04:45,6.364739,25.458956,0.0,false,16.628,off,A
2026-03-17T05:00,6.923954,27.695816,0.0,false,16.518,off,A
2026-03-17T05:15,6.866362,27.465448,0.0,false,16.824,off,A
2026-03-17T05:30,6.143804,24.575218,0.0,false,16.937,off,A
2026-03-17T05:45,6.532538,26.130153,0.0,false,16.102,off,A
2026-03-17T06:00,19.780533,79.122131,21.551118,true,16.475,shift_1,A
2026-03-17T06:15,20.56819,82.27276,23.06042,true,16.407,shift_1,A
2026-03-17T06:30,18.71487,74.85948,17.905247,true,15.458,shift_1,A
2026-03-17T06:45,25.684257,102.737028,31.294489,true,16.371,shift_1,A
2026-03-17T07:00,21.57055,86.2822,23.726251,true,16.41,shift_1,A
2026-03-17T07:15,21.356959,85.427835,22.864473,true,16.156,shift_1,A
2026-03-17T07:30,21.48159,85.926359,22.525621,true,16.846,shift_1,A
2026-03-17T07:45,22.775597,91.102387,26.133733,true,16.381,shift_1,A
2026-03-17T08:00,20.35243,81.409718,21.288312,true,16.018,shift_1,A
2026-03-17T08:15,26.106813,104.427251,33.457124,true,17.039,shift_1,A
2026-03-17T08:30,23.978638,95.914553,28.354059,true,16.408,shift_1,A
2026-03-17T08:45,25.307855,101.231421,30.697999,true,16.165,shift_1,A
2026-03-17T09:00,26.721939,106.887757,35.653758,true,15.855,shift_1,A
2026-03-17T09:15,24.953354,99.813416,30.458276,true,15.841,shift_1,A
2026-03-17T09:30,26.003791,104.015163,32.44513,true,15.512,shift_1,A
2026-03-17T09:45,25.171155,100.68462,30.703949,true,16.275,shift_1,A
2026-03-17T10:00,22.874485,91.497938,24.958453,true,16.391,shift_1,A
2026-03-17T10:15,21.013202,84.052809,23.747244,true,15.636,shift_1,A
2026-03-17T10:30,27.065927,108.263709,34.995125,true,16.59,shift_1,A
2026-03-17T10:45,23.220757,92.883029,25.194969,true,16.651,shift_1,A
2026-03-17T11:00,23.367536,93.470143,27.88162,true,15.999,shift_1,A
2026-03-17T11:15,20.258418,81.033673,20.994231,true,16.043,shift_1,A
2026-03-17T11:30,21.069117,84.276467,23.487716,true,17.806,shift_1,A
2026-03-17T11:45,24.684785,98.739141,29.97009,true,16.972,shift_1,A
2026-03-17T12:00,22.126622,88.506489,24.155789,true,17.368,shift_1,A
2026-03-17T12:15,25.663744,102.654974,32.320606,true,17.541,shift_1,A
2026-03-17T12:30,22.053565,88.214258,23.582128,true,18.505,shift_1,A
2026-03-17T12:45,21.89002,87.560079,24.503336,true,17.872,shift_1,A
2026-03-17T13:00,27.02799,108.11196,34.137112,true,17.288,shift_1,A
2026-03-17T13:15,17.895886,71.583546,16.531815,true,17.763,shift_1,A
2026-03-17T13:30,20.243567,80.974266,22.257644,true,18.302,shift_1,A
2026-03-17T13:45,26.363569,105.454274,34.483192,true,18.267,shift_1,A
2026-03-17T14:00,20.851367,83.405467,23.649265,true,19.069,shift_2,A
2026-03-17T14:15,23.828974,95.315895,28.527602,true,18.081,shift_2,A
2026-03-17T14:30,19.471776,77.887105,20.349171,true,18.966,shift_2,A
2026-03-17T14:45,23.531472,94.125888,27.137042,true,19.565,shift_2,A
2026-03-17T15:00,22.808512,91.234049,25.28034,true,19.421,shift_2,A
2026-03-17T15:15,18.641505,74.56602,18.494735,true,19.274,shift_2,A
2026-03-17T15:30,24.49025,97.961,28.372028,true,19.15,shift_2,A
2026-03-17T15:45,25.577268,102.309074,31.459933,true,19.243,shift_2,A
2026-03-17T16:00,20.471968,81.887871,20.424011,true,19.75,shift_2,A
2026-03-17T16:15,23.514539,94.058155,26.705702,true,20.216,shift_2,A
2026-03-17T16:30,26.622036,106.488145,34.302887,true,20.058,shift_2,A
2026-03-17T16:45,21.10207,84.408282,23.750116,true,19.041,shift_2,A
2026-03-17T17:00,27.022302,108.089208,33.869489,true,20.224,shift_2,A
2026-03-17T17:15,23.662588,94.650352,27.787745,true,20.385,shift_2,A
2026-03-17T17:30,23.9298,95.719201,28.203395,true,20.114,shift_2,A
2026-03-17T17:45,23.195203,92.780811,26.387907,true,20.457,shift_2,A
2026-03-17T18:00,20.50994,82.039759,21.120869,true,20.151,shift_2,A
2026-03-17T18:15,22.689548,90.75819,25.251249,true,21.011,shift_2,A
2026-03-17T18:30,23.290314,93.161255,26.030807,true,21.183,shift_2,A
2026-03-17T18:45,24.270974,97.083895,28.447445,true,21.367,shift_2,A
2026-03-17T19:00,29.19818,116.792721,38.646903,true,21.5,shift_2,A
2026-03-17T19:15,23.588507,94.354026,28.203113,true,20.797,shift_2,A
2026-03-17T19:30,22.535847,90.143387,25.301131,true,21.213,shift_2,A
2026-03-17T19:45,28.410483,113.641931,36.691231,true,20.984,shift_2,A
2026-03-17T20:00,24.510195,98.040781,29.547356,true,20.454,shift_2,A
2026-03-17T20:15,22.466104,89.864417,26.154325,true,21.153,shift_2,A
2026-03-17T20:30,21.033919,84.135676,22.114452,true,21.607,shift_2,A
2026-03-17T20:45,23.128412,92.51365,26.60702,true,21.355,shift_2,A
2026-03-17T21:00,23.786797,95.147188,26.731235,true,20.756,shift_2,A
2026-03-17T21:15,21.995407,87.981627,22.78559,true,21.848,shift_2,A
2026-03-17T21:30,19.947564,79.790258,21.099531,true,22.02,shift_2,A
2026-03-17T21:45,25.034577,100.138309,30.333791,true,21.085,shift_2,A
2026-03-17T22:00,6.874284,27.497135,0.0,false,21.326,off,A
2026-03-17T22:15,6.302011,25.208042,0.0,false,21.314,off,A
2026-03-17T22:30,7.179783,28.719131,0.0,false,21.171,off,A
2026-03-17T22:45,6.472297,25.889187,0.0,false,20.059,off,A
2026-03-17T23:00,6.883578,27.534312,0.0,false,20.461,off,A
2026-03-17T23:15,6.719459,26.877835,0.0,false,20.62,off,A
2026-03-17T23:30,5.970226,23.880906,0.0,false,19.646,off,A
2026-03-17T23:45,5.958225,23.832902,0.0,false,20.31,off,A
2026-03-18T00:00,7.039621,28.158484,0.0,false,20.235,off,B
2026-03-18T00:15,6.68021,26.72084,0.0,false,19.588,off,B
2026-03-18T00:30,6.807785,27.231142,0.0,false,19.096,off,B
2026-03-18T00:45,6.81254,27.250159,0.0,false,20.15,off,B
2026-03-18T01:00,6.707159,26.828637,0.0,false,19.871,off,B
2026-03-18T01:15,6.903731,27.614925,0.0,false,19.556,off,B
2026-03-18T01:30,7.24483,28.97932,0.0,false,19.423,off,B
2026-03-18T01:45,6.628094,26.512374,0.0,false,18.545,off,B
2026-03-18T02:00,7.127971,28.511884,0.0,false,17.54,off,B
2026-03-18T02:15,7.124397,28.497588,0.0,false,19.242,off,B
2026-03-18T02:30,6.468393,25.873572,0.0,false,18.309,off,B
2026-03-18T02:45,7.413814,29.655257,0.0,false,17.534,off,B
2026-03-18T03:00,6.238478,24.953914,0.0,false,18.17,off,B
2026-03-18T03:15,6.369741,25.478964,0.0,false,18.554,off,B
2026-03-18T03:30,6.238784,24.955136,0.0,false,17.474,off,B
2026-03-18T03:45,6.99413,27.976522,0.0,false,16.789,off,B
2026-03-18T04:00,6.71124,26.84496,0.0,false,17.087,off,B
2026-03-18T04:15,7.083197,28.332788,0.0,false,16.856,off,B
2026-03-18T04:30,6.98011,27.920438,0.0,false,17.741,off,B
2026-03-18T04:45,7.334084,29.336337,0.0,false,16.713,off,B
2026-03-18T05:00,6.301196,25.204784,0.0,false,16.707,off,B
2026-03-18T05:15,6.551334,26.205336,0.0,false,16.739,off,B
2026-03-18T05:30,6.681332,26.725329,0.0,false,16.557,off,B
2026-03-18T05:45,7.11275,28.451001,0.0,false,18.088,off,B
2026-03-18T06:00,23.743631,94.974523,27.024177,true,16.321,shift_1,B
2026-03-18T06:15,21.104655,84.418618,21.189099,true,16.241,shift_1,B
2026-03-18T06:30,22.518618,90.074471,22.652173,true,15.908,shift_1,B
2026-03-18T06:45,17.451822,69.807287,14.945664,true,16.104,shift_1,B
2026-03-18T07:00,21.365712,85.462848,20.736462,true,16.4,shift_1,B
2026-03-18T07:15,24.485404,97.941617,26.965156,true,16.126,shift_1,B
2026-03-18T07:30,23.329059,93.316235,24.939143,true,15.901,shift_1,B
2026-03-18T07:45,27.102533,108.410133,31.562935,true,15.889,shift_1,B
2026-03-18T08:00,21.128038,84.51215,21.897355,true,15.717,shift_1,B
2026-03-18T08:15,25.247219,100.988877,27.391924,true,15.511,shift_1,B
2026-03-18T08:30,25.980847,103.923387,29.953586,true,16.416,shift_1,B
2026-03-18T08:45,24.469895,97.879581,26.536204,true,16.799,shift_1,B
2026-03-18T09:00,27.855479,111.421917,33.593502,true,16.83,shift_1,B
2026-03-18T09:15,19.375713,77.50285,16.821682,true,16.277,shift_1,B
2026-03-18T09:30,27.829169,111.316676,33.157085,true,15.94,shift_1,B
2026-03-18T09:45,28.104655,112.418619,32.959323,true,16.507,shift_1,B
2026-03-18T10:00,25.139555,100.558218,28.191039,true,16.652,shift_1,B
2026-03-18T10:15,28.667375,114.6695,35.160119,true,16.759,shift_1,B
2026-03-18T10:30,26.282151,105.128604,30.523401,true,16.75,shift_1,B
2026-03-18T10:45,25.527909,102.111638,29.26888,true,16.228,shift_1,B
2026-03-18T11:00,23.261246,93.044983,24.841755,true,17.18,shift_1,B
2026-03-18T11:15,24.580086,98.320343,27.599757,true,16.891,shift_1,B
2026-03-18T11:30,26.010262,104.041046,29.302312,true,17.536,shift_1,B
2026-03-18T11:45,26.060254,104.241015,28.878659,true,17.404,shift_1,B
2026-03-18T12:00,21.765296,87.061182,21.904348,true,17.64,shift_1,B
2026-03-18T12:15,24.73043,98.92172,28.200228,true,17.227,shift_1,B
2026-03-18T12:30,28.529821,114.119286,33.704044,true,17.058,shift_1,B
2026-03-18T12:45,24.112973,96.451891,26.140523,true,18.23,shift_1,B
2026-03-18T13:00,23.016805,92.067222,24.955651,true,18.329,shift_1,B
2026-03-18T13:15,25.659377,102.63751,29.928581,true,17.894,shift_1,B
2026-03-18T13:30,19.418718,77.674874,18.453461,true,18.328,shift_1,B
2026-03-18T13:45,23.661877,94.647509,25.844901,true,18.993,shift_1,B
2026-03-18T14:00,19.955412,79.821647,17.768237,true,18.678,shift_2,B
2026-03-18T14:15,23.134122,92.536488,23.135741,true,19.443,shift_2,B
2026-03-18T14:30,18.194933,72.779732,14.813125,true,18.961,shift_2,B
2026-03-18T14:45,25.279023,101.11609,27.663302,true,19.371,shift_2,B
2026-03-18T15:00,21.729997,86.919987,21.335293,true,19.436,shift_2,B
2026-03-18T15:15,20.695676,82.782705,20.063757,true,19.877,shift_2,B
2026-03-18T15:30,22.998395,91.993578,23.518247,true,19.19,shift_2,B
2026-03-18T15:45,25.999662,103.998649,30.235271,true,18.981,shift_2,B
2026-03-18T16:00,17.740292,70.961167,15.476566,true,19.953,shift_2,B
2026-03-18T16:15,25.223888,100.895553,28.301503,true,20.591,shift_2,B
2026-03-18T16:30,23.945272,95.781088,26.41465,true,19.705,shift_2,B
2026-03-18T16:45,24.281064,97.124255,25.203809,true,20.655,shift_2,B
2026-03-18T17:00,28.400409,113.601637,34.772315,true,20.428,shift_2,B
2026-03-18T17:15,29.046543,116.186172,35.26617,true,20.754,shift_2,B
2026-03-18T17:30,24.050865,96.203459,25.946067,true,20.409,shift_2,B
2026-03-18T17:45,29.237558,116.950232,35.24741,true,21.273,shift_2,B
2026-03-18T18:00,27.417844,109.671378,31.919867,true,20.453,shift_2,B
2026-03-18T18:15,29.611878,118.447511,34.891993,true,21.145,shift_2,B
2026-03-18T18:30,26.925457,107.701828,30.737696,true,21.301,shift_2,B
2026-03-18T18:45,23.982657,95.930629,25.425222,true,21.328,shift_2,B
2026-03-18T19:00,22.432386,89.729543,23.433646,true,21.314,shift_2,B
2026-03-18T19:15,24.732847,98.931387,26.858209,true,20.497,shift_2,B
2026-03-18T19:30,19.069538,76.278152,18.002722,true,20.741,shift_2,B
2026-03-18T19:45,21.011796,84.047184,20.709075,true,20.236,shift_2,B
2026-03-18T20:00,23.315843,93.263373,24.948688,true,22.403,shift_2,B
2026-03-18T20:15,25.140797,100.563188,28.152584,true,20.623,shift_2,B
2026-03-18T20:30,26.14978,104.59912,29.512557,true,21.187,shift_2,B
2026-03-18T20:45,19.804846,79.219383,18.737379,true,20.944,shift_2,B
2026-03-18T21:00,25.004923,100.019692,27.866578,true,21.068,shift_2,B
2026-03-18T21:15,28.743442,114.973769,32.920339,true,21.363,shift_2,B
2026-03-18T21:30,23.10822,92.432879,23.265377,true,22.202,shift_2,B
2026-03-18T21:45,22.480829,89.923315,22.815833,true,20.872,shift_2,B
2026-03-18T22:00,6.822261,27.289044,0.0,false,20.497,off,B
2026-03-18T22:15,7.190149,28.760597,0.0,false,20.738,off,B
2026-03-18T22:30,6.306131,25.224525,0.0,false,21.028,off,B
2026-03-18T22:45,7.056736,28.226946,0.0,false,20.573,off,B
2026-03-18T23:00,6.290456,25.161823,0.0,false,20.941,off,B
2026-03-18T23:15,6.72293,26.891719,0.0,false,19.829,off,B
2026-03-18T23:30,7.251651,29.006602,0.0,false,19.645,off,B
2026-03-18T23:45,7.126414,28.505657,0.0,false,19.687,off,B
2026-03-19T00:00,5.918091,23.672363,0.0,false,19.841,off,A
2026-03-19T00:15,6.677751,26.711003,0.0,false,19.487,off,A
2026-03-19T00:30,7.186325,28.745299,0.0,false,19.435,off,A
2026-03-19T00:45,6.362544,25.450177,0.0,false,18.642,off,A
2026-03-19T01:00,6.501999,26.007997,0.0,false,19.509,off,A
2026-03-19T01:15,5.952313,23.809252,0.0,false,19.382,off,A
2026-03-19T01:30,6.076095,24.304381,0.0,false,18.275,off,A
2026-03-19T01:45,7.035004,28.140017,0.0,false,18.672,off,A
2026-03-19T02:00,7.136572,28.546286,0.0,false,18.357,off,A
2026-03-19T02:15,6.497032,25.988129,0.0,false,18.894,off,A
2026-03-19T02:30,6.585193,26.34077,0.0,false,19.029,off,A
2026-03-19T02:45,6.793508,27.174033,0.0,false,16.978,off,A
2026-03-19T03:00,6.91893,27.67572,0.0,false,18.414,off,A
2026-03-19T03:15,6.97296,27.891841,0.0,false,17.904,off,A
2026-03-19T03:30,7.134921,28.539685,0.0,false,17.523,off,A
2026-03-19T03:45,6.622294,26.489177,0.0,false,16.574,off,A
2026-03-19T04:00,6.414871,25.659484,0.0,false,16.473,off,A
2026-03-19T04:15,6.472749,25.890995,0.0,false,18.386,off,A
2026-03-19T04:30,6.979346,27.917386,0.0,false,17.15,off,A
2026-03-19T04:45,7.386838,29.547353,0.0,false,16.637,off,A
2026-03-19T05:00,6.620477,26.481909,0.0,false,16.614,off,A
2026-03-19T05:15,6.628907,26.515629,0.0,false,17.475,off,A
2026-03-19T05:30,7.287712,29.150847,0.0,false,15.993,off,A
2026-03-19T05:45,7.536838,30.147354,0.0,false,17.075,off,A
2026-03-19T06:00,24.741358,98.965434,29.402078,true,16.617,shift_1,A
2026-03-19T06:15,19.592118,78.368471,18.593842,true,16.471,shift_1,A
2026-03-19T06:30,21.012495,84.04998,23.765076,true,16.828,shift_1,A
2026-03-19T06:45,21.372588,85.490351,20.371477,true,17.148,shift_1,A
2026-03-19T07:00,20.791609,83.166436,22.447384,true,17.025,shift_1,A
2026-03-19T07:15,26.430436,105.721742,34.345401,true,16.105,shift_1,A
2026-03-19T07:30,20.359974,81.439895,21.337452,true,16.439,shift_1,A
2026-03-19T07:45,22.329278,89.317113,25.259833,true,16.644,shift_1,A
2026-03-19T08:00,22.153936,88.615744,24.568292,true,15.924,shift_1,A
2026-03-19T08:15,26.555724,106.222895,33.735575,true,15.896,shift_1,A
2026-03-19T08:30,23.503989,94.015956,27.496239,true,16.881,shift_1,A
2026-03-19T08:45,27.461236,109.844945,35.795402,true,16.059,shift_1,A
2026-03-19T09:00,23.183321,92.733283,26.133439,true,16.573,shift_1,A
2026-03-19T09:15,22.600916,90.403664,25.631451,true,16.707,shift_1,A
2026-03-19T09:30,23.176025,92.704099,26.251627,true,16.806,shift_1,A
2026-03-19T09:45,25.785413,103.141651,32.013072,true,16.898,shift_1,A
2026-03-19T10:00,22.859646,91.438584,24.84918,true,17.004,shift_1,A
2026-03-19T10:15,24.337058,97.348234,27.449111,true,16.169,shift_1,A
2026-03-19T10:30,21.197363,84.789451,21.81249,true,16.321,shift_1,A
2026-03-19T10:45,22.590603,90.362411,25.865413,true,17.042,shift_1,A
2026-03-19T11:00,20.37764,81.51056,20.094269,true,16.428,shift_1,A
2026-03-19T11:15,24.116653,96.466611,30.10243,true,17.194,shift_1,A
2026-03-19T11:30,21.229359,84.917438,23.589114,true,17.376,shift_1,A
2026-03-19T11:45,20.627244,82.508977,21.934257,true,17.544,shift_1,A
2026-03-19T12:00,24.103263,96.413054,28.887662,true,17.351,shift_1,A
2026-03-19T12:15,25.395712,101.582846,31.700568,true,17.688,shift_1,A
2026-03-19T12:30,23.453909,93.815636,27.655673,true,18.601,shift_1,A
2026-03-19T12:45,23.680432,94.721728,29.365133,true,17.068,shift_1,A
2026-03-19T13:00,23.934066,95.736264,28.938918,true,19.156,shift_1,A
2026-03-19T13:15,21.471636,85.886545,23.437873,true,18.793,shift_1,A
2026-03-19T13:30,22.278048,89.112191,24.533108,true,18.703,shift_1,A
2026-03-19T13:45,23.57643,94.305722,26.942575,true,18.336,shift_1,A
2026-03-19T14:00,25.345165,101.38066,30.592902,true,18.433,shift_2,A
2026-03-19T14:15,23.982464,95.929858,28.134069,true,18.824,shift_2,A
2026-03-19T14:30,21.764565,87.058262,22.529134,true,19.824,shift_2,A
2026-03-19T14:45,21.762037,87.048148,24.77366,true,20.017,shift_2,A
2026-03-19T15:00,22.235533,88.942134,22.998238,true,19.244,shift_2,A
2026-03-19T15:15,23.066375,92.265498,25.901686,true,19.504,shift_2,A
2026-03-19T15:30,21.240962,84.96385,21.969507,true,19.368,shift_2,A
2026-03-19T15:45,25.123059,100.492236,29.175196,true,20.564,shift_2,A
2026-03-19T16:00,21.797912,87.191647,24.096581,true,19.737,shift_2,A
2026-03-19T16:15,23.199691,92.798763,27.381738,true,19.161,shift_2,A
2026-03-19T16:30,16.373165,65.492659,14.016941,true,20.017,shift_2,A
2026-03-19T16:45,22.497187,89.988749,25.286912,true,21.241,shift_2,A
2026-03-19T17:00,24.777311,99.109244,30.498784,true,20.543,shift_2,A
2026-03-19T17:15,20.327933,81.311732,20.475143,true,19.964,shift_2,A
2026-03-19T17:30,26.809629,107.238514,33.573347,true,20.952,shift_2,A
2026-03-19T17:45,22.523615,90.094458,24.331467,true,20.808,shift_2,A
2026-03-19T18:00,19.38182,77.52728,18.139091,true,20.542,shift_2,A
2026-03-19T18:15,24.494066,97.976262,28.589643,true,20.228,shift_2,A
2026-03-19T18:30,25.692754,102.771016,30.561608,true,20.522,shift_2,A
2026-03-19T18:45,24.653774,98.615095,29.058234,true,21.014,shift_2,A
2026-03-19T19:00,23.939398,95.757591,27.242562,true,21.311,shift_2,A
2026-03-19T19:15,23.880167,95.520669,27.754242,true,21.829,shift_2,A
2026-03-19T19:30,23.627202,94.508808,26.69146,true,20.931,shift_2,A
2026-03-19T19:45,25.870325,103.4813,31.137891,true,20.851,shift_2,A
2026-03-19T20:00,23.470202,93.880807,27.903919,true,21.373,shift_2,A
2026-03-19T20:15,24.452813,97.811253,29.112764,true,20.267,shift_2,A
2026-03-19T20:30,21.785546,87.142183,23.458662,true,21.956,shift_2,A
2026-03-19T20:45,27.08431,108.33724,33.213103,true,20.963,shift_2,A
2026-03-19T21:00,17.544536,70.178146,16.227087,true,20.678,shift_2,A
2026-03-19T21:15,22.686085,90.744338,23.515734,true,21.426,shift_2,A
2026-03-19T21:30,19.026047,76.104186,18.469808,true,21.16,shift_2,A
2026-03-19T21:45,23.542027,94.168107,26.2928,true,21.735,shift_2,A
2026-03-19T22:00,7.058488,28.233954,0.0,false,21.254,off,A
2026-03-19T22:15,6.804072,27.216289,0.0,false,20.72,off,A
2026-03-19T22:30,6.943778,27.775112,0.0,false,21.802,off,A
2026-03-19T22:45,6.864992,27.459966,0.0,false,19.917,off,A
2026-03-19T23:00,6.655373,26.621493,0.0,false,20.525,off,A
2026-03-19T23:15,7.039843,28.15937,0.0,false,20.855,off,A
2026-03-19T23:30,7.069632,28.278527,0.0,false,21.254,off,A
2026-03-19T23:45,6.64249,26.569961,0.0,false,19.407,off,A
2026-03-20T00:00,6.376429,25.505716,0.0,false,19.671,off,A
2026-03-20T00:15,6.727902,26.911609,0.0,false,20.114,off,A
2026-03-20T00:30,6.84162,27.36648,0.0,false,20.257,off,A
2026-03-20T00:45,7.421097,29.684387,0.0,false,18.948,off,A
2026-03-20T01:00,6.052877,24.211508,0.0,false,18.292,off,A
2026-03-20T01:15,7.472237,29.888949,0.0,false,19.473,off,A
2026-03-20T01:30,6.731458,26.925834,0.0,false,19.436,off,A
2026-03-20T01:45,6.481292,25.92517,0.0,false,19.677,off,A
2026-03-20T02:00,7.003509,28.014037,0.0,false,17.921,off,A
2026-03-20T02:15,7.144411,28.577643,0.0,false,19.305,off,A
2026-03-20T02:30,6.847663,27.390653,0.0,false,18.092,off,A
2026-03-20T02:45,6.4859,25.9436,0.0,false,18.085,off,A
2026-03-20T03:00,7.091854,28.367416,0.0,false,18.452,off,A
2026-03-20T03:15,6.945068,27.780272,0.0,false,17.571,off,A
2026-03-20T03:30,6.14824,24.592959,0.0,false,18.612,off,A
2026-03-20T03:45,6.339127,25.356508,0.0,false,17.803,off,A
2026-03-20T04:00,6.975738,27.902951,0.0,false,17.521,off,A
2026-03-20T04:15,6.679793,26.719173,0.0,false,17.23,off,A
2026-03-20T04:30,7.185986,28.743943,0.0,false,16.906,off,A
2026-03-20T04:45,7.166835,28.667339,0.0,false,17.98,off,A
2026-03-20T05:00,6.673334,26.693335,0.0,false,16.855,off,A
2026-03-20T05:15,6.522342,26.089366,0.0,false,17.196,off,A
2026-03-20T05:30,7.031162,28.124648,0.0,false,16.705,off,A
2026-03-20T05:45,6.221762,24.887047,0.0,false,16.621,off,A
2026-03-20T06:00,21.84501,87.380041,25.1423,true,17.063,shift_1,A
2026-03-20T06:15,25.063712,100.254849,30.729725,true,16.191,shift_1,A
2026-03-20T06:30,23.883632,95.534528,27.970332,true,16.141,shift_1,A
2026-03-20T06:45,16.583412,66.333648,14.034344,true,16.251,shift_1,A
2026-03-20T07:00,25.331522,101.326089,28.953344,true,16.104,shift_1,A
2026-03-20T07:15,26.053647,104.214588,31.553092,true,16.48,shift_1,A
2026-03-20T07:30,21.370332,85.481327,23.312846,true,16.041,shift_1,A
2026-03-20T07:45,21.927351,87.709403,23.591438,true,16.881,shift_1,A
2026-03-20T08:00,23.144255,92.577019,26.023239,true,16.292,shift_1,A
2026-03-20T08:15,21.885588,87.542353,23.714812,true,16.604,shift_1,A
2026-03-20T08:30,23.556107,94.224429,27.449028,true,17.025,shift_1,A
2026-03-20T08:45,23.199312,92.797247,26.86973,true,16.173,shift_1,A
2026-03-20T09:00,28.632304,114.529215,38.592542,true,15.973,shift_1,A
2026-03-20T09:15,18.739225,74.956898,16.776681,true,16.078,shift_1,A
2026-03-20T09:30,25.409812,101.63925,31.431665,true,15.992,shift_1,A
2026-03-20T09:45,20.981518,83.92607,22.476305,true,16.158,shift_1,A
2026-03-20T10:00,24.98875,99.955001,31.012651,true,16.707,shift_1,A
2026-03-20T10:15,27.198559,108.794235,33.989166,true,16.764,shift_1,A
2026-03-20T10:30,22.2399,88.959599,25.284799,true,16.859,shift_1,A
2026-03-20T10:45,30.211024,120.844096,40.174387,true,16.317,shift_1,A
2026-03-20T11:00,17.170757,68.683026,15.336641,true,16.607,shift_1,A
2026-03-20T11:15,21.182095,84.728379,22.677137,true,17.037,shift_1,A
2026-03-20T11:30,18.976347,75.905386,16.924386,true,17.918,shift_1,A
2026-03-20T11:45,25.920829,103.683317,32.671003,true,17.143,shift_1,A
2026-03-20T12:00,24.679047,98.716189,28.308003,true,17.469,shift_1,A
2026-03-20T12:15,22.207948,88.831792,24.059032,true,18.169,shift_1,A
2026-03-20T12:30,21.61222,86.448879,23.067401,true,18.567,shift_1,A
2026-03-20T12:45,23.099979,92.399917,25.918284,true,17.311,shift_1,A
2026-03-20T13:00,23.275304,93.101217,25.248272,true,18.405,shift_1,A
2026-03-20T13:15,22.078453,88.313812,25.15885,true,18.725,shift_1,A
2026-03-20T13:30,27.061048,108.24419,35.024127,true,17.343,shift_1,A
2026-03-20T13:45,24.240511,96.962046,28.998762,true,18.432,shift_1,A
2026-03-20T14:00,21.348675,85.3947,23.683242,true,18.802,shift_2,A
2026-03-20T14:15,20.44478,81.779118,20.551281,true,19.278,shift_2,A
2026-03-20T14:30,19.272409,77.089636,19.471133,true,18.864,shift_2,A
2026-03-20T14:45,16.871699,67.486797,14.821559,true,19.676,shift_2,A
2026-03-20T15:00,21.671788,86.687154,23.099424,true,19.617,shift_2,A
2026-03-20T15:15,20.683777,82.735108,20.438138,true,19.16,shift_2,A
2026-03-20T15:30,24.134582,96.53833,27.284416,true,20.73,shift_2,A
2026-03-20T15:45,20.924674,83.698695,20.922352,true,20.019,shift_2,A
2026-03-20T16:00,23.021041,92.084165,26.257292,true,19.922,shift_2,A
2026-03-20T16:15,19.774535,79.098138,20.053803,true,18.842,shift_2,A
2026-03-20T16:30,23.330706,93.322825,25.549096,true,20.855,shift_2,A
2026-03-20T16:45,22.732349,90.929396,25.559009,true,20.909,shift_2,A
2026-03-20T17:00,22.281549,89.126196,24.124032,true,20.458,shift_2,A
2026-03-20T17:15,20.4184,81.673598,21.099995,true,21.429,shift_2,A
2026-03-20T17:30,26.326401,105.305602,32.109831,true,20.991,shift_2,A
2026-03-20T17:45,22.878842,91.515367,25.130061,true,21.139,shift_2,A
2026-03-20T18:00,31.479096,125.916384,42.159272,true,20.519,shift_2,A
2026-03-20T18:15,26.81312,107.252481,34.058955,true,20.501,shift_2,A
2026-03-20T18:30,22.635495,90.54198,25.546116,true,20.513,shift_2,A
2026-03-20T18:45,26.215333,104.861333,32.299101,true,21.605,shift_2,A
2026-03-20T19:00,24.550881,98.203526,29.152135,true,20.837,shift_2,A
2026-03-20T19:15,27.917996,111.671984,36.370582,true,21.601,shift_2,A
2026-03-20T19:30,21.45322,85.812881,22.512442,true,21.274,shift_2,A
2026-03-20T19:45,25.854871,103.419484,31.886548,true,21.497,shift_2,A
2026-03-20T20:00,25.986512,103.946048,33.00017,true,20.4,shift_2,A
2026-03-20T20:15,23.741911,94.967646,25.964653,true,20.859,shift_2,A
2026-03-20T20:30,21.017971,84.071884,22.072847,true,21.538,shift_2,A
2026-03-20T20:45,25.842613,103.370452,32.347579,true,21.369,shift_2,A
2026-03-20T21:00,25.237024,100.948096,30.61439,true,21.17,shift_2,A
2026-03-20T21:15,20.828525,83.314102,21.666589,true,20.521,shift_2,A
2026-03-20T21:30,22.479613,89.91845,25.396199,true,21.544,shift_2,A
2026-03-20T21:45,16.559012,66.236046,12.385162,true,21.378,shift_2,A
2026-03-20T22:00,7.248163,28.99265,0.0,false,21.715,off,A
2026-03-20T22:15,6.858979,27.435917,0.0,false,20.048,off,A
2026-03-20T22:30,6.882931,27.531723,0.0,false,19.813,off,A
2026-03-20T22:45,7.407546,29.630186,0.0,false,20.641,off,A
2026-03-20T23:00,7.136107,28.544427,0.0,false,20.626,off,A
2026-03-20T23:15,6.845393,27.381571,0.0,false,20.969,off,A
2026-03-20T23:30,7.592711,30.370843,0.0,false,20.858,off,A
2026-03-20T23:45,7.410573,29.642291,0.0,false,20.625,off,A
2026-03-21T00:00,7.19158,28.766319,0.0,false,20.548,off,B
2026-03-21T00:15,6.795799,27.183196,0.0,false,20.462,off,B
2026-03-21T00:30,7.543226,30.172905,0.0,false,20.074,off,B
2026-03-21T00:45,6.62719,26.508761,0.0,false,19.776,off,B
2026-03-21T01:00,7.095064,28.380258,0.0,false,18.862,off,B
2026-03-21T01:15,6.844775,27.379099,0.0,false,19.521,off,B
2026-03-21T01:30,7.124646,28.498584,0.0,false,19.201,off,B
2026-03-21T01:45,7.42665,29.706601,0.0,false,18.939,off,B
2026-03-21T02:00,7.874921,31.499683,0.0,false,18.484,off,B
2026-03-21T02:15,7.450722,29.802887,0.0,false,19.115,off,B
2026-03-21T02:30,6.708064,26.832257,0.0,false,17.693,off,B
2026-03-21T02:45,7.519135,30.076539,0.0,false,18.897,off,B
2026-03-21T03:00,7.182995,28.731982,0.0,false,18.055,off,B
2026-03-21T03:15,7.44332,29.773281,0.0,false,18.677,off,B
2026-03-21T03:30,7.204208,28.816832,0.0,false,16.953,off,B
2026-03-21T03:45,6.646175,26.584701,0.0,false,18.167,off,B
2026-03-21T04:00,6.870701,27.482805,0.0,false,17.35,off,B
2026-03-21T04:15,6.739458,26.957832,0.0,false,16.869,off,B
2026-03-21T04:30,6.147051,24.588203,0.0,false,18.035,off,B
2026-03-21T04:45,6.875126,27.500502,0.0,false,16.722,off,B
2026-03-21T05:00,6.171506,24.686022,0.0,false,17.492,off,B
2026-03-21T05:15,6.411372,25.645488,0.0,false,16.061,off,B
2026-03-21T05:30,7.400231,29.600926,0.0,false,16.853,off,B
2026-03-21T05:45,7.319741,29.278963,0.0,false,16.675,off,B
2026-03-21T06:00,7.375536,29.502144,0.0,false,16.473,shift_1,B
2026-03-21T06:15,7.17007,28.680279,0.0,false,16.933,shift_1,B
2026-03-21T06:30,6.926523,27.706093,0.0,false,16.095,shift_1,B
2026-03-21T06:45,6.806248,27.224992,0.0,false,16.817,shift_1,B
2026-03-21T07:00,7.716174,30.864696,0.0,false,16.835,shift_1,B
2026-03-21T07:15,7.528694,30.114777,0.0,false,16.826,shift_1,B
2026-03-21T07:30,7.626454,30.505815,0.0,false,17.04,shift_1,B
2026-03-21T07:45,7.448441,29.793762,0.0,false,16.562,shift_1,B
2026-03-21T08:00,7.406418,29.625672,0.0,false,16.578,shift_1,B
2026-03-21T08:15,6.969785,27.879138,0.0,false,16.32,shift_1,B
2026-03-21T08:30,7.470511,29.882043,0.0,false,16.452,shift_1,B
2026-03-21T08:45,6.809565,27.238258,0.0,false,15.897,shift_1,B
2026-03-21T09:00,6.364112,25.45645,0.0,false,16.14,shift_1,B
2026-03-21T09:15,7.489105,29.956421,0.0,false,15.764,shift_1,B
2026-03-21T09:30,6.949615,27.79846,0.0,false,16.622,shift_1,B
2026-03-21T09:45,5.884732,23.538928,0.0,false,17.012,shift_1,B
2026-03-21T10:00,6.529346,26.117383,0.0,false,16.246,shift_1,B
2026-03-21T10:15,6.730258,26.921031,0.0,false,17.309,shift_1,B
2026-03-21T10:30,7.700628,30.802513,0.0,false,16.726,shift_1,B
2026-03-21T10:45,6.986434,27.945735,0.0,false,17.268,shift_1,B
2026-03-21T11:00,6.882591,27.530366,0.0,false,17.175,shift_1,B
2026-03-21T11:15,6.652398,26.609593,0.0,false,16.919,shift_1,B
2026-03-21T11:30,6.95436,27.81744,0.0,false,17.487,shift_1,B
2026-03-21T11:45,8.314759,33.259034,0.0,false,17.346,shift_1,B
2026-03-21T12:00,7.776948,31.107794,0.0,false,17.311,shift_1,B
2026-03-21T12:15,7.154454,28.617815,0.0,false,18.1,shift_1,B
2026-03-21T12:30,6.321859,25.287437,0.0,false,18.171,shift_1,B
2026-03-21T12:45,6.975381,27.901524,0.0,false,18.348,shift_1,B
2026-03-21T13:00,6.550824,26.203298,0.0,false,18.495,shift_1,B
2026-03-21T13:15,7.446266,29.785065,0.0,false,18.287,shift_1,B
2026-03-21T13:30,7.662384,30.649537,0.0,false,18.893,shift_1,B
2026-03-21T13:45,6.39286,25.571439,0.0,false,18.6,shift_1,B
2026-03-21T14:00,6.792291,27.169163,0.0,false,18.888,shift_2,B
2026-03-21T14:15,8.029127,32.116507,0.0,false,20.102,shift_2,B
2026-03-21T14:30,6.855821,27.423284,0.0,false,18.935,shift_2,B
2026-03-21T14:45,7.223841,28.895363,0.0,false,19.533,shift_2,B
2026-03-21T15:00,7.780562,31.122249,0.0,false,18.26,shift_2,B
2026-03-21T15:15,7.864565,31.458259,0.0,false,19.893,shift_2,B
2026-03-21T15:30,7.343879,29.375514,0.0,false,19.871,shift_2,B
2026-03-21T15:45,7.515201,30.060804,0.0,false,19.962,shift_2,B
2026-03-21T16:00,7.463375,29.853502,0.0,false,20.818,shift_2,B
2026-03-21T16:15,6.697725,26.790898,0.0,false,20.005,shift_2,B
2026-03-21T16:30,7.320824,29.283294,0.0,false,19.273,shift_2,B
2026-03-21T16:45,7.38514,29.54056,0.0,false,21.5,shift_2,B
2026-03-21T17:00,7.600224,30.400894,0.0,false,20.995,shift_2,B
2026-03-21T17:15,6.665509,26.662037,0.0,false,20.106,shift_2,B
2026-03-21T17:30,7.932645,31.73058,0.0,false,20.427,shift_2,B
2026-03-21T17:45,7.41857,29.67428,0.0,false,21.326,shift_2,B
2026-03-21T18:00,7.334556,29.338222,0.0,false,20.918,shift_2,B
2026-03-21T18:15,7.232366,28.929466,0.0,false,21.399,shift_2,B
2026-03-21T18:30,7.821575,31.2863,0.0,false,21.258,shift_2,B
2026-03-21T18:45,6.583769,26.335075,0.0,false,21.349,shift_2,B
2026-03-21T19:00,7.399323,29.597293,0.0,false,21.342,shift_2,B
2026-03-21T19:15,8.172584,32.690337,0.0,false,21.175,shift_2,B
2026-03-21T19:30,7.204944,28.819776,0.0,false,21.389,shift_2,B
2026-03-21T19:45,7.116464,28.465857,0.0,false,20.828,shift_2,B
2026-03-21T20:00,7.234709,28.938838,0.0,false,22.216,shift_2,B
2026-03-21T20:15,6.714983,26.85993,0.0,false,21.69,shift_2,B
2026-03-21T20:30,7.298979,29.195915,0.0,false,21.427,shift_2,B
2026-03-21T20:45,7.335314,29.341254,0.0,false,21.035,shift_2,B
2026-03-21T21:00,8.004342,32.017368,0.0,false,21.746,shift_2,B
2026-03-21T21:15,8.053063,32.212252,0.0,false,20.963,shift_2,B
2026-03-21T21:30,7.70947,30.837882,0.0,false,22.035,shift_2,B
2026-03-21T21:45,6.373896,25.495584,0.0,false,20.918,shift_2,B
2026-03-21T22:00,8.089945,32.359779,0.0,false,20.976,off,B
2026-03-21T22:15,7.272635,29.09054,0.0,false,20.107,off,B
2026-03-21T22:30,7.932068,31.728273,0.0,false,21.749,off,B
2026-03-21T22:45,6.664111,26.656444,0.0,false,20.269,off,B
2026-03-21T23:00,7.458154,29.832617,0.0,false,20.469,off,B
2026-03-21T23:15,7.742438,30.969753,0.0,false,21.209,off,B
2026-03-21T23:30,6.626848,26.507391,0.0,false,19.588,off,B
2026-03-21T23:45,7.111454,28.445815,0.0,false,20.401,off,B
2026-03-22T00:00,7.485443,29.941771,0.0,false,19.781,off,A
2026-03-22T00:15,6.894636,27.578544,0.0,false,18.939,off,A
2026-03-22T00:30,7.652544,30.610176,0.0,false,20.312,off,A
2026-03-22T00:45,6.839259,27.357035,0.0,false,19.418,off,A
2026-03-22T01:00,6.999433,27.997733,0.0,false,19.702,off,A
2026-03-22T01:15,7.553382,30.213528,0.0,false,19.794,off,A
2026-03-22T01:30,6.604573,26.418293,0.0,false,19.471,off,A
2026-03-22T01:45,6.742172,26.968687,0.0,false,18.905,off,A
2026-03-22T02:00,6.783349,27.133397,0.0,false,18.95,off,A
2026-03-22T02:15,7.584986,30.339945,0.0,false,18.748,off,A
2026-03-22T02:30,6.142517,24.570067,0.0,false,18.523,off,A
2026-03-22T02:45,7.162695,28.650779,0.0,false,17.742,off,A
2026-03-22T03:00,7.318622,29.274486,0.0,false,17.465,off,A
2026-03-22T03:15,7.23203,28.928122,0.0,false,18.41,off,A
2026-03-22T03:30,7.238199,28.952797,0.0,false,18.117,off,A
2026-03-22T03:45,7.259297,29.037188,0.0,false,18.412,off,A
2026-03-22T04:00,7.091843,28.367371,0.0,false,17.822,off,A
2026-03-22T04:15,6.042526,24.170105,0.0,false,17.074,off,A
2026-03-22T04:30,6.882316,27.529263,0.0,false,16.549,off,A
2026-03-22T04:45,6.991813,27.96725,0.0,false,17.273,off,A
2026-03-22T05:00,6.572606,26.290424,0.0,false,18.342,off,A
2026-03-22T05:15,7.474086,29.896344,0.0,false,17.928,off,A
2026-03-22T05:30,6.773504,27.094017,0.0,false,17.321,off,A
2026-03-22T05:45,6.453071,25.812284,0.0,false,16.54,off,A
2026-03-22T06:00,6.902796,27.611183,0.0,false,17.379,shift_1,A
2026-03-22T06:15,7.551837,30.207348,0.0,false,16.287,shift_1,A
2026-03-22T06:30,6.919311,27.677245,0.0,false,16.341,shift_1,A
2026-03-22T06:45,7.555009,30.220034,0.0,false,16.148,shift_1,A
2026-03-22T07:00,6.279257,25.117028,0.0,false,16.415,shift_1,A
2026-03-22T07:15,7.247947,28.991788,0.0,false,16.656,shift_1,A
2026-03-22T07:30,7.906339,31.625356,0.0,false,16.94,shift_1,A
2026-03-22T07:45,6.908546,27.634185,0.0,false,17.216,shift_1,A
2026-03-22T08:00,7.644157,30.576628,0.0,false,16.43,shift_1,A
2026-03-22T08:15,7.210165,28.840659,0.0,false,16.477,shift_1,A
2026-03-22T08:30,6.957356,27.829423,0.0,false,16.628,shift_1,A
2026-03-22T08:45,7.298754,29.195015,0.0,false,16.713,shift_1,A
2026-03-22T09:00,6.588722,26.35489,0.0,false,16.187,shift_1,A
2026-03-22T09:15,7.958894,31.835577,0.0,false,16.493,shift_1,A
2026-03-22T09:30,7.817723,31.270893,0.0,false,15.688,shift_1,A
2026-03-22T09:45,6.784538,27.138153,0.0,false,17.376,shift_1,A
2026-03-22T10:00,7.146386,28.585545,0.0,false,17.387,shift_1,A
2026-03-22T10:15,8.172694,32.690777,0.0,false,17.309,shift_1,A
2026-03-22T10:30,7.55962,30.238479,0.0,false,16.796,shift_1,A
2026-03-22T10:45,7.101254,28.405014,0.0,false,17.129,shift_1,A
2026-03-22T11:00,7.139138,28.556552,0.0,false,16.557,shift_1,A
2026-03-22T11:15,7.118499,28.473994,0.0,false,16.623,shift_1,A
2026-03-22T11:30,7.426016,29.704065,0.0,false,17.214,shift_1,A
2026-03-22T11:45,7.180403,28.721612,0.0,false,17.839,shift_1,A
2026-03-22T12:00,6.725228,26.900911,0.0,false,18.119,shift_1,A
2026-03-22T12:15,7.482289,29.929158,0.0,false,17.396,shift_1,A
2026-03-22T12:30,7.598724,30.394894,0.0,false,17.57,shift_1,A
2026-03-22T12:45,6.969744,27.878976,0.0,false,18.354,shift_1,A
2026-03-22T13:00,6.727652,26.91061,0.0,false,18.039,shift_1,A
2026-03-22T13:15,6.547379,26.189514,0.0,false,17.671,shift_1,A
2026-03-22T13:30,7.497755,29.99102,0.0,false,18.036,shift_1,A
2026-03-22T13:45,8.097046,32.388183,0.0,false,19.073,shift_1,A
2026-03-22T14:00,6.957253,27.829012,0.0,false,18.572,shift_2,A
2026-03-22T14:15,7.41379,29.655161,0.0,false,19.126,shift_2,A
2026-03-22T14:30,6.945137,27.780548,0.0,false,19.754,shift_2,A
2026-03-22T14:45,6.934531,27.738124,0.0,false,19.499,shift_2,A
2026-03-22T15:00,7.341704,29.366817,0.0,false,19.394,shift_2,A
2026-03-22T15:15,7.572489,30.289957,0.0,false,18.825,shift_2,A
2026-03-22T15:30,7.300339,29.201357,0.0,false,19.763,shift_2,A
2026-03-22T15:45,6.98922,27.956879,0.0,false,20.132,shift_2,A
2026-03-22T16:00,6.736871,26.947485,0.0,false,19.809,shift_2,A
2026-03-22T16:15,7.167533,28.670131,0.0,false,20.575,shift_2,A
2026-03-22T16:30,7.390124,29.560495,0.0,false,20.408,shift_2,A
2026-03-22T16:45,7.00685,28.027399,0.0,false,21.684,shift_2,A
2026-03-22T17:00,7.021042,28.084167,0.0,false,20.738,shift_2,A
2026-03-22T17:15,7.642775,30.571102,0.0,false,21.062,shift_2,A
2026-03-22T17:30,6.717929,26.871715,0.0,false,20.949,shift_2,A
2026-03-22T17:45,7.520491,30.081963,0.0,false,20.57,shift_2,A
2026-03-22T18:00,7.376506,29.506024,0.0,false,20.317,shift_2,A
2026-03-22T18:15,7.769653,31.078611,0.0,false,21.461,shift_2,A
2026-03-22T18:30,6.890991,27.563965,0.0,false,21.61,shift_2,A
2026-03-22T18:45,6.442033,25.768134,0.0,false,20.659,shift_2,A
2026-03-22T19:00,7.599637,30.398549,0.0,false,21.813,shift_2,A
2026-03-22T19:15,7.653751,30.615005,0.0,false,21.183,shift_2,A
2026-03-22T19:30,7.249911,28.999646,0.0,false,20.69,shift_2,A
2026-03-22T19:45,7.3367,29.346801,0.0,false,21.209,shift_2,A
2026-03-22T20:00,7.627692,30.510767,0.0,false,21.496,shift_2,A
2026-03-22T20:15,6.791693,27.166774,0.0,false,20.947,shift_2,A
2026-03-22T20:30,7.579532,30.318129,0.0,false,21.794,shift_2,A
2026-03-22T20:45,7.093798,28.375191,0.0,false,20.428,shift_2,A
2026-03-22T21:00,7.183917,28.735668,0.0,false,21.261,shift_2,A
2026-03-22T21:15,7.278911,29.115645,0.0,false,21.384,shift_2,A
2026-03-22T21:30,7.285582,29.142328,0.0,false,21.37,shift_2,A
2026-03-22T21:45,6.853805,27.41522,0.0,false,21.586,shift_2,A
2026-03-22T22:00,7.573474,30.293897,0.0,false,20.803,off,A
2026-03-22T22:15,6.566692,26.266766,0.0,false,20.467,off,A
2026-03-22T22:30,6.844516,27.378064,0.0,false,20.762,off,A
2026-03-22T22:45,7.045428,28.181712,0.0,false,21.236,off,A
2026-03-22T23:00,6.920666,27.682664,0.0,false,19.193,off,A
2026-03-22T23:15,7.344231,29.376923,0.0,false,20.558,off,A
2026-03-22T23:30,7.088234,28.352936,0.0,false,20.471,off,A
2026-03-22T23:45,7.654677,30.618707,0.0,false,20.022,off,A
2026-03-23T00:00,7.435362,29.741447,0.0,false,20.638,off,A
2026-03-23T00:15,7.402492,29.609968,0.0,false,20.001,off,A
2026-03-23T00:30,7.187096,28.748386,0.0,false,19.955,off,A
2026-03-23T00:45,6.962704,27.850815,0.0,false,19.877,off,A
2026-03-23T01:00,6.926733,27.706933,0.0,false,20.634,off,A
2026-03-23T01:15,7.212993,28.851972,0.0,false,18.762,off,A
2026-03-23T01:30,7.298848,29.195392,0.0,false,18.376,off,A
2026-03-23T01:45,7.117212,28.468847,0.0,false,18.293,off,A
2026-03-23T02:00,7.065739,28.262955,0.0,false,19.677,off,A
2026-03-23T02:15,8.001658,32.006634,0.0,false,18.623,off,A
2026-03-23T02:30,6.519469,26.077875,0.0,false,18.655,off,A
2026-03-23T02:45,7.501758,30.007031,0.0,false,18.892,off,A
2026-03-23T03:00,7.455886,29.823543,0.0,false,18.628,off,A
2026-03-23T03:15,7.710998,30.843993,0.0,false,18.475,off,A
2026-03-23T03:30,6.796806,27.187222,0.0,false,17.913,off,A
2026-03-23T03:45,7.340415,29.361661,0.0,false,18.003,off,A
2026-03-23T04:00,7.528506,30.114023,0.0,false,17.911,off,A
2026-03-23T04:15,7.34569,29.382761,0.0,false,17.974,off,A
2026-03-23T04:30,6.900476,27.601904,0.0,false,16.995,off,A
2026-03-23T04:45,7.032179,28.128716,0.0,false,17.408,off,A
2026-03-23T05:00,6.284004,25.136017,0.0,false,17.092,off,A
2026-03-23T05:15,6.963667,27.85467,0.0,false,17.669,off,A
2026-03-23T05:30,6.611217,26.444867,0.0,false,17.651,off,A
2026-03-23T05:45,7.651274,30.605097,0.0,false,17.749,off,A
2026-03-23T06:00,23.269199,93.076797,27.000494,true,15.94,shift_1,A
2026-03-23T06:15,24.154113,96.616453,27.950015,true,17.126,shift_1,A
2026-03-23T06:30,21.546073,86.184293,21.980173,true,16.595,shift_1,A
2026-03-23T06:45,25.109039,100.436156,29.113442,true,17.276,shift_1,A
2026-03-23T07:00,24.20928,96.837118,28.105546,true,17.527,shift_1,A
2026-03-23T07:15,21.853465,87.41386,23.695715,true,16.583,shift_1,A
2026-03-23T07:30,23.448285,93.79314,25.210974,true,16.56,shift_1,A
2026-03-23T07:45,21.375916,85.503663,22.415262,true,16.169,shift_1,A
2026-03-23T08:00,26.885254,107.541017,32.173282,true,15.68,shift_1,A
2026-03-23T08:15,22.932017,91.728067,24.949334,true,16.509,shift_1,A
2026-03-23T08:30,26.760616,107.042463,32.931528,true,16.531,shift_1,A
2026-03-23T08:45,26.528269,106.113077,32.985034,true,17.318,shift_1,A
2026-03-23T09:00,26.275446,105.101785,31.894675,true,16.846,shift_1,A
2026-03-23T09:15,24.187548,96.75019,29.24251,true,16.335,shift_1,A
2026-03-23T09:30,24.831562,99.326247,30.015777,true,17.183,shift_1,A
2026-03-23T09:45,25.508609,102.034434,31.742654,true,16.632,shift_1,A
2026-03-23T10:00,22.504544,90.018176,24.076288,true,17.725,shift_1,A
2026-03-23T10:15,27.706602,110.826409,35.985781,true,17.48,shift_1,A
2026-03-23T10:30,23.76696,95.067841,27.815299,true,15.947,shift_1,A
2026-03-23T10:45,26.125472,104.501886,30.35407,true,16.19,shift_1,A
2026-03-23T11:00,25.689033,102.756134,32.021489,true,16.526,shift_1,A
2026-03-23T11:15,27.914101,111.656403,36.712287,true,17.313,shift_1,A
2026-03-23T11:30,21.511155,86.04462,22.47023,true,18.177,shift_1,A
2026-03-23T11:45,21.724848,86.899392,22.78288,true,17.288,shift_1,A
2026-03-23T12:00,22.000188,88.000752,21.830893,true,16.511,shift_1,A
2026-03-23T12:15,24.958783,99.83513,28.317533,true,18.73,shift_1,A
2026-03-23T12:30,21.317931,85.271722,21.964383,true,18.116,shift_1,A
2026-03-23T12:45,25.498683,101.994734,29.90897,true,18.86,shift_1,A
2026-03-23T13:00,22.030244,88.120975,23.85282,true,17.012,shift_1,A
2026-03-23T13:15,21.421893,85.687572,23.620696,true,18.76,shift_1,A
2026-03-23T13:30,23.221351,92.885402,26.282907,true,19.185,shift_1,A
2026-03-23T13:45,22.674104,90.696416,24.891588,true,18.003,shift_1,A
2026-03-23T14:00,20.941036,83.764145,22.238796,true,19.536,shift_2,A
2026-03-23T14:15,19.391109,77.564438,17.73615,true,19.628,shift_2,A
2026-03-23T14:30,25.558932,102.235728,28.885842,true,18.861,shift_2,A
2026-03-23T14:45,21.235632,84.942527,22.035912,true,19.517,shift_2,A
2026-03-23T15:00,20.976178,83.904714,21.285399,true,19.411,shift_2,A
2026-03-23T15:15,20.121354,80.485417,19.537495,true,19.1,shift_2,A
2026-03-23T15:30,24.165084,96.660335,28.188385,true,19.475,shift_2,A
2026-03-23T15:45,25.558797,102.235189,30.712113,true,20.088,shift_2,A
2026-03-23T16:00,20.19755,80.790199,20.278964,true,20.671,shift_2,A
2026-03-23T16:15,22.472313,89.88925,24.73964,true,20.269,shift_2,A
2026-03-23T16:30,16.943099,67.772396,13.14908,true,19.82,shift_2,A
2026-03-23T16:45,22.301908,89.207633,23.445712,true,20.378,shift_2,A
2026-03-23T17:00,23.310415,93.241662,26.012074,true,21.238,shift_2,A
2026-03-23T17:15,26.178382,104.71353,32.201778,true,21.07,shift_2,A
2026-03-23T17:30,25.858784,103.435137,30.388794,true,21.337,shift_2,A
2026-03-23T17:45,19.743205,78.97282,19.264052,true,21.73,shift_2,A
2026-03-23T18:00,25.973872,103.895487,31.868119,true,21.384,shift_2,A
2026-03-23T18:15,24.160851,96.643404,27.573658,true,20.782,shift_2,A
2026-03-23T18:30,25.636589,102.546356,29.362483,true,20.902,shift_2,A
2026-03-23T18:45,26.511579,106.046315,31.640669,true,22.107,shift_2,A
2026-03-23T19:00,24.318752,97.275007,28.792126,true,20.561,shift_2,A
2026-03-23T19:15,25.069707,100.278827,28.957995,true,21.79,shift_2,A
2026-03-23T19:30,24.632607,98.530426,29.438138,true,20.824,shift_2,A
2026-03-23T19:45,20.402613,81.61045,20.053397,true,21.544,shift_2,A
2026-03-23T20:00,27.018988,108.075953,33.066394,true,21.223,shift_2,A
2026-03-23T20:15,20.669918,82.67967,20.791512,true,21.947,shift_2,A
2026-03-23T20:30,22.948343,91.79337,26.309366,true,21.302,shift_2,A
2026-03-23T20:45,23.771613,95.086451,27.952748,true,21.388,shift_2,A
2026-03-23T21:00,24.572659,98.290636,28.146311,true,21.825,shift_2,A
2026-03-23T21:15,24.778918,99.115673,28.572805,true,21.892,shift_2,A
2026-03-23T21:30,24.492946,97.971784,28.002125,true,20.766,shift_2,A
2026-03-23T21:45,19.74866,78.994639,17.620824,true,21.007,shift_2,A
2026-03-23T22:00,7.360113,29.440453,0.0,false,20.768,off,A
2026-03-23T22:15,8.065701,32.262805,0.0,false,20.708,off,A
2026-03-23T22:30,8.021288,32.085153,0.0,false,21.328,off,A
2026-03-23T22:45,6.741629,26.966518,0.0,false,21.22,off,A
2026-03-23T23:00,7.620128,30.480514,0.0,false,20.613,off,A
2026-03-23T23:15,6.531429,26.125716,0.0,false,21.388,off,A
2026-03-23T23:30,7.599725,30.398901,0.0,false,20.65,off,A
2026-03-23T23:45,7.40219,29.60876,0.0,false,19.89,off,A
2026-03-24T00:00,7.847849,31.391398,0.0,false,20.125,off,B
2026-03-24T00:15,7.769666,31.078663,0.0,false,21.037,off,B
2026-03-24T00:30,7.795291,31.181163,0.0,false,20.267,off,B
2026-03-24T00:45,7.787749,31.150994,0.0,false,19.837,off,B
2026-03-24T01:00,7.291068,29.16427,0.0,false,19.693,off,B
2026-03-24T01:15,6.941425,27.7657,0.0,false,19.999,off,B
2026-03-24T01:30,7.856763,31.427053,0.0,false,19.643,off,B
2026-03-24T01:45,7.424674,29.698696,0.0,false,19.762,off,B
2026-03-24T02:00,6.875971,27.503883,0.0,false,18.732,off,B
2026-03-24T02:15,7.845383,31.381531,0.0,false,18.935,off,B
2026-03-24T02:30,7.434864,29.739458,0.0,false,17.784,off,B
2026-03-24T02:45,7.122272,28.489089,0.0,false,18.546,off,B
2026-03-24T03:00,8.254862,33.019448,0.0,false,17.567,off,B
2026-03-24T03:15,7.540265,30.161061,0.0,false,18.264,off,B
2026-03-24T03:30,7.139855,28.559418,0.0,false,18.941,off,B
2026-03-24T03:45,7.252411,29.009644,0.0,false,18.072,off,B
2026-03-24T04:00,7.903855,31.615422,0.0,false,17.968,off,B
2026-03-24T04:15,6.653958,26.615833,0.0,false,17.498,off,B
2026-03-24T04:30,7.624602,30.498407,0.0,false,16.972,off,B
2026-03-24T04:45,6.925676,27.702704,0.0,false,17.855,off,B
2026-03-24T05:00,7.261793,29.047173,0.0,false,17.219,off,B
2026-03-24T05:15,7.247301,28.989202,0.0,false,17.625,off,B
2026-03-24T05:30,7.815669,31.262677,0.0,false,16.891,off,B
2026-03-24T05:45,7.064614,28.258455,0.0,false,17.0,off,B
2026-03-24T06:00,25.332378,101.329511,26.280972,true,16.301,shift_1,B
2026-03-24T06:15,20.37971,81.518838,18.052215,true,15.537,shift_1,B
2026-03-24T06:30,23.383448,93.533791,23.983018,true,16.162,shift_1,B
2026-03-24T06:45,26.129164,104.516657,28.431251,true,16.579,shift_1,B
2026-03-24T07:00,25.890724,103.562896,28.202511,true,16.013,shift_1,B
2026-03-24T07:15,23.449973,93.799891,24.848405,true,16.645,shift_1,B
2026-03-24T07:30,23.275472,93.101889,23.554165,true,16.761,shift_1,B
2026-03-24T07:45,22.92936,91.71744,21.286286,true,17.662,shift_1,B
2026-03-24T08:00,27.642412,110.569647,30.946553,true,16.999,shift_1,B
2026-03-24T08:15,20.427158,81.708631,20.091974,true,16.703,shift_1,B
2026-03-24T08:30,22.843205,91.372821,22.653563,true,15.492,shift_1,B
2026-03-24T08:45,25.002458,100.009834,26.714542,true,16.152,shift_1,B
2026-03-24T09:00,29.637723,118.550892,34.216961,true,17.175,shift_1,B
2026-03-24T09:15,22.942769,91.771077,23.632721,true,17.412,shift_1,B
2026-03-24T09:30,25.664735,102.658941,28.529944,true,16.303,shift_1,B
2026-03-24T09:45,27.123753,108.495011,30.968229,true,16.943,shift_1,B
2026-03-24T10:00,24.219916,96.879662,25.240212,true,16.531,shift_1,B
2026-03-24T10:15,23.688419,94.753676,25.154181,true,17.658,shift_1,B
2026-03-24T10:30,25.755523,103.022092,29.001259,true,17.638,shift_1,B
2026-03-24T10:45,21.299217,85.196868,20.385224,true,17.225,shift_1,B
2026-03-24T11:00,28.298384,113.193537,33.466266,true,16.967,shift_1,B
2026-03-24T11:15,29.747827,118.991306,34.819141,true,17.132,shift_1,B
2026-03-24T11:30,27.638691,110.554765,30.344535,true,17.563,shift_1,B
2026-03-24T11:45,26.879639,107.518557,30.446808,true,17.691,shift_1,B
2026-03-24T12:00,23.002993,92.011972,22.523605,true,17.747,shift_1,B
2026-03-24T12:15,24.968516,99.874065,26.968665,true,18.75,shift_1,B
2026-03-24T12:30,20.836688,83.346752,20.204423,true,18.059,shift_1,B
2026-03-24T12:45,24.756543,99.026172,26.544747,true,17.225,shift_1,B
2026-03-24T13:00,21.213378,84.853512,18.995902,true,18.281,shift_1,B
2026-03-24T13:15,21.216433,84.865732,20.537272,true,18.224,shift_1,B
2026-03-24T13:30,26.900868,107.60347,31.255334,true,19.192,shift_1,B
2026-03-24T13:45,23.841497,95.365986,24.064837,true,18.739,shift_1,B
2026-03-24T14:00,26.850247,107.400989,30.68408,true,18.72,shift_2,B
2026-03-24T14:15,21.238818,84.955272,20.279313,true,19.105,shift_2,B
2026-03-24T14:30,21.121038,84.484151,19.891441,true,19.177,shift_2,B
2026-03-24T14:45,17.965045,71.86018,12.826495,true,19.11,shift_2,B
2026-03-24T15:00,26.165737,104.662946,28.761453,true,19.466,shift_2,B
2026-03-24T15:15,23.557006,94.228023,24.002041,true,19.941,shift_2,B
2026-03-24T15:30,23.373646,93.494583,23.956337,true,20.093,shift_2,B
2026-03-24T15:45,22.273658,89.094633,21.534569,true,20.355,shift_2,B
2026-03-24T16:00,25.117041,100.468162,27.508844,true,19.457,shift_2,B
2026-03-24T16:15,26.954212,107.816847,29.799333,true,20.073,shift_2,B
2026-03-24T16:30,24.138561,96.554243,25.30555,true,19.755,shift_2,B
2026-03-24T16:45,25.560969,102.243875,28.520628,true,20.45,shift_2,B
2026-03-24T17:00,27.424312,109.697248,30.786454,true,20.55,shift_2,B
2026-03-24T17:15,26.556766,106.227064,29.020459,true,20.312,shift_2,B
2026-03-24T17:30,24.519016,98.076066,25.963282,true,21.301,shift_2,B
2026-03-24T17:45,23.991925,95.967701,24.577088,true,21.624,shift_2,B
2026-03-24T18:00,27.892552,111.570206,30.555023,true,21.457,shift_2,B
2026-03-24T18:15,24.923963,99.695852,26.642609,true,21.725,shift_2,B
2026-03-24T18:30,21.324916,85.299664,19.105889,true,20.663,shift_2,B
2026-03-24T18:45,28.837772,115.351087,33.244633,true,21.346,shift_2,B
2026-03-24T19:00,25.313576,101.254305,26.795051,true,21.156,shift_2,B
2026-03-24T19:15,25.843154,103.372616,28.730112,true,21.399,shift_2,B
2026-03-24T19:30,25.497518,101.990072,26.903925,true,21.454,shift_2,B
2026-03-24T19:45,24.697024,98.788096,25.681767,true,21.066,shift_2,B
2026-03-24T20:00,27.429419,109.717675,30.932814,true,21.77,shift_2,B
2026-03-24T20:15,20.593508,82.374034,19.525528,true,21.956,shift_2,B
2026-03-24T20:30,21.438171,85.752682,19.514003,true,21.447,shift_2,B
2026-03-24T20:45,27.219836,108.879344,30.023676,true,20.933,shift_2,B
2026-03-24T21:00,25.543666,102.174663,27.81425,true,21.869,shift_2,B
2026-03-24T21:15,25.705897,102.82359,28.263251,true,21.467,shift_2,B
2026-03-24T21:30,20.633843,82.535371,18.694966,true,21.303,shift_2,B
2026-03-24T21:45,24.530525,98.122101,26.37783,true,21.491,shift_2,B
2026-03-24T22:00,7.809938,31.239753,0.0,false,21.604,off,B
2026-03-24T22:15,8.000053,32.000214,0.0,false,21.248,off,B
2026-03-24T22:30,7.201792,28.80717,0.0,false,20.469,off,B
2026-03-24T22:45,7.28791,29.15164,0.0,false,21.462,off,B
2026-03-24T23:00,7.850453,31.401812,0.0,false,19.604,off,B
2026-03-24T23:15,7.913265,31.65306,0.0,false,20.319,off,B
2026-03-24T23:30,7.076485,28.305939,0.0,false,19.778,off,B
2026-03-24T23:45,7.277646,29.110584,0.0,false,20.342,off,B
2026-03-25T00:00,7.297638,29.190553,0.0,false,19.726,off,A
2026-03-25T00:15,7.467858,29.871431,0.0,false,19.554,off,A
2026-03-25T00:30,7.345035,29.380141,0.0,false,19.698,off,A
2026-03-25T00:45,7.247316,28.989264,0.0,false,20.616,off,A
2026-03-25T01:00,7.96505,31.860199,0.0,false,20.149,off,A
2026-03-25T01:15,7.30233,29.209322,0.0,false,19.09,off,A
2026-03-25T01:30,7.286406,29.145624,0.0,false,18.352,off,A
2026-03-25T01:45,7.700464,30.801857,0.0,false,19.463,off,A
2026-03-25T02:00,8.337833,33.351331,0.0,false,18.9,off,A
2026-03-25T02:15,7.077842,28.311367,0.0,false,19.005,off,A
2026-03-25T02:30,6.550284,26.201136,0.0,false,18.78,off,A
2026-03-25T02:45,6.848873,27.395491,0.0,false,18.225,off,A
2026-03-25T03:00,7.198933,28.795733,0.0,false,17.986,off,A
2026-03-25T03:15,7.107213,28.428852,0.0,false,17.346,off,A
2026-03-25T03:30,6.663356,26.653424,0.0,false,18.612,off,A
2026-03-25T03:45,7.969797,31.879188,0.0,false,17.62,off,A
2026-03-25T04:00,7.811303,31.245211,0.0,false,17.497,off,A
2026-03-25T04:15,7.196449,28.785795,0.0,false,18.485,off,A
2026-03-25T04:30,7.310243,29.24097,0.0,false,17.666,off,A
2026-03-25T04:45,7.758152,31.032608,0.0,false,17.785,off,A
2026-03-25T05:00,7.095001,28.380004,0.0,false,16.631,off,A
2026-03-25T05:15,6.881317,27.525268,0.0,false,16.394,off,A
2026-03-25T05:30,6.793039,27.172156,0.0,false,17.656,off,A
2026-03-25T05:45,7.118738,28.474954,0.0,false,17.2,off,A
2026-03-25T06:00,21.853706,87.414824,22.124801,true,16.243,shift_1,A
2026-03-25T06:15,22.810009,91.240037,24.700862,true,16.555,shift_1,A
2026-03-25T06:30,25.056324,100.225294,29.890615,true,16.478,shift_1,A
2026-03-25T06:45,26.30482,105.219279,32.41263,true,17.967,shift_1,A
2026-03-25T07:00,18.511049,74.044196,15.908647,true,16.905,shift_1,A
2026-03-25T07:15,24.641281,98.565124,29.115475,true,17.21,shift_1,A
2026-03-25T07:30,25.513406,102.053625,29.047951,true,16.148,shift_1,A
2026-03-25T07:45,21.910966,87.643864,23.3765,true,17.005,shift_1,A
2026-03-25T08:00,23.47512,93.900481,25.854297,true,15.764,shift_1,A
2026-03-25T08:15,25.419551,101.678203,29.674572,true,16.404,shift_1,A
2026-03-25T08:30,23.267824,93.071297,26.287591,true,17.2,shift_1,A
2026-03-25T08:45,26.586951,106.347802,32.826609,true,16.55,shift_1,A
2026-03-25T09:00,23.988181,95.952723,26.775509,true,16.766,shift_1,A
2026-03-25T09:15,26.94839,107.793559,34.166434,true,16.029,shift_1,A
2026-03-25T09:30,22.480736,89.922943,23.647756,true,15.922,shift_1,A
2026-03-25T09:45,22.153224,88.612895,23.783556,true,16.387,shift_1,A
2026-03-25T10:00,28.934474,115.737896,36.041171,true,17.529,shift_1,A
2026-03-25T10:15,25.956215,103.824858,29.638461,true,16.718,shift_1,A
2026-03-25T10:30,26.725184,106.900738,32.928916,true,17.911,shift_1,A
2026-03-25T10:45,23.661683,94.646731,27.774634,true,17.766,shift_1,A
2026-03-25T11:00,25.166269,100.665075,29.30067,true,16.52,shift_1,A
2026-03-25T11:15,25.851105,103.404421,29.682106,true,16.712,shift_1,A
2026-03-25T11:30,24.577045,98.308181,27.829821,true,18.396,shift_1,A
2026-03-25T11:45,23.310247,93.240988,25.781245,true,17.967,shift_1,A
2026-03-25T12:00,23.35218,93.408719,24.411059,true,18.445,shift_1,A
2026-03-25T12:15,22.516386,90.065543,23.051405,true,16.838,shift_1,A
2026-03-25T12:30,24.200761,96.803043,27.536309,true,18.041,shift_1,A
2026-03-25T12:45,25.921321,103.685283,30.579279,true,18.15,shift_1,A
2026-03-25T13:00,19.146026,76.584104,16.600754,true,18.864,shift_1,A
2026-03-25T13:15,24.833222,99.332888,28.566963,true,17.985,shift_1,A
2026-03-25T13:30,20.985382,83.941529,21.17821,true,19.079,shift_1,A
2026-03-25T13:45,24.669086,98.676344,28.112574,true,18.604,shift_1,A
2026-03-25T14:00,17.87122,71.484878,15.606611,true,18.812,shift_2,A
2026-03-25T14:15,18.419295,73.677179,14.894371,true,19.274,shift_2,A
2026-03-25T14:30,23.796514,95.186058,27.71806,true,20.099,shift_2,A
2026-03-25T14:45,20.926267,83.705069,21.157708,true,19.546,shift_2,A
2026-03-25T15:00,26.035279,104.141116,31.463496,true,19.781,shift_2,A
2026-03-25T15:15,16.043434,64.173736,11.761557,true,19.229,shift_2,A
2026-03-25T15:30,22.192452,88.769809,23.796312,true,21.005,shift_2,A
2026-03-25T15:45,25.843175,103.372701,30.85333,true,20.408,shift_2,A
2026-03-25T16:00,27.630762,110.523048,33.249651,true,20.366,shift_2,A
2026-03-25T16:15,24.324147,97.296589,26.790138,true,19.777,shift_2,A
2026-03-25T16:30,26.262055,105.048218,31.041049,true,20.802,shift_2,A
2026-03-25T16:45,23.913295,95.653181,25.90794,true,20.586,shift_2,A
2026-03-25T17:00,23.998927,95.99571,26.140638,true,20.803,shift_2,A
2026-03-25T17:15,25.227711,100.910846,28.092325,true,21.423,shift_2,A
2026-03-25T17:30,25.368887,101.475549,30.549305,true,20.135,shift_2,A
2026-03-25T17:45,24.526787,98.107147,28.520357,true,21.032,shift_2,A
2026-03-25T18:00,24.957652,99.83061,28.40614,true,22.371,shift_2,A
2026-03-25T18:15,23.667024,94.668095,25.28213,true,21.924,shift_2,A
2026-03-25T18:30,26.351282,105.405128,31.188859,true,22.118,shift_2,A
2026-03-25T18:45,32.98464,131.93856,42.629873,true,21.536,shift_2,A
2026-03-25T19:00,25.540554,102.162217,30.366511,true,20.33,shift_2,A
2026-03-25T19:15,19.620031,78.480124,18.151457,true,21.298,shift_2,A
2026-03-25T19:30,22.87738,91.50952,24.296244,true,22.026,shift_2,A
2026-03-25T19:45,24.848444,99.393777,27.75119,true,22.947,shift_2,A
2026-03-25T20:00,21.698671,86.794682,20.50085,true,21.293,shift_2,A
2026-03-25T20:15,25.141477,100.565909,28.365162,true,22.646,shift_2,A
2026-03-25T20:30,24.985398,99.941593,27.735746,true,21.119,shift_2,A
2026-03-25T20:45,26.312354,105.249415,30.513026,true,21.309,shift_2,A
2026-03-25T21:00,19.997569,79.990276,19.611163,true,21.269,shift_2,A
2026-03-25T21:15,18.747408,74.98963,16.823209,true,21.348,shift_2,A
2026-03-25T21:30,21.313092,85.252369,21.164898,true,21.995,shift_2,A
2026-03-25T21:45,20.762647,83.050586,20.080439,true,21.272,shift_2,A
2026-03-25T22:00,6.827708,27.310833,0.0,false,21.307,off,A
2026-03-25T22:15,7.345176,29.380702,0.0,false,21.626,off,A
2026-03-25T22:30,7.648789,30.595154,0.0,false,21.067,off,A
2026-03-25T22:45,8.135225,32.5409,0.0,false,21.252,off,A
2026-03-25T23:00,7.331664,29.326657,0.0,false,20.901,off,A
2026-03-25T23:15,7.266488,29.065951,0.0,false,20.331,off,A
2026-03-25T23:30,7.945677,31.782708,0.0,false,20.567,off,A
2026-03-25T23:45,7.578303,30.313211,0.0,false,20.724,off,A
2026-03-26T00:00,6.799333,27.197333,0.0,false,20.15,off,A
2026-03-26T00:15,7.063742,28.254968,0.0,false,20.324,off,A
2026-03-26T00:30,7.423307,29.693229,0.0,false,20.32,off,A
2026-03-26T00:45,7.528088,30.112352,0.0,false,19.407,off,A
2026-03-26T01:00,7.450599,29.802395,0.0,false,19.879,off,A
2026-03-26T01:15,7.452096,29.808384,0.0,false,20.527,off,A
2026-03-26T01:30,7.371264,29.485056,0.0,false,20.883,off,A
2026-03-26T01:45,6.853861,27.415445,0.0,false,19.519,off,A
2026-03-26T02:00,6.879982,27.519928,0.0,false,19.645,off,A
2026-03-26T02:15,6.836799,27.347197,0.0,false,19.126,off,A
2026-03-26T02:30,7.585101,30.340405,0.0,false,19.243,off,A
2026-03-26T02:45,7.968869,31.875475,0.0,false,18.818,off,A
2026-03-26T03:00,7.491637,29.966549,0.0,false,18.324,off,A
2026-03-26T03:15,7.534395,30.137579,0.0,false,17.719,off,A
2026-03-26T03:30,7.746454,30.985815,0.0,false,17.419,off,A
2026-03-26T03:45,7.448174,29.792695,0.0,false,18.391,off,A
2026-03-26T04:00,7.922028,31.688113,0.0,false,17.954,off,A
2026-03-26T04:15,7.081688,28.326754,0.0,false,17.801,off,A
2026-03-26T04:30,7.362424,29.449696,0.0,false,17.737,off,A
2026-03-26T04:45,6.98592,27.943681,0.0,false,17.366,off,A
2026-03-26T05:00,7.384529,29.538115,0.0,false,17.209,off,A
2026-03-26T05:15,7.443301,29.773204,0.0,false,17.585,off,A
2026-03-26T05:30,6.800501,27.202006,0.0,false,17.636,off,A
2026-03-26T05:45,7.474761,29.899042,0.0,false,17.389,off,A
2026-03-26T06:00,23.424357,93.697429,25.842716,true,17.173,shift_1,A
2026-03-26T06:15,24.471491,97.885965,27.737653,true,17.211,shift_1,A
2026-03-26T06:30,21.881539,87.526155,21.548442,true,16.671,shift_1,A
2026-03-26T06:45,19.178412,76.713648,18.12652,true,16.012,shift_1,A
2026-03-26T07:00,25.65394,102.61576,28.903425,true,16.394,shift_1,A
2026-03-26T07:15,23.788093,95.152372,26.405295,true,16.739,shift_1,A
2026-03-26T07:30,19.746012,78.984048,18.091725,true,16.393,shift_1,A
2026-03-26T07:45,21.882955,87.531818,22.888733,true,16.32,shift_1,A
2026-03-26T08:00,26.993561,107.974246,32.30385,true,16.051,shift_1,A
2026-03-26T08:15,26.577222,106.308886,31.75025,true,16.052,shift_1,A
2026-03-26T08:30,23.0248,92.099201,25.275769,true,16.504,shift_1,A
2026-03-26T08:45,23.625834,94.503337,27.181289,true,16.492,shift_1,A
2026-03-26T09:00,24.944329,99.777315,28.896932,true,16.088,shift_1,A
2026-03-26T09:15,23.011814,92.047254,27.228263,true,16.22,shift_1,A
2026-03-26T09:30,22.12717,88.508679,23.034716,true,17.277,shift_1,A
2026-03-26T09:45,27.36238,109.44952,33.202023,true,17.21,shift_1,A
2026-03-26T10:00,25.83487,103.339479,30.74105,true,16.904,shift_1,A
2026-03-26T10:15,26.971584,107.886338,33.591926,true,17.454,shift_1,A
2026-03-26T10:30,27.629351,110.517406,33.001155,true,17.286,shift_1,A
2026-03-26T10:45,26.042087,104.168348,30.827921,true,17.862,shift_1,A
2026-03-26T11:00,25.962367,103.849469,31.046012,true,16.992,shift_1,A
2026-03-26T11:15,22.756327,91.02531,24.347427,true,17.183,shift_1,A
2026-03-26T11:30,26.671791,106.687165,31.346836,true,17.01,shift_1,A
2026-03-26T11:45,24.227149,96.908596,27.18211,true,18.785,shift_1,A
2026-03-26T12:00,21.188747,84.75499,21.133546,true,17.182,shift_1,A
2026-03-26T12:15,22.301558,89.206231,23.27915,true,19.101,shift_1,A
2026-03-26T12:30,22.949528,91.798114,23.772117,true,17.898,shift_1,A
2026-03-26T12:45,25.793396,103.173584,30.424504,true,18.178,shift_1,A
2026-03-26T13:00,22.686952,90.747808,23.773039,true,18.408,shift_1,A
2026-03-26T13:15,21.069048,84.27619,19.789557,true,18.876,shift_1,A
2026-03-26T13:30,21.935959,87.743838,23.832891,true,18.938,shift_1,A
2026-03-26T13:45,26.429174,105.716696,31.031,true,19.155,shift_1,A
2026-03-26T14:00,23.212199,92.848795,25.102134,true,19.688,shift_2,A
2026-03-26T14:15,20.072397,80.289588,19.223351,true,19.519,shift_2,A
2026-03-26T14:30,23.810807,95.243227,25.607685,true,20.056,shift_2,A
2026-03-26T14:45,21.102254,84.409015,21.067465,true,19.156,shift_2,A
2026-03-26T15:00,23.315013,93.260052,25.983519,true,20.72,shift_2,A
2026-03-26T15:15,23.112263,92.449054,26.056501,true,20.989,shift_2,A
2026-03-26T15:30,14.612848,58.451391,7.518588,true,20.591,shift_2,A
2026-03-26T15:45,24.767729,99.070915,30.177671,true,20.452,shift_2,A
2026-03-26T16:00,23.660289,94.641154,26.091477,true,20.347,shift_2,A
2026-03-26T16:15,30.829024,123.316097,39.467507,true,20.916,shift_2,A
2026-03-26T16:30,20.20338,80.813519,19.275357,true,21.058,shift_2,A
2026-03-26T16:45,25.591672,102.366689,29.760455,true,21.648,shift_2,A
2026-03-26T17:00,27.753296,111.013184,33.157897,true,21.366,shift_2,A
2026-03-26T17:15,25.877017,103.508069,29.194718,true,21.076,shift_2,A
2026-03-26T17:30,23.249099,92.996394,25.156874,true,21.145,shift_2,A
2026-03-26T17:45,23.674067,94.696267,27.228348,true,20.064,shift_2,A
2026-03-26T18:00,29.303215,117.212858,36.837139,true,21.002,shift_2,A
2026-03-26T18:15,26.716199,106.864795,30.977981,true,20.853,shift_2,A
2026-03-26T18:30,26.106442,104.425769,30.988424,true,21.545,shift_2,A
2026-03-26T18:45,29.845689,119.382756,37.117799,true,21.157,shift_2,A
2026-03-26T19:00,24.020276,96.081106,27.846575,true,21.368,shift_2,A
2026-03-26T19:15,24.28381,97.135239,26.949973,true,21.802,shift_2,A
2026-03-26T19:30,24.775057,99.100226,26.304707,true,21.895,shift_2,A
2026-03-26T19:45,22.434472,89.737888,22.461176,true,21.347,shift_2,A
2026-03-26T20:00,24.747133,98.988534,26.888726,true,21.757,shift_2,A
2026-03-26T20:15,29.165303,116.661214,35.169566,true,22.051,shift_2,A
2026-03-26T20:30,22.586867,90.347469,22.599133,true,20.532,shift_2,A
2026-03-26T20:45,20.808599,83.234395,19.91653,true,22.094,shift_2,A
2026-03-26T21:00,20.693504,82.774016,20.43357,true,21.587,shift_2,A
2026-03-26T21:15,20.713855,82.85542,19.381529,true,21.135,shift_2,A
2026-03-26T21:30,25.56409,102.25636,28.57082,true,20.539,shift_2,A
2026-03-26T21:45,25.06762,100.270481,27.858709,true,21.304,shift_2,A
2026-03-26T22:00,8.008541,32.034162,0.0,false,22.41,off,A
2026-03-26T22:15,7.738477,30.953909,0.0,false,20.835,off,A
2026-03-26T22:30,7.797908,31.191633,0.0,false,21.031,off,A
2026-03-26T22:45,7.345325,29.381298,0.0,false,21.029,off,A
2026-03-26T23:00,6.710492,26.841968,0.0,false,20.168,off,A
2026-03-26T23:15,7.750657,31.002627,0.0,false,21.039,off,A
2026-03-26T23:30,7.854503,31.418011,0.0,false,21.081,off,A
2026-03-26T23:45,7.546055,30.184219,0.0,false,20.692,off,A
2026-03-27T00:00,7.70139,30.805561,0.0,false,20.317,off,B
2026-03-27T00:15,7.973019,31.892076,0.0,false,19.638,off,B
2026-03-27T00:30,6.721197,26.884789,0.0,false,20.264,off,B
2026-03-27T00:45,6.679688,26.718752,0.0,false,20.147,off,B
2026-03-27T01:00,8.136343,32.545373,0.0,false,20.057,off,B
2026-03-27T01:15,7.39757,29.59028,0.0,false,19.66,off,B
2026-03-27T01:30,7.942343,31.769373,0.0,false,19.675,off,B
2026-03-27T01:45,8.102257,32.409028,0.0,false,19.445,off,B
2026-03-27T02:00,7.588665,30.354659,0.0,false,18.808,off,B
2026-03-27T02:15,7.570819,30.283276,0.0,false,19.174,off,B
2026-03-27T02:30,7.848733,31.394933,0.0,false,19.074,off,B
2026-03-27T02:45,7.522961,30.091845,0.0,false,19.219,off,B
2026-03-27T03:00,7.867258,31.469033,0.0,false,18.509,off,B
2026-03-27T03:15,7.559003,30.23601,0.0,false,18.386,off,B
2026-03-27T03:30,7.711735,30.846941,0.0,false,18.524,off,B
2026-03-27T03:45,7.1507,28.602799,0.0,false,18.075,off,B
2026-03-27T04:00,7.531622,30.126488,0.0,false,18.217,off,B
2026-03-27T04:15,7.696503,30.786012,0.0,false,18.891,off,B
2026-03-27T04:30,7.621308,30.485234,0.0,false,18.024,off,B
2026-03-27T04:45,7.758768,31.035073,0.0,false,17.592,off,B
2026-03-27T05:00,7.675974,30.703897,0.0,false,18.038,off,B
2026-03-27T05:15,7.954068,31.816272,0.0,false,17.329,off,B
2026-03-27T05:30,7.226602,28.90641,0.0,false,17.108,off,B
2026-03-27T05:45,7.817768,31.271072,0.0,false,17.142,off,B
2026-03-27T06:00,23.136203,92.544814,24.102787,true,17.642,shift_1,B
2026-03-27T06:15,25.069189,100.276755,26.502894,true,16.585,shift_1,B
2026-03-27T06:30,28.053363,112.213452,30.166641,true,17.551,shift_1,B
2026-03-27T06:45,25.120699,100.482795,27.175799,true,17.018,shift_1,B
2026-03-27T07:00,20.260842,81.043368,17.501008,true,16.803,shift_1,B
2026-03-27T07:15,17.856301,71.425203,13.199491,true,16.506,shift_1,B
2026-03-27T07:30,20.097367,80.389466,18.608205,true,16.694,shift_1,B
2026-03-27T07:45,23.280628,93.122511,24.399839,true,16.538,shift_1,B
2026-03-27T08:00,22.354002,89.416009,22.657797,true,16.339,shift_1,B
2026-03-27T08:15,23.628853,94.515412,21.747751,true,16.499,shift_1,B
2026-03-27T08:30,23.59904,94.39616,23.168184,true,17.866,shift_1,B
2026-03-27T08:45,23.386257,93.545027,23.323162,true,16.285,shift_1,B
2026-03-27T09:00,27.135243,108.540971,29.082274,true,16.795,shift_1,B
2026-03-27T09:15,28.897566,115.590265,33.654934,true,16.401,shift_1,B
2026-03-27T09:30,24.100297,96.401187,24.455369,true,16.743,shift_1,B
2026-03-27T09:45,28.503403,114.01361,34.338272,true,17.116,shift_1,B
2026-03-27T10:00,26.810965,107.243862,29.193514,true,17.235,shift_1,B
2026-03-27T10:15,23.671874,94.687494,24.70233,true,16.831,shift_1,B
2026-03-27T10:30,26.730215,106.920859,30.754979,true,16.957,shift_1,B
2026-03-27T10:45,27.957386,111.829546,31.912194,true,17.319,shift_1,B
2026-03-27T11:00,25.269452,101.077808,26.919744,true,17.756,shift_1,B
2026-03-27T11:15,28.056054,112.224215,31.890772,true,18.525,shift_1,B
2026-03-27T11:30,26.968747,107.874989,30.10108,true,17.517,shift_1,B
2026-03-27T11:45,23.061142,92.244567,21.190726,true,17.88,shift_1,B
2026-03-27T12:00,22.986274,91.945097,23.631988,true,17.658,shift_1,B
2026-03-27T12:15,26.169919,104.679678,29.066217,true,17.715,shift_1,B
2026-03-27T12:30,25.318058,101.272232,26.536909,true,18.347,shift_1,B
2026-03-27T12:45,26.956542,107.826169,30.710677,true,18.499,shift_1,B
2026-03-27T13:00,19.887316,79.549265,17.253632,true,18.846,shift_1,B
2026-03-27T13:15,17.714562,70.858247,13.025542,true,18.664,shift_1,B
2026-03-27T13:30,20.54066,82.162642,19.166231,true,18.534,shift_1,B
2026-03-27T13:45,25.188912,100.755647,26.7465,true,18.555,shift_1,B
2026-03-27T14:00,22.280343,89.121371,22.173704,true,19.418,shift_2,B
2026-03-27T14:15,25.772554,103.090216,27.486877,true,19.255,shift_2,B
2026-03-27T14:30,25.221664,100.886655,26.488495,true,19.409,shift_2,B
2026-03-27T14:45,22.667168,90.668672,22.141034,true,20.786,shift_2,B
2026-03-27T15:00,30.458735,121.83494,35.90292,true,19.388,shift_2,B
2026-03-27T15:15,26.789724,107.158898,28.997245,true,21.636,shift_2,B
2026-03-27T15:30,25.606791,102.427166,27.083188,true,20.282,shift_2,B
2026-03-27T15:45,22.179776,88.719105,21.337155,true,19.096,shift_2,B
2026-03-27T16:00,24.100881,96.403526,23.694006,true,19.729,shift_2,B
2026-03-27T16:15,25.730018,102.920073,29.469314,true,20.328,shift_2,B
2026-03-27T16:30,25.389633,101.558531,27.578741,true,20.673,shift_2,B
2026-03-27T16:45,26.057006,104.228024,28.110717,true,19.943,shift_2,B
2026-03-27T17:00,26.526401,106.105603,28.149471,true,20.672,shift_2,B
2026-03-27T17:15,27.16835,108.673398,29.817207,true,21.264,shift_2,B
2026-03-27T17:30,24.65532,98.621281,25.628885,true,20.625,shift_2,B
2026-03-27T17:45,24.783352,99.133406,26.664022,true,21.315,shift_2,B
2026-03-27T18:00,33.7652,135.060798,40.886215,true,22.014,shift_2,B
2026-03-27T18:15,28.687203,114.74881,32.746651,true,22.031,shift_2,B
2026-03-27T18:30,27.091494,108.365977,30.004809,true,21.361,shift_2,B
2026-03-27T18:45,23.346559,93.386236,22.987536,true,21.248,shift_2,B
2026-03-27T19:00,25.884701,103.538805,27.545373,true,21.09,shift_2,B
2026-03-27T19:15,27.2102,108.840802,31.331919,true,21.3,shift_2,B
2026-03-27T19:30,23.09949,92.39796,22.463702,true,22.4,shift_2,B
2026-03-27T19:45,27.72553,110.90212,30.602498,true,22.443,shift_2,B
2026-03-27T20:00,25.439022,101.756086,28.508556,true,21.827,shift_2,B
2026-03-27T20:15,26.132961,104.531846,28.121154,true,22.246,shift_2,B
2026-03-27T20:30,23.918328,95.673312,24.199125,true,21.735,shift_2,B
2026-03-27T20:45,27.684056,110.736222,30.71941,true,21.345,shift_2,B
2026-03-27T21:00,20.697357,82.789428,17.523287,true,21.591,shift_2,B
2026-03-27T21:15,22.793751,91.175005,21.435047,true,22.351,shift_2,B
2026-03-27T21:30,27.145896,108.583584,30.441691,true,21.575,shift_2,B
2026-03-27T21:45,22.781236,91.124945,21.39225,true,21.721,shift_2,B
2026-03-27T22:00,7.821424,31.285697,0.0,false,22.152,off,B
2026-03-27T22:15,7.709363,30.837452,0.0,false,21.283,off,B
2026-03-27T22:30,7.946425,31.785701,0.0,false,19.994,off,B
2026-03-27T22:45,8.420892,33.683569,0.0,false,19.926,off,B
2026-03-27T23:00,7.650963,30.603851,0.0,false,20.005,off,B
2026-03-27T23:15,7.441966,29.767864,0.0,false,20.711,off,B
2026-03-27T23:30,8.24349,32.973959,0.0,false,20.267,off,B
2026-03-27T23:45,7.897171,31.588684,0.0,false,20.361,off,B
2026-03-28T00:00,8.796044,35.184177,0.0,false,21.486,off,A
2026-03-28T00:15,7.730786,30.923145,0.0,false,21.032,off,A
2026-03-28T00:30,8.201215,32.804861,0.0,false,18.579,off,A
2026-03-28T00:45,7.424251,29.697005,0.0,false,20.383,off,A
2026-03-28T01:00,7.481058,29.924233,0.0,false,20.148,off,A
2026-03-28T01:15,7.387866,29.551463,0.0,false,19.339,off,A
2026-03-28T01:30,7.189458,28.757833,0.0,false,19.936,off,A
2026-03-28T01:45,7.437906,29.751623,0.0,false,18.789,off,A
2026-03-28T02:00,7.791675,31.166699,0.0,false,19.167,off,A
2026-03-28T02:15,7.679295,30.717178,0.0,false,19.329,off,A
2026-03-28T02:30,7.680051,30.720204,0.0,false,18.341,off,A
2026-03-28T02:45,7.746784,30.987134,0.0,false,18.347,off,A
2026-03-28T03:00,7.944656,31.778622,0.0,false,18.832,off,A
2026-03-28T03:15,7.162499,28.649998,0.0,false,19.052,off,A
2026-03-28T03:30,8.03511,32.14044,0.0,false,18.147,off,A
2026-03-28T03:45,8.034045,32.136181,0.0,false,17.433,off,A
2026-03-28T04:00,7.87578,31.50312,0.0,false,17.798,off,A
2026-03-28T04:15,7.826797,31.307189,0.0,false,18.03,off,A
2026-03-28T04:30,7.306566,29.226264,0.0,false,17.868,off,A
2026-03-28T04:45,8.374614,33.498456,0.0,false,17.593,off,A
2026-03-28T05:00,8.015962,32.063847,0.0,false,17.197,off,A
2026-03-28T05:15,7.61051,30.442039,0.0,false,17.102,off,A
2026-03-28T05:30,7.612456,30.449825,0.0,false,17.993,off,A
2026-03-28T05:45,8.045791,32.183164,0.0,false,17.109,off,A
2026-03-28T06:00,7.104801,28.419202,0.0,false,17.445,shift_1,A
2026-03-28T06:15,8.099548,32.398192,0.0,false,17.647,shift_1,A
2026-03-28T06:30,7.738591,30.954362,0.0,false,16.616,shift_1,A
2026-03-28T06:45,7.574708,30.298831,0.0,false,16.303,shift_1,A
2026-03-28T07:00,7.735611,30.942444,0.0,false,16.806,shift_1,A
2026-03-28T07:15,7.475745,29.902981,0.0,false,16.625,shift_1,A
2026-03-28T07:30,8.325546,33.302185,0.0,false,16.893,shift_1,A
2026-03-28T07:45,7.275073,29.100291,0.0,false,16.903,shift_1,A
2026-03-28T08:00,7.186697,28.746789,0.0,false,17.35,shift_1,A
2026-03-28T08:15,7.250581,29.002325,0.0,false,16.661,shift_1,A
2026-03-28T08:30,8.444099,33.776396,0.0,false,16.624,shift_1,A
2026-03-28T08:45,7.447078,29.788311,0.0,false,15.269,shift_1,A
2026-03-28T09:00,8.187791,32.751165,0.0,false,16.011,shift_1,A
2026-03-28T09:15,7.82736,31.309442,0.0,false,17.85,shift_1,A
2026-03-28T09:30,6.588706,26.354825,0.0,false,17.585,shift_1,A
2026-03-28T09:45,7.956171,31.824684,0.0,false,17.136,shift_1,A
2026-03-28T10:00,7.502429,30.009717,0.0,false,17.401,shift_1,A
2026-03-28T10:15,7.47342,29.893681,0.0,false,16.953,shift_1,A
2026-03-28T10:30,7.500427,30.001708,0.0,false,17.375,shift_1,A
2026-03-28T10:45,7.592616,30.370465,0.0,false,17.54,shift_1,A
2026-03-28T11:00,7.946204,31.784816,0.0,false,17.136,shift_1,A
2026-03-28T11:15,7.257149,29.028596,0.0,false,17.584,shift_1,A
2026-03-28T11:30,7.773362,31.093448,0.0,false,18.941,shift_1,A
2026-03-28T11:45,7.752808,31.011233,0.0,false,17.636,shift_1,A
2026-03-28T12:00,6.944888,27.779551,0.0,false,17.878,shift_1,A
2026-03-28T12:15,8.533536,34.134145,0.0,false,17.039,shift_1,A
2026-03-28T12:30,7.889455,31.55782,0.0,false,18.351,shift_1,A
2026-03-28T12:45,7.574325,30.297299,0.0,false,18.377,shift_1,A
2026-03-28T13:00,8.000772,32.003088,0.0,false,17.722,shift_1,A
2026-03-28T13:15,7.139304,28.557215,0.0,false,17.977,shift_1,A
2026-03-28T13:30,7.809247,31.236987,0.0,false,19.135,shift_1,A
2026-03-28T13:45,8.688972,34.755888,0.0,false,18.9,shift_1,A
2026-03-28T14:00,8.626727,34.506906,0.0,false,19.535,shift_2,A
2026-03-28T14:15,7.790752,31.163007,0.0,false,19.173,shift_2,A
2026-03-28T14:30,8.173,32.692,0.0,false,20.18,shift_2,A
2026-03-28T14:45,7.2276,28.910401,0.0,false,19.733,shift_2,A
2026-03-28T15:00,7.883487,31.533949,0.0,false,19.192,shift_2,A
2026-03-28T15:15,8.118455,32.473818,0.0,false,19.309,shift_2,A
2026-03-28T15:30,8.245021,32.980085,0.0,false,20.77,shift_2,A
2026-03-28T15:45,8.358479,33.433917,0.0,false,19.488,shift_2,A
2026-03-28T16:00,6.922372,27.689489,0.0,false,20.584,shift_2,A
2026-03-28T16:15,7.324714,29.298854,0.0,false,20.364,shift_2,A
2026-03-28T16:30,7.775665,31.102659,0.0,false,20.779,shift_2,A
2026-03-28T16:45,7.879748,31.518991,0.0,false,20.676,shift_2,A
2026-03-28T17:00,7.229205,28.916822,0.0,false,20.446,shift_2,A
2026-03-28T17:15,7.303474,29.213894,0.0,false,20.526,shift_2,A
2026-03-28T17:30,8.28556,33.142241,0.0,false,21.013,shift_2,A
2026-03-28T17:45,8.063669,32.254675,0.0,false,21.587,shift_2,A
2026-03-28T18:00,8.462026,33.848105,0.0,false,21.567,shift_2,A
2026-03-28T18:15,8.540752,34.163008,0.0,false,21.6,shift_2,A
2026-03-28T18:30,7.963509,31.854034,0.0,false,21.536,shift_2,A
2026-03-28T18:45,7.922103,31.68841,0.0,false,22.188,shift_2,A
2026-03-28T19:00,7.315555,29.262219,0.0,false,21.243,shift_2,A
2026-03-28T19:15,8.067061,32.268242,0.0,false,21.666,shift_2,A
2026-03-28T19:30,8.490388,33.961552,0.0,false,22.099,shift_2,A
2026-03-28T19:45,7.465169,29.860676,0.0,false,21.802,shift_2,A
2026-03-28T20:00,8.076721,32.306884,0.0,false,20.574,shift_2,A
2026-03-28T20:15,8.16514,32.660561,0.0,false,21.843,shift_2,A
2026-03-28T20:30,7.892707,31.57083,0.0,false,21.645,shift_2,A
2026-03-28T20:45,7.181411,28.725646,0.0,false,20.686,shift_2,A
2026-03-28T21:00,8.883727,35.534907,0.0,false,22.267,shift_2,A
2026-03-28T21:15,7.255782,29.023129,0.0,false,21.167,shift_2,A
2026-03-28T21:30,7.218024,28.872095,0.0,false,20.302,shift_2,A
2026-03-28T21:45,8.516303,34.065213,0.0,false,21.493,shift_2,A
2026-03-28T22:00,8.265079,33.060318,0.0,false,21.662,off,A
2026-03-28T22:15,8.2362,32.944798,0.0,false,21.144,off,A
2026-03-28T22:30,8.059544,32.238176,0.0,false,20.746,off,A
2026-03-28T22:45,7.466498,29.865994,0.0,false,21.835,off,A
2026-03-28T23:00,8.162646,32.650585,0.0,false,21.917,off,A
2026-03-28T23:15,7.655396,30.621583,0.0,false,20.188,off,A
2026-03-28T23:30,7.54281,30.171239,0.0,false,20.677,off,A
2026-03-28T23:45,8.451187,33.804749,0.0,false,20.044,off,A
2026-03-29T00:00,7.881729,31.526918,0.0,false,20.468,off,A
2026-03-29T00:15,7.316832,29.267329,0.0,false,19.978,off,A
2026-03-29T00:30,8.495541,33.982166,0.0,false,20.021,off,A
2026-03-29T00:45,8.553691,34.214763,0.0,false,20.784,off,A
2026-03-29T01:00,7.793044,31.172175,0.0,false,20.241,off,A
2026-03-29T01:15,7.452368,29.809471,0.0,false,20.016,off,A
2026-03-29T01:30,8.310444,33.241774,0.0,false,21.168,off,A
2026-03-29T01:45,7.399626,29.598504,0.0,false,18.789,off,A
2026-03-29T02:00,7.561986,30.247943,0.0,false,18.386,off,A
2026-03-29T02:15,8.400992,33.603969,0.0,false,19.096,off,A
2026-03-29T02:30,7.900136,31.600544,0.0,false,19.869,off,A
2026-03-29T02:45,7.469394,29.877577,0.0,false,18.623,off,A
2026-03-29T03:00,8.048828,32.195311,0.0,false,17.951,off,A
2026-03-29T03:15,8.592032,34.368129,0.0,false,18.526,off,A
2026-03-29T03:30,7.619386,30.477543,0.0,false,18.757,off,A
2026-03-29T03:45,6.996016,27.984065,0.0,false,18.189,off,A
2026-03-29T04:00,8.091159,32.364637,0.0,false,18.331,off,A
2026-03-29T04:15,7.056617,28.22647,0.0,false,17.83,off,A
2026-03-29T04:30,7.360876,29.443505,0.0,false,18.517,off,A
2026-03-29T04:45,7.84406,31.376238,0.0,false,17.62,off,A
2026-03-29T05:00,7.697943,30.79177,0.0,false,17.851,off,A
2026-03-29T05:15,8.661765,34.647058,0.0,false,16.511,off,A
2026-03-29T05:30,7.66145,30.645799,0.0,false,18.016,off,A
2026-03-29T05:45,6.983381,27.933525,0.0,false,17.337,off,A
2026-03-29T06:00,8.471967,33.887868,0.0,false,17.678,shift_1,A
2026-03-29T06:15,7.236638,28.946552,0.0,false,16.837,shift_1,A
2026-03-29T06:30,7.278383,29.11353,0.0,false,16.264,shift_1,A
2026-03-29T06:45,7.672965,30.691859,0.0,false,16.573,shift_1,A
2026-03-29T07:00,7.455721,29.822883,0.0,false,17.253,shift_1,A
2026-03-29T07:15,7.88655,31.546201,0.0,false,16.866,shift_1,A
2026-03-29T07:30,7.490207,29.960828,0.0,false,17.525,shift_1,A
2026-03-29T07:45,7.401606,29.606422,0.0,false,16.075,shift_1,A
2026-03-29T08:00,7.512321,30.049285,0.0,false,16.975,shift_1,A
2026-03-29T08:15,8.058205,32.23282,0.0,false,16.848,shift_1,A
2026-03-29T08:30,7.948661,31.794645,0.0,false,16.696,shift_1,A
2026-03-29T08:45,7.893057,31.572228,0.0,false,16.381,shift_1,A
2026-03-29T09:00,7.364656,29.458623,0.0,false,17.113,shift_1,A
2026-03-29T09:15,8.052891,32.211565,0.0,false,16.621,shift_1,A
2026-03-29T09:30,7.547754,30.191017,0.0,false,16.908,shift_1,A
2026-03-29T09:45,7.025877,28.103506,0.0,false,16.483,shift_1,A
2026-03-29T10:00,7.620301,30.481206,0.0,false,17.376,shift_1,A
2026-03-29T10:15,7.788,31.152001,0.0,false,17.015,shift_1,A
2026-03-29T10:30,8.502167,34.008667,0.0,false,16.896,shift_1,A
2026-03-29T10:45,7.625345,30.50138,0.0,false,17.719,shift_1,A
2026-03-29T11:00,7.848427,31.393708,0.0,false,17.149,shift_1,A
2026-03-29T11:15,7.828271,31.313085,0.0,false,18.236,shift_1,A
2026-03-29T11:30,7.368141,29.472565,0.0,false,18.066,shift_1,A
2026-03-29T11:45,8.311128,33.244511,0.0,false,16.791,shift_1,A
2026-03-29T12:00,8.122438,32.489751,0.0,false,17.894,shift_1,A
2026-03-29T12:15,8.415598,33.662392,0.0,false,17.77,shift_1,A
2026-03-29T12:30,7.752596,31.010383,0.0,false,18.556,shift_1,A
2026-03-29T12:45,7.807676,31.230702,0.0,false,18.31,shift_1,A
2026-03-29T13:00,8.000839,32.003355,0.0,false,18.104,shift_1,A
2026-03-29T13:15,7.654353,30.617411,0.0,false,18.911,shift_1,A
2026-03-29T13:30,7.483267,29.933067,0.0,false,18.266,shift_1,A
2026-03-29T13:45,7.859866,31.439463,0.0,false,18.913,shift_1,A
2026-03-29T14:00,8.034924,32.139694,0.0,false,19.116,shift_2,A
2026-03-29T14:15,7.405882,29.623529,0.0,false,19.902,shift_2,A
2026-03-29T14:30,7.131217,28.524868,0.0,false,19.702,shift_2,A
2026-03-29T14:45,7.929603,31.718412,0.0,false,19.444,shift_2,A
2026-03-29T15:00,8.017003,32.068012,0.0,false,19.737,shift_2,A
2026-03-29T15:15,7.487695,29.950779,0.0,false,20.23,shift_2,A
2026-03-29T15:30,6.669209,26.676836,0.0,false,20.147,shift_2,A
2026-03-29T15:45,7.534369,30.137475,0.0,false,20.481,shift_2,A
2026-03-29T16:00,7.968159,31.872638,0.0,false,20.286,shift_2,A
2026-03-29T16:15,8.265649,33.062596,0.0,false,20.354,shift_2,A
2026-03-29T16:30,8.117619,32.470476,0.0,false,21.159,shift_2,A
2026-03-29T16:45,7.686445,30.745781,0.0,false,21.212,shift_2,A
2026-03-29T17:00,8.509181,34.036725,0.0,false,20.488,shift_2,A
2026-03-29T17:15,7.624326,30.497305,0.0,false,21.201,shift_2,A
2026-03-29T17:30,8.223071,32.892284,0.0,false,22.123,shift_2,A
2026-03-29T17:45,8.052521,32.210083,0.0,false,20.588,shift_2,A
2026-03-29T18:00,8.605017,34.42007,0.0,false,21.59,shift_2,A
2026-03-29T18:15,8.394405,33.577618,0.0,false,21.421,shift_2,A
2026-03-29T18:30,8.241004,32.964015,0.0,false,21.933,shift_2,A
2026-03-29T18:45,8.28212,33.128481,0.0,false,20.804,shift_2,A
2026-03-29T19:00,7.837127,31.348507,0.0,false,22.038,shift_2,A
2026-03-29T19:15,8.539837,34.159347,0.0,false,21.507,shift_2,A
2026-03-29T19:30,8.321078,33.284311,0.0,false,21.85,shift_2,A
2026-03-29T19:45,7.986642,31.946567,0.0,false,21.384,shift_2,A
2026-03-29T20:00,7.813116,31.252464,0.0,false,21.869,shift_2,A
2026-03-29T20:15,7.758259,31.033034,0.0,false,20.411,shift_2,A
2026-03-29T20:30,8.082312,32.329247,0.0,false,22.035,shift_2,A
2026-03-29T20:45,8.08593,32.34372,0.0,false,21.336,shift_2,A
2026-03-29T21:00,8.39308,33.572322,0.0,false,22.217,shift_2,A
2026-03-29T21:15,8.23856,32.954239,0.0,false,21.671,shift_2,A
2026-03-29T21:30,7.804384,31.217535,0.0,false,21.335,shift_2,A
2026-03-29T21:45,8.627603,34.510413,0.0,false,21.699,shift_2,A
2026-03-29T22:00,8.612939,34.451757,0.0,false,22.334,off,A
2026-03-29T22:15,8.506206,34.024823,0.0,false,21.506,off,A
2026-03-29T22:30,7.052617,28.210467,0.0,false,21.097,off,A
2026-03-29T22:45,8.270675,33.0827,0.0,false,20.762,off,A
2026-03-29T23:00,8.576064,34.304254,0.0,false,21.511,off,A
2026-03-29T23:15,8.566023,34.264092,0.0,false,21.076,off,A
2026-03-29T23:30,7.264676,29.058705,0.0,false,20.66,off,A
2026-03-29T23:45,7.695294,30.781177,0.0,false,20.295,off,A
2026-03-30T00:00,7.907746,31.630983,0.0,false,20.543,off,B
2026-03-30T00:15,8.857488,35.429953,0.0,false,20.365,off,B
2026-03-30T00:30,7.843703,31.37481,0.0,false,19.814,off,B
2026-03-30T00:45,7.681873,30.727491,0.0,false,20.022,off,B
2026-03-30T01:00,7.250686,29.002746,0.0,false,19.699,off,B
2026-03-30T01:15,7.599595,30.398382,0.0,false,19.906,off,B
2026-03-30T01:30,7.980696,31.922784,0.0,false,19.613,off,B
2026-03-30T01:45,7.789475,31.1579,0.0,false,18.579,off,B
2026-03-30T02:00,7.459068,29.836272,0.0,false,19.43,off,B
2026-03-30T02:15,7.600415,30.40166,0.0,false,18.461,off,B
2026-03-30T02:30,7.815323,31.261293,0.0,false,19.455,off,B
2026-03-30T02:45,7.574806,30.299223,0.0,false,19.185,off,B
2026-03-30T03:00,7.965731,31.862924,0.0,false,18.702,off,B
2026-03-30T03:15,8.459509,33.838035,0.0,false,18.809,off,B
2026-03-30T03:30,8.308508,33.23403,0.0,false,18.157,off,B
2026-03-30T03:45,7.446164,29.784654,0.0,false,18.197,off,B
2026-03-30T04:00,7.598338,30.393351,0.0,false,18.536,off,B
2026-03-30T04:15,8.177692,32.710767,0.0,false,17.76,off,B
2026-03-30T04:30,7.981099,31.924395,0.0,false,17.646,off,B
2026-03-30T04:45,7.828966,31.315865,0.0,false,17.67,off,B
2026-03-30T05:00,7.493685,29.974742,0.0,false,17.883,off,B
2026-03-30T05:15,8.123648,32.494591,0.0,false,17.662,off,B
2026-03-30T05:30,8.316118,33.264472,0.0,false,17.495,off,B
2026-03-30T05:45,7.547637,30.190547,0.0,false,17.561,off,B
2026-03-30T06:00,25.31099,101.24396,25.60755,true,17.234,shift_1,B
2026-03-30T06:15,24.899144,99.596577,25.365013,true,18.182,shift_1,B
2026-03-30T06:30,19.162685,76.650742,14.597205,true,17.111,shift_1,B
2026-03-30T06:45,20.473766,81.895065,17.452577,true,16.349,shift_1,B
2026-03-30T07:00,24.401216,97.604862,24.065492,true,17.17,shift_1,B
2026-03-30T07:15,28.259368,113.037472,30.525178,true,17.646,shift_1,B
2026-03-30T07:30,26.500866,106.003464,28.179268,true,16.587,shift_1,B
2026-03-30T07:45,24.187188,96.748753,24.382983,true,16.423,shift_1,B
2026-03-30T08:00,25.773012,103.092049,28.088011,true,16.957,shift_1,B
2026-03-30T08:15,27.507893,110.031571,29.015612,true,17.156,shift_1,B
2026-03-30T08:30,26.317471,105.269885,27.902069,true,16.926,shift_1,B
2026-03-30T08:45,29.039249,116.156996,33.446555,true,17.367,shift_1,B
2026-03-30T09:00,25.846456,103.385823,26.783374,true,16.724,shift_1,B
2026-03-30T09:15,24.83121,99.32484,26.014256,true,16.934,shift_1,B
2026-03-30T09:30,24.537932,98.151727,26.366809,true,17.126,shift_1,B
2026-03-30T09:45,21.09526,84.381039,18.167282,true,16.82,shift_1,B
2026-03-30T10:00,20.16394,80.655761,16.817652,true,17.254,shift_1,B
2026-03-30T10:15,28.652086,114.608342,32.861328,true,17.081,shift_1,B
2026-03-30T10:30,20.171453,80.685813,17.623281,true,17.555,shift_1,B
2026-03-30T10:45,25.850596,103.402384,26.878411,true,16.379,shift_1,B
2026-03-30T11:00,31.024463,124.097851,36.177717,true,17.963,shift_1,B
2026-03-30T11:15,24.559108,98.236432,24.611133,true,18.723,shift_1,B
2026-03-30T11:30,28.956933,115.827731,32.725934,true,18.519,shift_1,B
2026-03-30T11:45,18.626626,74.506502,13.380045,true,18.304,shift_1,B
2026-03-30T12:00,25.06707,100.268282,25.739342,true,18.147,shift_1,B
2026-03-30T12:15,23.982443,95.929772,25.142217,true,18.88,shift_1,B
2026-03-30T12:30,25.954091,103.816365,26.782356,true,18.315,shift_1,B
2026-03-30T12:45,17.649276,70.597102,13.689432,true,18.078,shift_1,B
2026-03-30T13:00,28.189344,112.757376,31.430536,true,18.353,shift_1,B
2026-03-30T13:15,27.579014,110.316054,29.685103,true,19.532,shift_1,B
2026-03-30T13:30,23.740412,94.96165,23.760043,true,19.608,shift_1,B
2026-03-30T13:45,24.969874,99.879495,25.936807,true,19.134,shift_1,B
2026-03-30T14:00,26.667925,106.671698,26.921093,true,19.0,shift_2,B
2026-03-30T14:15,21.192456,84.769823,19.076957,true,19.917,shift_2,B
2026-03-30T14:30,25.791152,103.164607,27.84,true,20.052,shift_2,B
2026-03-30T14:45,23.601468,94.405872,22.773266,true,20.082,shift_2,B
2026-03-30T15:00,21.416622,85.666488,19.717927,true,20.413,shift_2,B
2026-03-30T15:15,22.775072,91.100286,21.508607,true,21.453,shift_2,B
2026-03-30T15:30,21.766999,87.067994,18.560312,true,20.304,shift_2,B
2026-03-30T15:45,21.574198,86.296794,19.313498,true,20.575,shift_2,B
2026-03-30T16:00,25.418547,101.674187,26.354421,true,20.59,shift_2,B
2026-03-30T16:15,24.701912,98.807648,26.620912,true,19.149,shift_2,B
2026-03-30T16:30,26.495901,105.983606,27.001269,true,21.023,shift_2,B
2026-03-30T16:45,32.071458,128.285832,37.256451,true,21.051,shift_2,B
2026-03-30T17:00,23.513153,94.052611,21.897276,true,21.496,shift_2,B
2026-03-30T17:15,29.924896,119.699585,34.862549,true,21.974,shift_2,B
2026-03-30T17:30,24.676033,98.704131,24.388566,true,22.307,shift_2,B
2026-03-30T17:45,26.847324,107.389298,27.669695,true,21.559,shift_2,B
2026-03-30T18:00,27.322719,109.290877,28.850222,true,21.866,shift_2,B
2026-03-30T18:15,27.398544,109.594174,29.242852,true,21.319,shift_2,B
2026-03-30T18:30,26.53407,106.136281,28.046545,true,21.964,shift_2,B
2026-03-30T18:45,27.768392,111.07357,31.704696,true,21.832,shift_2,B
2026-03-30T19:00,24.128336,96.513343,23.154074,true,21.923,shift_2,B
2026-03-30T19:15,27.360601,109.442403,29.837936,true,21.763,shift_2,B
2026-03-30T19:30,27.766241,111.064965,30.599024,true,21.597,shift_2,B
2026-03-30T19:45,26.332901,105.331605,27.169825,true,20.801,shift_2,B
2026-03-30T20:00,24.699866,98.799464,25.828516,true,21.216,shift_2,B
2026-03-30T20:15,25.924627,103.698509,26.446878,true,21.562,shift_2,B
2026-03-30T20:30,23.69946,94.79784,21.9748,true,21.883,shift_2,B
2026-03-30T20:45,23.855045,95.420178,22.496156,true,22.633,shift_2,B
2026-03-30T21:00,24.442546,97.770182,24.796972,true,21.713,shift_2,B
2026-03-30T21:15,23.928883,95.715532,24.138567,true,21.612,shift_2,B
2026-03-30T21:30,23.620712,94.482849,22.057947,true,21.505,shift_2,B
2026-03-30T21:45,24.039011,96.156045,23.996337,true,20.826,shift_2,B
2026-03-30T22:00,8.184604,32.738417,0.0,false,21.642,off,B
2026-03-30T22:15,7.61501,30.460039,0.0,false,21.587,off,B
2026-03-30T22:30,8.622666,34.490663,0.0,false,20.482,off,B
2026-03-30T22:45,7.761233,31.04493,0.0,false,20.704,off,B
2026-03-30T23:00,8.173311,32.693242,0.0,false,21.359,off,B
2026-03-30T23:15,8.644641,34.578565,0.0,false,21.027,off,B
2026-03-30T23:30,8.616989,34.467954,0.0,false,21.057,off,B
2026-03-30T23:45,8.457492,33.829969,0.0,false,20.566,off,B
2026-03-31T00:00,8.950635,35.802539,0.0,false,21.231,off,A
2026-03-31T00:15,8.359904,33.439616,0.0,false,20.002,off,A
2026-03-31T00:30,7.723364,30.893457,0.0,false,20.834,off,A
2026-03-31T00:45,7.654231,30.616925,0.0,false,19.217,off,A
2026-03-31T01:00,8.983306,35.933224,0.0,false,19.247,off,A
2026-03-31T01:15,8.146202,32.584809,0.0,false,20.103,off,A
2026-03-31T01:30,8.103322,32.413289,0.0,false,19.567,off,A
2026-03-31T01:45,8.46187,33.847481,0.0,false,19.636,off,A
2026-03-31T02:00,8.410604,33.642417,0.0,false,19.455,off,A
2026-03-31T02:15,7.766654,31.066615,0.0,false,20.157,off,A
2026-03-31T02:30,8.356715,33.42686,0.0,false,19.006,off,A
2026-03-31T02:45,7.596804,30.387217,0.0,false,18.616,off,A
2026-03-31T03:00,7.862035,31.44814,0.0,false,19.082,off,A
2026-03-31T03:15,8.537151,34.148605,0.0,false,19.462,off,A
2026-03-31T03:30,7.212729,28.850915,0.0,false,18.124,off,A
2026-03-31T03:45,8.211993,32.847972,0.0,false,17.805,off,A
2026-03-31T04:00,7.924544,31.698178,0.0,false,18.16,off,A
2026-03-31T04:15,7.916266,31.665064,0.0,false,17.744,off,A
2026-03-31T04:30,7.525753,30.103013,0.0,false,17.844,off,A
2026-03-31T04:45,8.829288,35.317153,0.0,false,17.631,off,A
2026-03-31T05:00,8.279153,33.116612,0.0,false,17.588,off,A
2026-03-31T05:15,7.883498,31.533994,0.0,false,17.468,off,A
2026-03-31T05:30,7.283373,29.133493,0.0,false,17.056,off,A
2026-03-31T05:45,8.300876,33.203504,0.0,false,17.052,off,A
2026-03-31T06:00,23.695762,94.783046,31.82699,true,17.128,shift_1,A
2026-03-31T06:15,21.619024,86.476094,26.870264,true,17.663,shift_1,A
2026-03-31T06:30,17.559369,70.237476,19.009054,true,17.416,shift_1,A
2026-03-31T06:45,19.455233,77.820931,21.610002,true,17.431,shift_1,A
2026-03-31T07:00,21.175349,84.701396,27.379088,true,15.664,shift_1,A
2026-03-31T07:15,21.19195,84.767801,26.682815,true,17.53,shift_1,A
2026-03-31T07:30,22.065428,88.261711,28.68066,true,17.442,shift_1,A
2026-03-31T07:45,21.119343,84.477373,26.899146,true,16.533,shift_1,A
2026-03-31T08:00,19.133173,76.532691,22.321173,true,17.703,shift_1,A
2026-03-31T08:15,22.814958,91.259832,30.570411,true,16.463,shift_1,A
2026-03-31T08:30,20.304791,81.219164,25.250842,true,16.358,shift_1,A
2026-03-31T08:45,21.942918,87.771672,28.748081,true,17.242,shift_1,A
2026-03-31T09:00,23.308696,93.234785,31.005107,true,17.076,shift_1,A
2026-03-31T09:15,19.957557,79.830228,23.362001,true,17.616,shift_1,A
2026-03-31T09:30,24.292196,97.168783,33.318843,true,16.653,shift_1,A
2026-03-31T09:45,20.726617,82.906466,26.489923,true,17.316,shift_1,A
2026-03-31T10:00,21.804549,87.218198,27.083771,true,17.621,shift_1,A
2026-03-31T10:15,18.499835,73.999338,19.283461,true,17.018,shift_1,A
2026-03-31T10:30,19.730787,78.923148,21.800385,true,17.357,shift_1,A
2026-03-31T10:45,23.408443,93.633773,32.061353,true,16.97,shift_1,A
2026-03-31T11:00,23.479715,93.918861,30.883875,true,16.81,shift_1,A
2026-03-31T11:15,23.916011,95.664043,33.072019,true,18.41,shift_1,A
2026-03-31T11:30,21.82198,87.287918,28.344409,true,17.669,shift_1,A
2026-03-31T11:45,21.084301,84.337203,25.219061,true,17.855,shift_1,A
2026-03-31T12:00,17.23198,68.92792,15.987624,true,18.34,shift_1,A
2026-03-31T12:15,19.832468,79.329874,22.983287,true,18.088,shift_1,A
2026-03-31T12:30,21.460875,85.843499,27.882197,true,18.613,shift_1,A
2026-03-31T12:45,18.835291,75.341164,20.282874,true,19.271,shift_1,A
2026-03-31T13:00,15.671629,62.686514,13.356474,true,19.082,shift_1,A
2026-03-31T13:15,22.534057,90.136228,29.701464,true,19.38,shift_1,A
2026-03-31T13:30,20.035231,80.140922,23.031482,true,18.766,shift_1,A
2026-03-31T13:45,19.690297,78.76119,22.636212,true,18.205,shift_1,A
2026-03-31T14:00,19.227816,76.911264,20.954448,true,20.234,shift_2,A
2026-03-31T14:15,20.261598,81.046391,22.437443,true,19.961,shift_2,A
2026-03-31T14:30,18.029717,72.118868,19.172629,true,18.993,shift_2,A
2026-03-31T14:45,18.050238,72.200952,16.835989,true,19.437,shift_2,A
2026-03-31T15:00,20.679414,82.717655,25.464733,true,19.793,shift_2,A
2026-03-31T15:15,21.311938,85.247754,27.077324,true,20.434,shift_2,A
2026-03-31T15:30,16.630525,66.522101,14.332413,true,21.036,shift_2,A
2026-03-31T15:45,24.789821,99.159286,34.277054,true,20.755,shift_2,A
2026-03-31T16:00,20.962092,83.848367,25.223549,true,20.589,shift_2,A
2026-03-31T16:15,21.239733,84.958931,26.238727,true,20.983,shift_2,A
2026-03-31T16:30,23.629193,94.516773,31.520995,true,21.011,shift_2,A
2026-03-31T16:45,23.224729,92.898914,29.946948,true,21.708,shift_2,A
2026-03-31T17:00,21.741232,86.964927,27.952939,true,20.958,shift_2,A
2026-03-31T17:15,22.597535,90.390139,29.276114,true,21.01,shift_2,A
2026-03-31T17:30,21.641337,86.565348,25.400658,true,22.512,shift_2,A
2026-03-31T17:45,24.275682,97.10273,32.955713,true,21.929,shift_2,A
2026-03-31T18:00,24.637808,98.551233,34.729632,true,20.645,shift_2,A
2026-03-31T18:15,27.401611,109.606446,40.864423,true,20.697,shift_2,A
2026-03-31T18:30,20.94783,83.791319,24.298743,true,22.049,shift_2,A
2026-03-31T18:45,22.474668,89.898673,28.398171,true,22.364,shift_2,A
2026-03-31T19:00,21.518785,86.075141,25.888407,true,21.489,shift_2,A
2026-03-31T19:15,25.448423,101.793693,35.048573,true,22.202,shift_2,A
2026-03-31T19:30,18.357687,73.430748,18.49618,true,21.343,shift_2,A
2026-03-31T19:45,22.262133,89.048533,28.640263,true,21.592,shift_2,A
2026-03-31T20:00,22.153634,88.614536,26.422217,true,21.831,shift_2,A
2026-03-31T20:15,21.282538,85.130152,25.137469,true,21.625,shift_2,A
2026-03-31T20:30,21.609516,86.438063,26.278612,true,21.627,shift_2,A
2026-03-31T20:45,19.351392,77.405568,18.595079,true,22.067,shift_2,A
2026-03-31T21:00,25.132535,100.530141,35.331294,true,21.552,shift_2,A
2026-03-31T21:15,16.975883,67.903531,13.849969,true,22.061,shift_2,A
2026-03-31T21:30,19.512144,78.048576,23.246276,true,21.145,shift_2,A
2026-03-31T21:45,24.669725,98.678899,33.655834,true,22.178,shift_2,A
2026-03-31T22:00,8.676149,34.704595,0.0,false,21.661,off,A
2026-03-31T22:15,8.858522,35.434086,0.0,false,21.293,off,A
2026-03-31T22:30,8.493166,33.972662,0.0,false,21.768,off,A
2026-03-31T22:45,8.354279,33.417118,0.0,false,21.106,off,A
2026-03-31T23:00,8.584388,34.337551,0.0,false,20.951,off,A
2026-03-31T23:15,8.15435,32.6174,0.0,false,20.508,off,A
2026-03-31T23:30,8.415672,33.662688,0.0,false,21.87,off,A
2026-03-31T23:45,8.135135,32.54054,0.0,false,20.096,off,A
2026-04-01T00:00,8.561851,34.247403,0.0,false,20.85,off,A
2026-04-01T00:15,9.025657,36.102627,0.0,false,20.972,off,A
2026-04-01T00:30,8.43148,33.72592,0.0,false,20.318,off,A
2026-04-01T00:45,8.745825,34.983298,0.0,false,19.941,off,A
2026-04-01T01:00,8.430109,33.720437,0.0,false,20.606,off,A
2026-04-01T01:15,8.469748,33.878993,0.0,false,20.019,off,A
2026-04-01T01:30,7.406293,29.625172,0.0,false,19.94,off,A
2026-04-01T01:45,8.10484,32.41936,0.0,false,19.11,off,A
2026-04-01T02:00,8.627898,34.511592,0.0,false,19.42,off,A
2026-04-01T02:15,8.105495,32.421978,0.0,false,19.579,off,A
2026-04-01T02:30,7.62094,30.483759,0.0,false,19.721,off,A
2026-04-01T02:45,8.320197,33.28079,0.0,false,18.71,off,A
2026-04-01T03:00,7.930822,31.723289,0.0,false,18.943,off,A
2026-04-01T03:15,8.071089,32.284357,0.0,false,18.503,off,A
2026-04-01T03:30,7.886416,31.545665,0.0,false,18.369,off,A
2026-04-01T03:45,8.051447,32.205787,0.0,false,17.527,off,A
2026-04-01T04:00,8.695496,34.781983,0.0,false,18.118,off,A
2026-04-01T04:15,8.113537,32.454148,0.0,false,18.093,off,A
2026-04-01T04:30,8.518623,34.074491,0.0,false,17.608,off,A
2026-04-01T04:45,8.830811,35.323244,0.0,false,17.251,off,A
2026-04-01T05:00,8.230833,32.923331,0.0,false,16.483,off,A
2026-04-01T05:15,8.476012,33.904048,0.0,false,17.79,off,A
2026-04-01T05:30,8.469437,33.877748,0.0,false,17.38,off,A
2026-04-01T05:45,8.085472,32.341886,0.0,false,17.288,off,A
2026-04-01T06:00,18.043765,72.175059,17.618918,true,17.473,shift_1,A
2026-04-01T06:15,20.679535,82.718139,23.567232,true,17.807,shift_1,A
2026-04-01T06:30,23.556371,94.225485,33.190622,true,16.806,shift_1,A
2026-04-01T06:45,20.379589,81.518355,22.778814,true,16.461,shift_1,A
2026-04-01T07:00,19.922444,79.689775,22.876507,true,17.612,shift_1,A
2026-04-01T07:15,19.499676,77.998703,20.990913,true,17.535,shift_1,A
2026-04-01T07:30,19.885394,79.541576,23.767217,true,16.435,shift_1,A
2026-04-01T07:45,21.91445,87.657798,28.374397,true,16.144,shift_1,A
2026-04-01T08:00,22.156006,88.624025,28.884213,true,16.461,shift_1,A
2026-04-01T08:15,22.121302,88.485208,27.049338,true,16.5,shift_1,A
2026-04-01T08:30,17.386133,69.544533,14.749212,true,17.433,shift_1,A
2026-04-01T08:45,22.155194,88.620775,28.73256,true,17.29,shift_1,A
2026-04-01T09:00,23.378576,93.514304,31.798841,true,16.606,shift_1,A
2026-04-01T09:15,24.024098,96.096393,32.83701,true,16.992,shift_1,A
2026-04-01T09:30,21.457341,85.829366,26.541318,true,17.401,shift_1,A
2026-04-01T09:45,20.229007,80.916029,23.553344,true,17.138,shift_1,A
2026-04-01T10:00,19.57359,78.294359,21.22723,true,17.042,shift_1,A
2026-04-01T10:15,21.938412,87.753649,27.125998,true,16.943,shift_1,A
2026-04-01T10:30,24.909148,99.636591,33.359328,true,16.579,shift_1,A
2026-04-01T10:45,22.391558,89.566232,28.252094,true,17.785,shift_1,A
2026-04-01T11:00,23.541699,94.166796,32.699333,true,17.618,shift_1,A
2026-04-01T11:15,19.801794,79.207174,21.435252,true,17.774,shift_1,A
2026-04-01T11:30,20.663429,82.653716,25.879991,true,17.867,shift_1,A
2026-04-01T11:45,21.996269,87.985078,28.331994,true,18.492,shift_1,A
2026-04-01T12:00,20.888696,83.554786,24.701067,true,18.482,shift_1,A
2026-04-01T12:15,23.050754,92.203015,32.480782,true,18.806,shift_1,A
2026-04-01T12:30,17.787091,71.148365,18.457357,true,17.944,shift_1,A
2026-04-01T12:45,18.280767,73.123068,17.952487,true,18.073,shift_1,A
2026-04-01T13:00,21.268232,85.072928,26.004174,true,18.477,shift_1,A
2026-04-01T13:15,20.6593,82.637202,24.824703,true,18.205,shift_1,A
2026-04-01T13:30,20.433585,81.73434,24.69815,true,18.783,shift_1,A
2026-04-01T13:45,21.029299,84.117196,26.945908,true,19.496,shift_1,A
2026-04-01T14:00,16.308991,65.235965,14.474943,true,19.093,shift_2,A
2026-04-01T14:15,18.253986,73.015943,17.30839,true,19.592,shift_2,A
2026-04-01T14:30,26.167139,104.668556,38.822798,true,19.131,shift_2,A
2026-04-01T14:45,19.486319,77.945276,22.242626,true,20.024,shift_2,A
2026-04-01T15:00,23.51636,94.06544,31.689167,true,20.696,shift_2,A
2026-04-01T15:15,18.906236,75.624945,21.005325,true,20.082,shift_2,A
2026-04-01T15:30,17.343816,69.375266,16.734398,true,20.479,shift_2,A
2026-04-01T15:45,20.97804,83.912159,25.388973,true,20.406,shift_2,A
2026-04-01T16:00,22.249933,88.99973,28.037937,true,20.443,shift_2,A
2026-04-01T16:15,21.241977,84.96791,26.941827,true,20.902,shift_2,A
2026-04-01T16:30,21.190146,84.760584,24.28864,true,21.999,shift_2,A
2026-04-01T16:45,22.332441,89.329762,29.568529,true,21.121,shift_2,A
2026-04-01T17:00,19.293581,77.174323,21.540297,true,21.272,shift_2,A
2026-04-01T17:15,19.664544,78.658174,22.064606,true,20.825,shift_2,A
2026-04-01T17:30,23.445631,93.782525,30.054029,true,21.561,shift_2,A
2026-04-01T17:45,25.514218,102.056872,36.408237,true,22.162,shift_2,A
2026-04-01T18:00,21.499406,85.997624,24.471437,true,21.659,shift_2,A
2026-04-01T18:15,24.293385,97.173542,33.491788,true,22.124,shift_2,A
2026-04-01T18:30,20.810917,83.24367,24.067293,true,21.94,shift_2,A
2026-04-01T18:45,22.299525,89.1981,27.406906,true,22.318,shift_2,A
2026-04-01T19:00,19.357719,77.430877,20.916611,true,21.723,shift_2,A
2026-04-01T19:15,22.700507,90.80203,29.258304,true,21.212,shift_2,A
2026-04-01T19:30,16.709232,66.836927,14.333183,true,22.087,shift_2,A
2026-04-01T19:45,21.649409,86.597634,25.613162,true,23.366,shift_2,A
2026-04-01T20:00,24.525971,98.103884,34.460243,true,21.768,shift_2,A
2026-04-01T20:15,23.317217,93.268866,30.417191,true,21.604,shift_2,A
2026-04-01T20:30,23.947911,95.791645,31.464504,true,22.217,shift_2,A
2026-04-01T20:45,22.561965,90.247862,28.710834,true,21.407,shift_2,A
2026-04-01T21:00,20.547612,82.19045,22.671553,true,21.624,shift_2,A
2026-04-01T21:15,23.286219,93.144876,31.292136,true,21.808,shift_2,A
2026-04-01T21:30,24.385293,97.541173,32.728037,true,21.598,shift_2,A
2026-04-01T21:45,20.65241,82.609641,25.534459,true,20.969,shift_2,A
2026-04-01T22:00,8.345674,33.382695,0.0,false,21.694,off,A
2026-04-01T22:15,8.259918,33.03967,0.0,false,21.482,off,A
2026-04-01T22:30,8.413871,33.655483,0.0,false,20.45,off,A
2026-04-01T22:45,8.569955,34.279818,0.0,false,22.03,off,A
2026-04-01T23:00,8.383282,33.533126,0.0,false,21.591,off,A
2026-04-01T23:15,8.58892,34.355679,0.0,false,21.134,off,A
2026-04-01T23:30,8.117588,32.470352,0.0,false,21.418,off,A
2026-04-01T23:45,7.931514,31.726054,0.0,false,21.383,off,A
2026-04-02T00:00,8.27581,33.103239,0.0,false,20.94,off,B
2026-04-02T00:15,8.017805,32.071218,0.0,false,20.367,off,B
2026-04-02T00:30,7.414636,29.658543,0.0,false,20.6,off,B
2026-04-02T00:45,7.481736,29.926944,0.0,false,19.701,off,B
2026-04-02T01:00,8.059588,32.238351,0.0,false,20.006,off,B
2026-04-02T01:15,8.416393,33.665572,0.0,false,21.157,off,B
2026-04-02T01:30,8.011416,32.045663,0.0,false,19.849,off,B
2026-04-02T01:45,8.438469,33.753878,0.0,false,20.285,off,B
2026-04-02T02:00,8.677504,34.710014,0.0,false,19.878,off,B
2026-04-02T02:15,8.481767,33.927068,0.0,false,20.314,off,B
2026-04-02T02:30,8.670105,34.680418,0.0,false,19.331,off,B
2026-04-02T02:45,8.09305,32.3722,0.0,false,18.412,off,B
2026-04-02T03:00,7.604749,30.418995,0.0,false,19.86,off,B
2026-04-02T03:15,8.307938,33.231752,0.0,false,18.951,off,B
2026-04-02T03:30,8.409509,33.638037,0.0,false,18.705,off,B
2026-04-02T03:45,8.046933,32.187731,0.0,false,18.975,off,B
2026-04-02T04:00,7.658303,30.633213,0.0,false,17.736,off,B
2026-04-02T04:15,7.550748,30.202994,0.0,false,18.574,off,B
2026-04-02T04:30,9.077823,36.311292,0.0,false,17.405,off,B
2026-04-02T04:45,8.153082,32.612329,0.0,false,17.784,off,B
2026-04-02T05:00,8.601267,34.405069,0.0,false,18.075,off,B
2026-04-02T05:15,8.047661,32.190646,0.0,false,17.206,off,B
2026-04-02T05:30,7.995522,31.982089,0.0,false,16.844,off,B
2026-04-02T05:45,8.290228,33.160913,0.0,false,17.013,off,B
2026-04-02T06:00,22.323222,89.292889,26.757341,true,17.874,shift_1,B
2026-04-02T06:15,24.167438,96.669753,29.110367,true,17.554,shift_1,B
2026-04-02T06:30,19.219735,76.878939,17.984981,true,17.954,shift_1,B
2026-04-02T06:45,21.471659,85.886637,23.581605,true,17.615,shift_1,B
2026-04-02T07:00,22.634074,90.536298,25.081719,true,17.332,shift_1,B
2026-04-02T07:15,19.171974,76.687895,18.006064,true,17.106,shift_1,B
2026-04-02T07:30,15.060997,60.243988,10.071206,true,17.545,shift_1,B
2026-04-02T07:45,23.380204,93.520816,28.593312,true,17.345,shift_1,B
2026-04-02T08:00,25.873091,103.492364,34.83587,true,17.163,shift_1,B
2026-04-02T08:15,21.149642,84.598569,23.574376,true,17.482,shift_1,B
2026-04-02T08:30,22.230459,88.921838,25.521946,true,16.087,shift_1,B
2026-04-02T08:45,25.098793,100.395174,30.691827,true,17.038,shift_1,B
2026-04-02T09:00,25.991253,103.96501,34.539064,true,16.863,shift_1,B
2026-04-02T09:15,21.76022,87.040878,25.076075,true,16.765,shift_1,B
2026-04-02T09:30,24.315543,97.262171,28.451506,true,17.094,shift_1,B
2026-04-02T09:45,25.556948,102.227793,33.375838,true,17.854,shift_1,B
2026-04-02T10:00,25.197401,100.789604,31.255378,true,17.322,shift_1,B
2026-04-02T10:15,20.489836,81.959344,20.424174,true,17.056,shift_1,B
2026-04-02T10:30,21.263502,85.054009,24.285507,true,17.394,shift_1,B
2026-04-02T10:45,28.081984,112.327938,38.919922,true,18.197,shift_1,B
2026-04-02T11:00,25.603327,102.413308,32.140787,true,17.586,shift_1,B
2026-04-02T11:15,22.648388,90.59355,26.613685,true,18.467,shift_1,B
2026-04-02T11:30,25.064364,100.257456,32.917249,true,17.489,shift_1,B
2026-04-02T11:45,25.249486,100.997943,31.826786,true,18.364,shift_1,B
2026-04-02T12:00,23.824663,95.29865,27.771646,true,17.79,shift_1,B
2026-04-02T12:15,26.49834,105.99336,35.595985,true,18.109,shift_1,B
2026-04-02T12:30,20.970346,83.881385,21.678184,true,18.714,shift_1,B
2026-04-02T12:45,23.512022,94.048089,27.657038,true,18.265,shift_1,B
2026-04-02T13:00,19.060232,76.240927,19.165649,true,18.724,shift_1,B
2026-04-02T13:15,21.810339,87.241357,22.965146,true,19.003,shift_1,B
2026-04-02T13:30,26.230359,104.921434,33.972475,true,17.575,shift_1,B
2026-04-02T13:45,23.850723,95.402892,28.892986,true,19.233,shift_1,B
2026-04-02T14:00,22.853554,91.414216,25.879714,true,18.643,shift_2,B
2026-04-02T14:15,20.535971,82.143883,21.697376,true,19.553,shift_2,B
2026-04-02T14:30,19.427302,77.709208,20.909518,true,19.247,shift_2,B
2026-04-02T14:45,24.776203,99.104812,32.519877,true,20.079,shift_2,B
2026-04-02T15:00,22.412469,89.649876,25.735863,true,20.238,shift_2,B
2026-04-02T15:15,21.348224,85.392898,22.561946,true,20.969,shift_2,B
2026-04-02T15:30,24.17981,96.719242,28.903442,true,19.853,shift_2,B
2026-04-02T15:45,24.773055,99.09222,30.529106,true,20.627,shift_2,B
2026-04-02T16:00,21.924515,87.698062,23.236082,true,21.336,shift_2,B
2026-04-02T16:15,19.322769,77.291078,16.011955,true,21.82,shift_2,B
2026-04-02T16:30,20.231302,80.925209,20.196731,true,22.028,shift_2,B
2026-04-02T16:45,25.422213,101.688853,33.003075,true,20.891,shift_2,B
2026-04-02T17:00,22.80023,91.200921,25.574086,true,21.854,shift_2,B
2026-04-02T17:15,22.436401,89.745603,26.775229,true,22.179,shift_2,B
2026-04-02T17:30,24.943311,99.773245,31.461617,true,20.982,shift_2,B
2026-04-02T17:45,26.254217,105.016866,32.316028,true,21.033,shift_2,B
2026-04-02T18:00,24.388912,97.555646,29.789426,true,21.263,shift_2,B
2026-04-02T18:15,29.110805,116.443221,39.612271,true,22.337,shift_2,B
2026-04-02T18:30,19.505198,78.02079,17.98647,true,22.17,shift_2,B
2026-04-02T18:45,24.841727,99.36691,29.617249,true,21.645,shift_2,B
2026-04-02T19:00,28.022136,112.088543,35.36809,true,22.215,shift_2,B
2026-04-02T19:15,23.124713,92.498853,26.157631,true,22.715,shift_2,B
2026-04-02T19:30,23.249259,92.997035,24.298997,true,22.293,shift_2,B
2026-04-02T19:45,20.66091,82.643639,22.732657,true,22.406,shift_2,B
2026-04-02T20:00,25.333722,101.334888,31.520616,true,22.403,shift_2,B
2026-04-02T20:15,22.969402,91.877606,27.758976,true,21.793,shift_2,B
2026-04-02T20:30,19.291314,77.165255,16.894753,true,21.446,shift_2,B
2026-04-02T20:45,20.763427,83.053708,21.620176,true,21.349,shift_2,B
2026-04-02T21:00,23.437109,93.748434,26.814237,true,22.148,shift_2,B
2026-04-02T21:15,24.249255,96.997021,28.36263,true,21.31,shift_2,B
2026-04-02T21:30,21.242511,84.970042,23.358004,true,21.538,shift_2,B
2026-04-02T21:45,18.781629,75.126516,18.136846,true,21.388,shift_2,B
2026-04-02T22:00,8.699404,34.797617,0.0,false,21.43,off,B
2026-04-02T22:15,7.688407,30.753628,0.0,false,21.829,off,B
2026-04-02T22:30,9.334754,37.339016,0.0,false,22.189,off,B
2026-04-02T22:45,9.350929,37.403716,0.0,false,20.731,off,B
2026-04-02T23:00,8.388523,33.554091,0.0,false,21.152,off,B
2026-04-02T23:15,8.858299,35.433197,0.0,false,21.319,off,B
2026-04-02T23:30,9.003399,36.013596,0.0,false,21.079,off,B
2026-04-02T23:45,8.401082,33.604329,0.0,false,20.349,off,B
2026-04-03T00:00,7.860923,31.443692,0.0,false,20.079,off,A
2026-04-03T00:15,8.146305,32.585221,0.0,false,20.352,off,A
2026-04-03T00:30,8.23405,32.936202,0.0,false,20.902,off,A
2026-04-03T00:45,8.195639,32.782555,0.0,false,20.888,off,A
2026-04-03T01:00,8.38357,33.534281,0.0,false,21.03,off,A
2026-04-03T01:15,7.993434,31.973734,0.0,false,21.237,off,A
2026-04-03T01:30,8.785365,35.141462,0.0,false,21.302,off,A
2026-04-03T01:45,8.667556,34.670224,0.0,false,19.266,off,A
2026-04-03T02:00,8.19229,32.769161,0.0,false,19.679,off,A
2026-04-03T02:15,8.056711,32.226844,0.0,false,19.159,off,A
2026-04-03T02:30,8.137698,32.550791,0.0,false,19.701,off,A
2026-04-03T02:45,8.411576,33.646304,0.0,false,18.845,off,A
2026-04-03T03:00,8.227141,32.908565,0.0,false,18.236,off,A
2026-04-03T03:15,8.282031,33.128124,0.0,false,19.008,off,A
2026-04-03T03:30,7.42935,29.717402,0.0,false,18.67,off,A
2026-04-03T03:45,7.780907,31.123628,0.0,false,17.881,off,A
2026-04-03T04:00,8.278993,33.115973,0.0,false,18.31,off,A
2026-04-03T04:15,9.264719,37.058874,0.0,false,18.152,off,A
2026-04-03T04:30,8.330522,33.322088,0.0,false,17.751,off,A
2026-04-03T04:45,8.564445,34.257779,0.0,false,18.063,off,A
2026-04-03T05:00,8.436528,33.746114,0.0,false,18.053,off,A
2026-04-03T05:15,8.027112,32.108446,0.0,false,17.414,off,A
2026-04-03T05:30,8.359009,33.436035,0.0,false,17.476,off,A
2026-04-03T05:45,8.335133,33.340533,0.0,false,16.862,off,A
2026-04-03T06:00,20.374882,81.499527,22.398727,true,17.239,shift_1,A
2026-04-03T06:15,20.903167,83.612669,24.282042,true,17.256,shift_1,A
2026-04-03T06:30,19.570221,78.280886,20.704563,true,16.56,shift_1,A
2026-04-03T06:45,19.861678,79.446713,20.775942,true,17.099,shift_1,A
2026-04-03T07:00,18.830805,75.323219,18.739933,true,17.457,shift_1,A
2026-04-03T07:15,19.660779,78.643117,21.428358,true,17.217,shift_1,A
2026-04-03T07:30,21.641228,86.564913,26.258656,true,17.455,shift_1,A
2026-04-03T07:45,22.796222,91.184886,29.603548,true,17.413,shift_1,A
2026-04-03T08:00,22.504016,90.016063,28.006951,true,16.427,shift_1,A
2026-04-03T08:15,19.841782,79.367126,21.486408,true,17.031,shift_1,A
2026-04-03T08:30,21.401573,85.606292,25.467546,true,17.548,shift_1,A
2026-04-03T08:45,26.153791,104.615163,38.437122,true,17.332,shift_1,A
2026-04-03T09:00,19.668314,78.673257,22.392158,true,17.686,shift_1,A
2026-04-03T09:15,21.998449,87.993796,28.901855,true,17.24,shift_1,A
2026-04-03T09:30,20.103227,80.41291,21.055996,true,17.376,shift_1,A
2026-04-03T09:45,24.522328,98.089311,36.250496,true,17.176,shift_1,A
2026-04-03T10:00,24.054169,96.216676,32.202144,true,18.012,shift_1,A
2026-04-03T10:15,20.382583,81.530332,23.55538,true,17.374,shift_1,A
2026-04-03T10:30,24.165132,96.66053,32.808333,true,17.487,shift_1,A
2026-04-03T10:45,22.587914,90.351658,30.229122,true,17.622,shift_1,A
2026-04-03T11:00,21.699207,86.79683,27.685044,true,17.742,shift_1,A
2026-04-03T11:15,20.684929,82.739715,25.956413,true,18.554,shift_1,A
2026-04-03T11:30,25.008466,100.033863,35.3621,true,17.594,shift_1,A
2026-04-03T11:45,19.065367,76.261466,20.958245,true,18.931,shift_1,A
2026-04-03T12:00,24.405181,97.620723,33.408692,true,18.281,shift_1,A
2026-04-03T12:15,19.102359,76.409435,19.943957,true,18.347,shift_1,A
2026-04-03T12:30,21.229636,84.918543,25.439643,true,18.641,shift_1,A
2026-04-03T12:45,22.67635,90.705399,29.150686,true,19.661,shift_1,A
2026-04-03T13:00,20.242987,80.971948,22.971584,true,19.074,shift_1,A
2026-04-03T13:15,20.401253,81.605013,24.746628,true,19.133,shift_1,A
2026-04-03T13:30,18.637642,74.550566,17.977963,true,19.35,shift_1,A
2026-04-03T13:45,22.025336,88.101345,27.344601,true,20.175,shift_1,A
2026-04-03T14:00,22.928175,91.712699,29.675525,true,18.892,shift_2,A
2026-04-03T14:15,23.016927,92.067707,29.776445,true,18.875,shift_2,A
2026-04-03T14:30,18.74201,74.968038,20.900195,true,20.392,shift_2,A
2026-04-03T14:45,18.388857,73.555427,18.949612,true,20.733,shift_2,A
2026-04-03T15:00,21.047057,84.188228,25.24427,true,20.711,shift_2,A
2026-04-03T15:15,20.374021,81.496084,21.86473,true,20.257,shift_2,A
2026-04-03T15:30,25.06268,100.250721,36.519299,true,19.785,shift_2,A
2026-04-03T15:45,20.887685,83.550738,24.733533,true,21.149,shift_2,A
2026-04-03T16:00,22.92143,91.68572,29.520945,true,20.881,shift_2,A
2026-04-03T16:15,22.984584,91.938335,29.455263,true,20.653,shift_2,A
2026-04-03T16:30,22.137877,88.551507,26.410561,true,21.468,shift_2,A
2026-04-03T16:45,21.366964,85.467856,25.500466,true,20.696,shift_2,A
2026-04-03T17:00,20.82174,83.286961,22.189069,true,21.356,shift_2,A
2026-04-03T17:15,20.360602,81.442408,23.1942,true,21.616,shift_2,A
2026-04-03T17:30,22.647641,90.590563,26.610278,true,22.17,shift_2,A
2026-04-03T17:45,25.192934,100.771736,33.773552,true,21.797,shift_2,A
2026-04-03T18:00,24.975316,99.901264,33.335176,true,22.489,shift_2,A
2026-04-03T18:15,26.183783,104.735131,37.971926,true,21.135,shift_2,A
2026-04-03T18:30,23.322861,93.291444,29.508478,true,22.129,shift_2,A
2026-04-03T18:45,21.847948,87.391792,25.960402,true,21.673,shift_2,A
2026-04-03T19:00,23.600241,94.400964,30.923593,true,21.736,shift_2,A
2026-04-03T19:15,23.634011,94.536045,29.779579,true,22.11,shift_2,A
2026-04-03T19:30,22.694859,90.779436,29.1182,true,22.102,shift_2,A
2026-04-03T19:45,21.742633,86.970532,24.860331,true,21.738,shift_2,A
2026-04-03T20:00,16.657594,66.630376,12.426115,true,21.426,shift_2,A
2026-04-03T20:15,19.687413,78.749654,21.046407,true,22.366,shift_2,A
2026-04-03T20:30,21.610173,86.440693,25.454846,true,22.574,shift_2,A
2026-04-03T20:45,21.219188,84.876752,22.537057,true,22.758,shift_2,A
2026-04-03T21:00,20.26411,81.05644,24.089595,true,22.106,shift_2,A
2026-04-03T21:15,20.814652,83.258609,25.853514,true,21.684,shift_2,A
2026-04-03T21:30,20.587775,82.351099,22.831519,true,21.997,shift_2,A
2026-04-03T21:45,20.075312,80.301246,23.720213,true,21.355,shift_2,A
2026-04-03T22:00,8.276784,33.107137,0.0,false,20.965,off,A
2026-04-03T22:15,8.398779,33.595114,0.0,false,21.141,off,A
2026-04-03T22:30,8.003468,32.013871,0.0,false,21.748,off,A
2026-04-03T22:45,8.684404,34.737618,0.0,false,21.672,off,A
2026-04-03T23:00,8.732953,34.931813,0.0,false,20.978,off,A
2026-04-03T23:15,8.067497,32.269988,0.0,false,20.984,off,A
2026-04-03T23:30,8.477717,33.91087,0.0,false,21.468,off,A
2026-04-03T23:45,8.573741,34.294965,0.0,false,21.184,off,A
2026-04-04T00:00,8.871393,35.48557,0.0,false,20.202,off,A
2026-04-04T00:15,8.703929,34.815715,0.0,false,20.588,off,A
2026-04-04T00:30,8.446318,33.785271,0.0,false,19.888,off,A
2026-04-04T00:45,8.49867,33.99468,0.0,false,20.038,off,A
2026-04-04T01:00,8.665816,34.663265,0.0,false,19.826,off,A
2026-04-04T01:15,9.045245,36.180979,0.0,false,19.609,off,A
2026-04-04T01:30,8.478595,33.914382,0.0,false,19.777,off,A
2026-04-04T01:45,8.667131,34.668525,0.0,false,19.306,off,A
2026-04-04T02:00,8.414638,33.65855,0.0,false,19.715,off,A
2026-04-04T02:15,7.579899,30.319597,0.0,false,19.277,off,A
2026-04-04T02:30,8.707153,34.828614,0.0,false,19.842,off,A
2026-04-04T02:45,8.461946,33.847785,0.0,false,19.071,off,A
2026-04-04T03:00,8.355879,33.423516,0.0,false,18.675,off,A
2026-04-04T03:15,8.002972,32.011888,0.0,false,19.184,off,A
2026-04-04T03:30,7.759543,31.038172,0.0,false,17.36,off,A
2026-04-04T03:45,8.652597,34.610388,0.0,false,19.226,off,A
2026-04-04T04:00,8.246148,32.98459,0.0,false,18.137,off,A
2026-04-04T04:15,8.829095,35.31638,0.0,false,18.628,off,A
2026-04-04T04:30,8.936732,35.746927,0.0,false,17.638,off,A
2026-04-04T04:45,7.978346,31.913385,0.0,false,17.977,off,A
2026-04-04T05:00,8.746189,34.984754,0.0,false,17.411,off,A
2026-04-04T05:15,8.255127,33.020508,0.0,false,17.389,off,A
2026-04-04T05:30,8.797896,35.191585,0.0,false,18.133,off,A
2026-04-04T05:45,8.792074,35.168295,0.0,false,17.68,off,A
2026-04-04T06:00,8.619541,34.478164,0.0,false,18.156,shift_1,A
2026-04-04T06:15,8.516584,34.066337,0.0,false,17.081,shift_1,A
2026-04-04T06:30,8.35083,33.40332,0.0,false,17.709,shift_1,A
2026-04-04T06:45,7.999938,31.999752,0.0,false,17.428,shift_1,A
2026-04-04T07:00,8.767428,35.069712,0.0,false,17.027,shift_1,A
2026-04-04T07:15,7.383215,29.532861,0.0,false,17.644,shift_1,A
2026-04-04T07:30,8.314256,33.257025,0.0,false,16.858,shift_1,A
2026-04-04T07:45,9.034214,36.136857,0.0,false,16.722,shift_1,A
2026-04-04T08:00,8.357689,33.430756,0.0,false,17.461,shift_1,A
2026-04-04T08:15,8.783179,35.132714,0.0,false,16.972,shift_1,A
2026-04-04T08:30,8.417572,33.670287,0.0,false,16.83,shift_1,A
2026-04-04T08:45,8.488905,33.955621,0.0,false,17.752,shift_1,A
2026-04-04T09:00,7.910105,31.64042,0.0,false,17.018,shift_1,A
2026-04-04T09:15,8.742033,34.968133,0.0,false,16.93,shift_1,A
2026-04-04T09:30,9.249259,36.997035,0.0,false,17.506,shift_1,A
2026-04-04T09:45,7.880635,31.52254,0.0,false,17.801,shift_1,A
2026-04-04T10:00,8.685546,34.742183,0.0,false,16.991,shift_1,A
2026-04-04T10:15,8.042538,32.170151,0.0,false,17.939,shift_1,A
2026-04-04T10:30,8.234439,32.937754,0.0,false,17.47,shift_1,A
2026-04-04T10:45,8.464402,33.857607,0.0,false,17.102,shift_1,A
2026-04-04T11:00,8.821474,35.285895,0.0,false,17.595,shift_1,A
2026-04-04T11:15,8.526957,34.107827,0.0,false,19.234,shift_1,A
2026-04-04T11:30,8.845284,35.381138,0.0,false,17.278,shift_1,A
2026-04-04T11:45,8.158657,32.634627,0.0,false,18.408,shift_1,A
2026-04-04T12:00,8.652584,34.610337,0.0,false,17.833,shift_1,A
2026-04-04T12:15,9.216009,36.864034,0.0,false,18.173,shift_1,A
2026-04-04T12:30,8.797177,35.188709,0.0,false,18.905,shift_1,A
2026-04-04T12:45,8.419074,33.676294,0.0,false,18.841,shift_1,A
2026-04-04T13:00,9.131772,36.527088,0.0,false,19.213,shift_1,A
2026-04-04T13:15,8.637537,34.550149,0.0,false,19.624,shift_1,A
2026-04-04T13:30,8.522081,34.088326,0.0,false,19.716,shift_1,A
2026-04-04T13:45,8.492818,33.971271,0.0,false,19.416,shift_1,A
2026-04-04T14:00,8.676132,34.704526,0.0,false,18.862,shift_2,A
2026-04-04T14:15,8.329076,33.316306,0.0,false,19.585,shift_2,A
2026-04-04T14:30,8.463708,33.854833,0.0,false,19.67,shift_2,A
2026-04-04T14:45,8.632685,34.530742,0.0,false,19.644,shift_2,A
2026-04-04T15:00,8.523162,34.092649,0.0,false,20.046,shift_2,A
2026-04-04T15:15,8.797117,35.188467,0.0,false,20.634,shift_2,A
2026-04-04T15:30,8.750737,35.002947,0.0,false,20.856,shift_2,A
2026-04-04T15:45,8.922817,35.691267,0.0,false,20.421,shift_2,A
2026-04-04T16:00,9.222241,36.888963,0.0,false,20.74,shift_2,A
2026-04-04T16:15,8.646813,34.587252,0.0,false,21.75,shift_2,A
2026-04-04T16:30,8.768103,35.072411,0.0,false,20.937,shift_2,A
2026-04-04T16:45,8.162789,32.651154,0.0,false,21.504,shift_2,A
2026-04-04T17:00,8.766851,35.067405,0.0,false,21.893,shift_2,A
2026-04-04T17:15,9.071546,36.286182,0.0,false,22.199,shift_2,A
2026-04-04T17:30,9.540531,38.162126,0.0,false,22.382,shift_2,A
2026-04-04T17:45,9.148138,36.592552,0.0,false,22.273,shift_2,A
2026-04-04T18:00,8.583637,34.334547,0.0,false,21.084,shift_2,A
2026-04-04T18:15,9.229792,36.919167,0.0,false,20.773,shift_2,A
2026-04-04T18:30,8.6613,34.645198,0.0,false,22.769,shift_2,A
2026-04-04T18:45,8.922995,35.691979,0.0,false,21.645,shift_2,A
2026-04-04T19:00,9.466911,37.867645,0.0,false,21.478,shift_2,A
2026-04-04T19:15,8.691657,34.766628,0.0,false,21.707,shift_2,A
2026-04-04T19:30,9.277919,37.111676,0.0,false,21.744,shift_2,A
2026-04-04T19:45,9.425271,37.701083,0.0,false,21.995,shift_2,A
2026-04-04T20:00,8.863262,35.453047,0.0,false,21.456,shift_2,A
2026-04-04T20:15,9.004506,36.018022,0.0,false,22.821,shift_2,A
2026-04-04T20:30,8.974502,35.898007,0.0,false,22.349,shift_2,A
2026-04-04T20:45,9.507589,38.030356,0.0,false,22.054,shift_2,A
2026-04-04T21:00,8.797465,35.189861,0.0,false,21.419,shift_2,A
2026-04-04T21:15,8.317361,33.269446,0.0,false,21.858,shift_2,A
2026-04-04T21:30,8.861819,35.447275,0.0,false,21.877,shift_2,A
2026-04-04T21:45,8.334585,33.338338,0.0,false,21.404,shift_2,A
2026-04-04T22:00,9.322178,37.288712,0.0,false,22.08,off,A
2026-04-04T22:15,8.843573,35.374293,0.0,false,21.305,off,A
2026-04-04T22:30,9.509734,38.038935,0.0,false,21.89,off,A
2026-04-04T22:45,8.197685,32.79074,0.0,false,21.195,off,A
2026-04-04T23:00,8.668934,34.675737,0.0,false,20.462,off,A
2026-04-04T23:15,9.16856,36.674242,0.0,false,21.646,off,A
2026-04-04T23:30,8.48066,33.922642,0.0,false,21.352,off,A
2026-04-04T23:45,9.036706,36.146826,0.0,false,21.93,off,A
2026-04-05T00:00,7.550359,30.201434,0.0,false,21.241,off,B
2026-04-05T00:15,6.90434,27.617361,0.0,false,20.784,off,B
2026-04-05T00:30,7.429671,29.718685,0.0,false,21.535,off,B
2026-04-05T00:45,7.637237,30.548949,0.0,false,19.735,off,B
2026-04-05T01:00,7.35709,29.428359,0.0,false,19.983,off,B
2026-04-05T01:15,7.956558,31.826234,0.0,false,20.378,off,B
2026-04-05T01:30,8.431504,33.726016,0.0,false,20.026,off,B
2026-04-05T01:45,8.072863,32.291451,0.0,false,20.197,off,B
2026-04-05T02:00,7.086264,28.345056,0.0,false,20.092,off,B
2026-04-05T02:15,7.585423,30.341691,0.0,false,19.793,off,B
2026-04-05T02:30,7.976875,31.9075,0.0,false,19.546,off,B
2026-04-05T02:45,8.736283,34.945133,0.0,false,19.102,off,B
2026-04-05T03:00,7.72087,30.88348,0.0,false,19.591,off,B
2026-04-05T03:15,8.208987,32.835947,0.0,false,18.923,off,B
2026-04-05T03:30,7.465994,29.863975,0.0,false,18.232,off,B
2026-04-05T03:45,7.826439,31.305755,0.0,false,18.595,off,B
2026-04-05T04:00,7.040184,28.160736,0.0,false,17.987,off,B
2026-04-05T04:15,7.367261,29.469043,0.0,false,17.178,off,B
2026-04-05T04:30,7.534135,30.13654,0.0,false,18.827,off,B
2026-04-05T04:45,7.806979,31.227915,0.0,false,17.739,off,B
2026-04-05T05:00,7.887914,31.551656,0.0,false,18.666,off,B
2026-04-05T05:15,7.306275,29.225102,0.0,false,17.628,off,B
2026-04-05T05:30,8.070188,32.280754,0.0,false,16.769,off,B
2026-04-05T05:45,7.651253,30.605012,0.0,false,17.023,off,B
2026-04-05T06:00,6.981343,27.92537,0.0,false,17.18,shift_1,B
2026-04-05T06:15,8.466357,33.865428,0.0,false,17.739,shift_1,B
2026-04-05T06:30,7.524511,30.098043,0.0,false,17.324,shift_1,B
2026-04-05T06:45,6.8871,27.5484,0.0,false,17.672,shift_1,B
2026-04-05T07:00,7.473362,29.89345,0.0,false,17.533,shift_1,B
2026-04-05T07:15,8.069442,32.277769,0.0,false,17.637,shift_1,B
2026-04-05T07:30,7.730689,30.922757,0.0,false,16.486,shift_1,B
2026-04-05T07:45,6.6295,26.518001,0.0,false,17.309,shift_1,B
2026-04-05T08:00,7.52041,30.081641,0.0,false,16.542,shift_1,B
2026-04-05T08:15,8.428029,33.712116,0.0,false,17.342,shift_1,B
2026-04-05T08:30,7.830525,31.322101,0.0,false,16.434,shift_1,B
2026-04-05T08:45,7.400316,29.601263,0.0,false,17.11,shift_1,B
2026-04-05T09:00,8.047494,32.189976,0.0,false,16.266,shift_1,B
2026-04-05T09:15,7.404939,29.619758,0.0,false,17.221,shift_1,B
2026-04-05T09:30,7.468553,29.874211,0.0,false,17.307,shift_1,B
2026-04-05T09:45,7.45285,29.8114,0.0,false,17.208,shift_1,B
2026-04-05T10:00,7.573364,30.293456,0.0,false,17.342,shift_1,B
2026-04-05T10:15,7.339531,29.358125,0.0,false,17.295,shift_1,B
2026-04-05T10:30,7.492672,29.970689,0.0,false,17.194,shift_1,B
2026-04-05T10:45,7.37711,29.50844,0.0,false,17.579,shift_1,B
2026-04-05T11:00,6.988852,27.95541,0.0,false,18.156,shift_1,B
2026-04-05T11:15,7.174984,28.699934,0.0,false,18.062,shift_1,B
2026-04-05T11:30,7.782545,31.130179,0.0,false,19.089,shift_1,B
2026-04-05T11:45,8.095191,32.380765,0.0,false,18.119,shift_1,B
2026-04-05T12:00,7.167019,28.668075,0.0,false,18.737,shift_1,B
2026-04-05T12:15,7.025416,28.101665,0.0,false,18.529,shift_1,B
2026-04-05T12:30,7.682506,30.730022,0.0,false,18.177,shift_1,B
2026-04-05T12:45,8.160471,32.641883,0.0,false,18.012,shift_1,B
2026-04-05T13:00,7.144746,28.578985,0.0,false,19.245,shift_1,B
2026-04-05T13:15,8.14939,32.59756,0.0,false,19.631,shift_1,B
2026-04-05T13:30,7.907306,31.629224,0.0,false,19.292,shift_1,B
2026-04-05T13:45,6.945213,27.780852,0.0,false,19.688,shift_1,B
2026-04-05T14:00,8.106873,32.427492,0.0,false,19.001,shift_2,B
2026-04-05T14:15,7.121513,28.486053,0.0,false,19.952,shift_2,B
2026-04-05T14:30,7.466525,29.866098,0.0,false,20.304,shift_2,B
2026-04-05T14:45,7.580916,30.323664,0.0,false,19.928,shift_2,B
2026-04-05T15:00,7.359129,29.436516,0.0,false,19.897,shift_2,B
2026-04-05T15:15,7.17608,28.704322,0.0,false,19.811,shift_2,B
2026-04-05T15:30,8.0955,32.382001,0.0,false,20.715,shift_2,B
2026-04-05T15:45,8.168585,32.674338,0.0,false,20.843,shift_2,B
2026-04-05T16:00,7.067342,28.269368,0.0,false,20.948,shift_2,B
2026-04-05T16:15,6.908094,27.632376,0.0,false,20.983,shift_2,B
2026-04-05T16:30,6.911041,27.644165,0.0,false,20.875,shift_2,B
2026-04-05T16:45,7.597489,30.389955,0.0,false,21.088,shift_2,B
2026-04-05T17:00,7.264573,29.058292,0.0,false,20.734,shift_2,B
2026-04-05T17:15,7.890228,31.560912,0.0,false,20.884,shift_2,B
2026-04-05T17:30,7.483674,29.934696,0.0,false,21.27,shift_2,B
2026-04-05T17:45,8.465857,33.863426,0.0,false,21.291,shift_2,B
2026-04-05T18:00,7.268849,29.075396,0.0,false,21.033,shift_2,B
2026-04-05T18:15,8.584572,34.338286,0.0,false,22.091,shift_2,B
2026-04-05T18:30,7.426303,29.70521,0.0,false,21.997,shift_2,B
2026-04-05T18:45,8.062492,32.249969,0.0,false,22.026,shift_2,B
2026-04-05T19:00,8.399769,33.599077,0.0,false,22.133,shift_2,B
2026-04-05T19:15,7.776272,31.105087,0.0,false,22.236,shift_2,B
2026-04-05T19:30,8.35372,33.414882,0.0,false,22.723,shift_2,B
2026-04-05T19:45,7.212549,28.850196,0.0,false,21.095,shift_2,B
2026-04-05T20:00,7.622063,30.488253,0.0,false,21.394,shift_2,B
2026-04-05T20:15,7.021572,28.086288,0.0,false,21.513,shift_2,B
2026-04-05T20:30,8.119255,32.477019,0.0,false,21.884,shift_2,B
2026-04-05T20:45,7.799096,31.196384,0.0,false,22.383,shift_2,B
2026-04-05T21:00,8.051531,32.206126,0.0,false,22.789,shift_2,B
2026-04-05T21:15,8.283079,33.132317,0.0,false,22.196,shift_2,B
2026-04-05T21:30,6.635878,26.543513,0.0,false,21.832,shift_2,B
2026-04-05T21:45,7.703535,30.814141,0.0,false,22.038,shift_2,B
2026-04-05T22:00,8.35185,33.407398,0.0,false,22.002,off,B
2026-04-05T22:15,7.431132,29.724526,0.0,false,20.591,off,B
2026-04-05T22:30,7.719904,30.879615,0.0,false,21.978,off,B
2026-04-05T22:45,7.037271,28.149083,0.0,false,22.016,off,B
2026-04-05T23:00,8.128597,32.514389,0.0,false,21.636,off,B
2026-04-05T23:15,7.733096,30.932384,0.0,false,20.677,off,B
2026-04-05T23:30,7.567916,30.271664,0.0,false,20.157,off,B
2026-04-05T23:45,7.206592,28.826369,0.0,false,21.085,off,B
2026-04-06T00:00,7.580577,30.322307,0.0,false,21.11,off,A
2026-04-06T00:15,7.687394,30.749576,0.0,false,20.062,off,A
2026-04-06T00:30,7.475231,29.900924,0.0,false,20.493,off,A
2026-04-06T00:45,6.60445,26.417801,0.0,false,19.705,off,A
2026-04-06T01:00,7.912276,31.649103,0.0,false,20.163,off,A
2026-04-06T01:15,7.840245,31.360979,0.0,false,20.863,off,A
2026-04-06T01:30,7.531169,30.124676,0.0,false,20.298,off,A
2026-04-06T01:45,6.983675,27.934701,0.0,false,19.693,off,A
2026-04-06T02:00,7.749089,30.996355,0.0,false,19.346,off,A
2026-04-06T02:15,6.976821,27.907284,0.0,false,19.466,off,A
2026-04-06T02:30,7.316469,29.265875,0.0,false,18.33,off,A
2026-04-06T02:45,7.58832,30.353281,0.0,false,19.137,off,A
2026-04-06T03:00,7.065115,28.260461,0.0,false,18.734,off,A
2026-04-06T03:15,6.984524,27.938098,0.0,false,18.565,off,A
2026-04-06T03:30,7.206682,28.826728,0.0,false,17.869,off,A
2026-04-06T03:45,8.063916,32.255662,0.0,false,18.798,off,A
2026-04-06T04:00,7.534425,30.137702,0.0,false,18.391,off,A
2026-04-06T04:15,6.883441,27.533766,0.0,false,17.439,off,A
2026-04-06T04:30,7.830465,31.32186,0.0,false,18.401,off,A
2026-04-06T04:45,8.021338,32.085352,0.0,false,18.691,off,A
2026-04-06T05:00,7.800147,31.200589,0.0,false,18.83,off,A
2026-04-06T05:15,7.695837,30.783349,0.0,false,17.332,off,A
2026-04-06T05:30,7.63499,30.539958,0.0,false,17.809,off,A
2026-04-06T05:45,8.271953,33.087811,0.0,false,17.087,off,A
2026-04-06T06:00,16.575943,66.30377,16.372582,true,17.391,shift_1,A
2026-04-06T06:15,15.358368,61.433472,12.526782,true,17.621,shift_1,A
2026-04-06T06:30,19.275525,77.1021,22.63669,true,17.746,shift_1,A
2026-04-06T06:45,19.024208,76.096833,21.978719,true,16.801,shift_1,A
2026-04-06T07:00,19.651757,78.607027,23.717769,true,17.599,shift_1,A
2026-04-06T07:15,22.518205,90.07282,30.608908,true,17.21,shift_1,A
2026-04-06T07:30,22.746995,90.98798,32.698145,true,16.701,shift_1,A
2026-04-06T07:45,22.840516,91.362064,30.68678,true,17.458,shift_1,A
2026-04-06T08:00,21.927086,87.708345,30.040707,true,16.816,shift_1,A
2026-04-06T08:15,23.746367,94.985468,32.392207,true,17.498,shift_1,A
2026-04-06T08:30,19.800751,79.203003,23.830844,true,17.411,shift_1,A
2026-04-06T08:45,19.48169,77.926762,23.02881,true,16.526,shift_1,A
2026-04-06T09:00,24.24478,96.979119,35.091833,true,17.825,shift_1,A
2026-04-06T09:15,26.345305,105.38122,42.808228,true,17.858,shift_1,A
2026-04-06T09:30,22.059889,88.239558,28.842489,true,18.189,shift_1,A
2026-04-06T09:45,22.993198,91.972791,33.478018,true,16.604,shift_1,A
2026-04-06T10:00,22.710897,90.843587,31.776303,true,16.269,shift_1,A
2026-04-06T10:15,18.319464,73.277854,21.485783,true,17.644,shift_1,A
2026-04-06T10:30,25.197885,100.791541,38.989112,true,17.532,shift_1,A
2026-04-06T10:45,23.481853,93.927414,31.866993,true,17.719,shift_1,A
2026-04-06T11:00,21.29682,85.187279,28.839063,true,17.793,shift_1,A
2026-04-06T11:15,23.732732,94.930927,33.880548,true,17.592,shift_1,A
2026-04-06T11:30,18.718062,74.872246,20.850917,true,18.694,shift_1,A
2026-04-06T11:45,24.097319,96.389276,34.955228,true,18.972,shift_1,A
2026-04-06T12:00,17.368052,69.472207,18.898926,true,17.786,shift_1,A
2026-04-06T12:15,21.816975,87.267901,30.791923,true,18.621,shift_1,A
2026-04-06T12:30,19.4351,77.740399,22.553729,true,18.169,shift_1,A
2026-04-06T12:45,21.265131,85.060522,27.111764,true,18.454,shift_1,A
2026-04-06T13:00,21.859559,87.438234,29.336383,true,19.116,shift_1,A
2026-04-06T13:15,19.776727,79.106907,23.663759,true,19.232,shift_1,A
2026-04-06T13:30,22.501339,90.005354,32.108738,true,19.548,shift_1,A
2026-04-06T13:45,19.537924,78.151696,22.14608,true,20.009,shift_1,A
2026-04-06T14:00,18.989408,75.957631,23.251848,true,20.288,shift_2,A
2026-04-06T14:15,20.335214,81.340857,24.607462,true,19.81,shift_2,A
2026-04-06T14:30,20.430534,81.722137,24.61343,true,20.415,shift_2,A
2026-04-06T14:45,22.793057,91.172228,31.300789,true,19.381,shift_2,A
2026-04-06T15:00,20.257743,81.03097,25.784808,true,20.01,shift_2,A
2026-04-06T15:15,17.508407,70.033626,19.530095,true,20.177,shift_2,A
2026-04-06T15:30,21.563528,86.25411,26.205235,true,20.946,shift_2,A
2026-04-06T15:45,17.597944,70.391777,18.747736,true,21.335,shift_2,A
2026-04-06T16:00,22.103582,88.414326,29.527863,true,20.689,shift_2,A
2026-04-06T16:15,21.826226,87.304904,27.967551,true,20.949,shift_2,A
2026-04-06T16:30,21.324333,85.297331,27.367663,true,21.379,shift_2,A
2026-04-06T16:45,18.857216,75.428863,21.089877,true,20.549,shift_2,A
2026-04-06T17:00,22.120229,88.480917,29.164871,true,20.742,shift_2,A
2026-04-06T17:15,21.107588,84.430351,25.563416,true,21.451,shift_2,A
2026-04-06T17:30,22.641878,90.567511,29.704017,true,21.271,shift_2,A
2026-04-06T17:45,21.727732,86.910926,28.272866,true,21.389,shift_2,A
2026-04-06T18:00,21.316266,85.265063,26.975544,true,21.01,shift_2,A
2026-04-06T18:15,18.511866,74.047465,21.624077,true,21.509,shift_2,A
2026-04-06T18:30,18.21108,72.844322,19.376795,true,21.649,shift_2,A
2026-04-06T18:45,23.703887,94.815547,31.625759,true,22.648,shift_2,A
2026-04-06T19:00,26.022928,104.091712,40.541419,true,22.305,shift_2,A
2026-04-06T19:15,20.272889,81.091555,23.11744,true,22.442,shift_2,A
2026-04-06T19:30,18.248466,72.993864,18.575031,true,21.942,shift_2,A
2026-04-06T19:45,16.883786,67.535144,15.018715,true,22.584,shift_2,A
2026-04-06T20:00,24.059883,96.23953,35.418702,true,22.382,shift_2,A
2026-04-06T20:15,20.091945,80.367778,23.232241,true,22.404,shift_2,A
2026-04-06T20:30,18.625698,74.502793,21.269864,true,21.501,shift_2,A
2026-04-06T20:45,17.416796,69.667183,15.061987,true,21.502,shift_2,A
2026-04-06T21:00,19.46398,77.855921,22.570342,true,21.014,shift_2,A
2026-04-06T21:15,18.536917,74.147667,20.090763,true,21.446,shift_2,A
2026-04-06T21:30,21.500565,86.002259,27.982551,true,22.245,shift_2,A
2026-04-06T21:45,19.656768,78.627071,21.291522,true,22.229,shift_2,A
2026-04-06T22:00,7.751549,31.006197,0.0,false,21.714,off,A
2026-04-06T22:15,7.866844,31.467374,0.0,false,21.465,off,A
2026-04-06T22:30,8.355992,33.423967,0.0,false,22.159,off,A
2026-04-06T22:45,8.229576,32.918305,0.0,false,21.625,off,A
2026-04-06T23:00,7.793003,31.17201,0.0,false,20.845,off,A
2026-04-06T23:15,6.972392,27.889566,0.0,false,20.053,off,A
2026-04-06T23:30,7.55833,30.233318,0.0,false,21.429,off,A
2026-04-06T23:45,7.159509,28.638036,0.0,false,20.748,off,A
2026-04-07T00:00,7.981443,31.925772,0.0,false,21.815,off,A
2026-04-07T00:15,7.222197,28.888789,0.0,false,20.822,off,A
2026-04-07T00:30,6.963497,27.85399,0.0,false,21.085,off,A
2026-04-07T00:45,7.007941,28.031763,0.0,false,20.322,off,A
2026-04-07T01:00,7.691376,30.765502,0.0,false,19.614,off,A
2026-04-07T01:15,7.265243,29.060971,0.0,false,19.299,off,A
2026-04-07T01:30,7.563306,30.253223,0.0,false,20.656,off,A
2026-04-07T01:45,7.353484,29.413937,0.0,false,19.782,off,A
2026-04-07T02:00,7.095851,28.383405,0.0,false,19.807,off,A
2026-04-07T02:15,7.747665,30.990662,0.0,false,19.378,off,A
2026-04-07T02:30,7.313643,29.254572,0.0,false,17.866,off,A
2026-04-07T02:45,7.15317,28.612681,0.0,false,19.639,off,A
2026-04-07T03:00,7.419745,29.67898,0.0,false,18.925,off,A
2026-04-07T03:15,7.580896,30.323585,0.0,false,18.542,off,A
2026-04-07T03:30,7.466783,29.867132,0.0,false,18.252,off,A
2026-04-07T03:45,7.684923,30.739691,0.0,false,19.104,off,A
2026-04-07T04:00,7.688293,30.753173,0.0,false,19.04,off,A
2026-04-07T04:15,8.36581,33.463238,0.0,false,17.274,off,A
2026-04-07T04:30,6.939719,27.758878,0.0,false,18.205,off,A
2026-04-07T04:45,8.150956,32.603825,0.0,false,18.488,off,A
2026-04-07T05:00,7.803112,31.21245,0.0,false,18.003,off,A
2026-04-07T05:15,7.469702,29.87881,0.0,false,17.281,off,A
2026-04-07T05:30,7.375026,29.500103,0.0,false,16.709,off,A
2026-04-07T05:45,7.34684,29.38736,0.0,false,18.331,off,A
2026-04-07T06:00,19.92528,79.701119,25.621605,true,17.279,shift_1,A
2026-04-07T06:15,22.55518,90.220719,28.919655,true,17.012,shift_1,A
2026-04-07T06:30,17.023066,68.092265,17.461807,true,17.518,shift_1,A
2026-04-07T06:45,23.719561,94.878244,32.999486,true,16.974,shift_1,A
2026-04-07T07:00,19.035381,76.141526,23.688684,true,16.981,shift_1,A
2026-04-07T07:15,18.173481,72.693922,19.949559,true,16.861,shift_1,A
2026-04-07T07:30,17.328094,69.312375,18.172934,true,16.721,shift_1,A
2026-04-07T07:45,20.883595,83.53438,28.190315,true,17.161,shift_1,A
2026-04-07T08:00,20.371488,81.485951,26.805461,true,16.065,shift_1,A
2026-04-07T08:15,21.2261,84.904402,27.74054,true,17.726,shift_1,A
2026-04-07T08:30,22.638057,90.552226,30.525309,true,17.6,shift_1,A
2026-04-07T08:45,22.91777,91.671079,30.999441,true,17.644,shift_1,A
2026-04-07T09:00,22.900666,91.602666,31.90298,true,16.739,shift_1,A
2026-04-07T09:15,19.905222,79.620887,25.736861,true,17.704,shift_1,A
2026-04-07T09:30,18.664563,74.658251,21.956393,true,17.795,shift_1,A
2026-04-07T09:45,24.483329,97.933314,35.618423,true,17.087,shift_1,A
2026-04-07T10:00,21.463777,85.855108,29.674057,true,18.067,shift_1,A
2026-04-07T10:15,23.028545,92.114181,33.705544,true,17.766,shift_1,A
2026-04-07T10:30,16.562957,66.25183,15.296607,true,18.804,shift_1,A
2026-04-07T10:45,18.203293,72.813172,19.263734,true,18.23,shift_1,A
2026-04-07T11:00,22.349678,89.39871,30.382237,true,17.139,shift_1,A
2026-04-07T11:15,18.157379,72.629517,21.54224,true,17.073,shift_1,A
2026-04-07T11:30,21.494396,85.977583,29.426033,true,18.513,shift_1,A
2026-04-07T11:45,20.534813,82.139253,27.001043,true,17.727,shift_1,A
2026-04-07T12:00,19.249131,76.996524,23.358228,true,18.813,shift_1,A
2026-04-07T12:15,17.867355,71.469419,20.057473,true,18.089,shift_1,A
2026-04-07T12:30,17.85706,71.428239,19.18948,true,18.676,shift_1,A
2026-04-07T12:45,22.015621,88.062485,29.443726,true,18.477,shift_1,A
2026-04-07T13:00,20.269316,81.077264,24.333416,true,18.684,shift_1,A
2026-04-07T13:15,19.53269,78.130759,22.203192,true,19.11,shift_1,A
2026-04-07T13:30,21.467843,85.871371,27.643039,true,20.412,shift_1,A
2026-04-07T13:45,20.762944,83.051776,25.00876,true,19.683,shift_1,A
2026-04-07T14:00,19.331444,77.325776,25.345697,true,19.604,shift_2,A
2026-04-07T14:15,22.337308,89.349233,29.266898,true,20.729,shift_2,A
2026-04-07T14:30,22.480707,89.92283,31.315424,true,19.084,shift_2,A
2026-04-07T14:45,22.74797,90.991882,31.209872,true,20.12,shift_2,A
2026-04-07T15:00,18.538117,74.152468,20.743311,true,20.715,shift_2,A
2026-04-07T15:15,21.06603,84.26412,27.531947,true,20.532,shift_2,A
2026-04-07T15:30,19.691644,78.766577,23.708539,true,21.521,shift_2,A
2026-04-07T15:45,18.960308,75.841233,21.696322,true,20.442,shift_2,A
2026-04-07T16:00,20.23496,80.939839,25.031326,true,21.57,shift_2,A
2026-04-07T16:15,24.634374,98.537496,35.636969,true,22.132,shift_2,A
2026-04-07T16:30,23.412853,93.651412,31.362441,true,20.323,shift_2,A
2026-04-07T16:45,22.563768,90.255071,30.360718,true,21.059,shift_2,A
2026-04-07T17:00,22.812721,91.250883,30.755059,true,21.732,shift_2,A
2026-04-07T17:15,18.88024,75.520959,22.433962,true,22.129,shift_2,A
2026-04-07T17:30,24.748075,98.9923,37.431088,true,20.919,shift_2,A
2026-04-07T17:45,24.790548,99.16219,33.909871,true,22.336,shift_2,A
2026-04-07T18:00,19.19243,76.76972,21.635982,true,21.481,shift_2,A
2026-04-07T18:15,24.885802,99.543208,36.415531,true,22.509,shift_2,A
2026-04-07T18:30,22.033915,88.135659,29.26153,true,22.019,shift_2,A
2026-04-07T18:45,17.184498,68.737993,17.214317,true,21.955,shift_2,A
2026-04-07T19:00,19.367213,77.468854,21.3702,true,21.711,shift_2,A
2026-04-07T19:15,21.931217,87.724866,28.143523,true,22.116,shift_2,A
2026-04-07T19:30,19.176876,76.707503,20.329981,true,22.651,shift_2,A
2026-04-07T19:45,20.481848,81.927393,25.971737,true,22.362,shift_2,A
2026-04-07T20:00,19.53782,78.151282,21.547235,true,21.399,shift_2,A
2026-04-07T20:15,21.558666,86.234664,26.694772,true,22.252,shift_2,A
2026-04-07T20:30,22.015213,88.060853,28.953745,true,21.731,shift_2,A
2026-04-07T20:45,23.308068,93.232273,30.769509,true,22.437,shift_2,A
2026-04-07T21:00,18.676137,74.704546,21.776598,true,21.525,shift_2,A
2026-04-07T21:15,16.982488,67.929953,16.082283,true,21.127,shift_2,A
2026-04-07T21:30,18.668034,74.672137,20.901041,true,22.591,shift_2,A
2026-04-07T21:45,18.55249,74.20996,17.655131,true,22.162,shift_2,A
2026-04-07T22:00,7.753722,31.014889,0.0,false,21.999,off,A
2026-04-07T22:15,7.411232,29.644929,0.0,false,21.491,off,A
2026-04-07T22:30,7.48632,29.945282,0.0,false,20.975,off,A
2026-04-07T22:45,7.647955,30.591821,0.0,false,22.539,off,A
2026-04-07T23:00,8.28744,33.14976,0.0,false,22.157,off,A
2026-04-07T23:15,8.013961,32.055845,0.0,false,21.199,off,A
2026-04-07T23:30,7.654306,30.617224,0.0,false,20.427,off,A
2026-04-07T23:45,7.987461,31.949844,0.0,false,21.686,off,A
2026-04-08T00:00,7.445579,29.782317,0.0,false,21.095,off,B
2026-04-08T00:15,7.582869,30.331477,0.0,false,20.267,off,B
2026-04-08T00:30,8.120378,32.481511,0.0,false,22.311,off,B
2026-04-08T00:45,7.153483,28.613932,0.0,false,19.841,off,B
2026-04-08T01:00,7.91368,31.654718,0.0,false,20.713,off,B
2026-04-08T01:15,6.331534,25.326138,0.0,false,19.323,off,B
2026-04-08T01:30,7.529413,30.117652,0.0,false,20.877,off,B
2026-04-08T01:45,7.56767,30.270681,0.0,false,20.152,off,B
2026-04-08T02:00,7.434079,29.736317,0.0,false,20.395,off,B
2026-04-08T02:15,7.435052,29.740209,0.0,false,20.359,off,B
2026-04-08T02:30,7.237915,28.95166,0.0,false,18.738,off,B
2026-04-08T02:45,7.991063,31.964251,0.0,false,18.527,off,B
2026-04-08T03:00,8.062802,32.25121,0.0,false,19.842,off,B
2026-04-08T03:15,7.722003,30.888014,0.0,false,18.429,off,B
2026-04-08T03:30,7.962849,31.851394,0.0,false,19.342,off,B
2026-04-08T03:45,7.473903,29.895613,0.0,false,19.116,off,B
2026-04-08T04:00,7.493571,29.974284,0.0,false,18.482,off,B
2026-04-08T04:15,7.489097,29.95639,0.0,false,19.146,off,B
2026-04-08T04:30,7.336168,29.344671,0.0,false,18.532,off,B
2026-04-08T04:45,6.663286,26.653145,0.0,false,18.482,off,B
2026-04-08T05:00,8.081602,32.326408,0.0,false,18.584,off,B
2026-04-08T05:15,7.934994,31.739977,0.0,false,18.35,off,B
2026-04-08T05:30,7.458071,29.832285,0.0,false,18.115,off,B
2026-04-08T05:45,7.440036,29.760146,0.0,false,17.507,off,B
2026-04-08T06:00,19.584884,78.339535,21.902641,true,17.818,shift_1,B
2026-04-08T06:15,21.687506,86.750022,24.916568,true,17.664,shift_1,B
2026-04-08T06:30,24.341872,97.367487,30.467783,true,16.881,shift_1,B
2026-04-08T06:45,19.312122,77.248489,20.916721,true,17.894,shift_1,B
2026-04-08T07:00,19.53683,78.147322,21.503332,true,17.027,shift_1,B
2026-04-08T07:15,22.562286,90.249144,27.796492,true,17.482,shift_1,B
2026-04-08T07:30,25.988779,103.955115,35.085009,true,17.257,shift_1,B
2026-04-08T07:45,20.181181,80.724723,21.850197,true,17.375,shift_1,B
2026-04-08T08:00,21.206426,84.825705,24.140611,true,17.409,shift_1,B
2026-04-08T08:15,23.810567,95.242267,30.195626,true,16.358,shift_1,B
2026-04-08T08:30,22.265981,89.063924,26.966768,true,16.966,shift_1,B
2026-04-08T08:45,22.286124,89.144495,28.102055,true,17.889,shift_1,B
2026-04-08T09:00,20.910458,83.641833,24.706051,true,17.696,shift_1,B
2026-04-08T09:15,21.275723,85.102892,25.184096,true,17.046,shift_1,B
2026-04-08T09:30,24.989255,99.957022,34.855302,true,17.709,shift_1,B
2026-04-08T09:45,23.006166,92.024666,29.636817,true,18.19,shift_1,B
2026-04-08T10:00,23.512276,94.049105,29.053618,true,17.877,shift_1,B
2026-04-08T10:15,23.054253,92.217014,29.778735,true,16.938,shift_1,B
2026-04-08T10:30,21.896551,87.586205,26.52014,true,18.535,shift_1,B
2026-04-08T10:45,21.965205,87.860821,27.13149,true,17.983,shift_1,B
2026-04-08T11:00,20.348915,81.395661,22.383912,true,19.151,shift_1,B
2026-04-08T11:15,22.649689,90.598755,26.924872,true,16.938,shift_1,B
2026-04-08T11:30,22.494826,89.979305,27.169605,true,17.871,shift_1,B
2026-04-08T11:45,24.355232,97.420929,32.030032,true,18.125,shift_1,B
2026-04-08T12:00,23.312954,93.251817,29.640131,true,18.476,shift_1,B
2026-04-08T12:15,19.47191,77.88764,19.692698,true,19.074,shift_1,B
2026-04-08T12:30,22.856242,91.424967,29.027412,true,19.408,shift_1,B
2026-04-08T12:45,21.953946,87.815784,26.15469,true,19.81,shift_1,B
2026-04-08T13:00,24.407046,97.628184,33.232237,true,19.001,shift_1,B
2026-04-08T13:15,19.214507,76.858026,20.580212,true,19.376,shift_1,B
2026-04-08T13:30,22.750175,91.000698,28.04002,true,20.319,shift_1,B
2026-04-08T13:45,20.422609,81.690436,22.320934,true,19.547,shift_1,B
2026-04-08T14:00,21.127792,84.511167,24.069569,true,19.172,shift_2,B
2026-04-08T14:15,18.942019,75.768075,21.080747,true,20.054,shift_2,B
2026-04-08T14:30,20.820691,83.282766,24.055736,true,19.857,shift_2,B
2026-04-08T14:45,21.853893,87.415573,26.337149,true,19.583,shift_2,B
2026-04-08T15:00,22.176769,88.707075,26.548512,true,20.411,shift_2,B
2026-04-08T15:15,22.13481,88.539241,25.603947,true,20.61,shift_2,B
2026-04-08T15:30,23.071647,92.286588,28.892562,true,20.061,shift_2,B
2026-04-08T15:45,21.813577,87.254309,26.196441,true,20.783,shift_2,B
2026-04-08T16:00,21.79836,87.19344,26.414745,true,20.81,shift_2,B
2026-04-08T16:15,21.529359,86.117437,24.60142,true,20.474,shift_2,B
2026-04-08T16:30,24.88004,99.520158,31.606068,true,20.961,shift_2,B
2026-04-08T16:45,22.415681,89.662724,26.959101,true,21.589,shift_2,B
2026-04-08T17:00,19.544872,78.179486,20.45384,true,22.083,shift_2,B
2026-04-08T17:15,22.872926,91.491705,28.426091,true,21.274,shift_2,B
2026-04-08T17:30,22.436611,89.746445,26.802923,true,21.983,shift_2,B
2026-04-08T17:45,24.330853,97.323413,31.165768,true,21.707,shift_2,B
2026-04-08T18:00,24.677875,98.7115,32.302243,true,23.062,shift_2,B
2026-04-08T18:15,19.124504,76.498014,20.839648,true,22.136,shift_2,B
2026-04-08T18:30,22.368619,89.474475,27.398523,true,22.098,shift_2,B
2026-04-08T18:45,25.321962,101.287849,31.769464,true,22.91,shift_2,B
2026-04-08T19:00,25.441836,101.767344,32.461147,true,22.847,shift_2,B
2026-04-08T19:15,24.548795,98.195181,31.390312,true,22.246,shift_2,B
2026-04-08T19:30,25.933825,103.735301,34.979777,true,22.154,shift_2,B
2026-04-08T19:45,24.435594,97.742375,31.445893,true,22.161,shift_2,B
2026-04-08T20:00,21.248518,84.994071,23.88333,true,22.472,shift_2,B
2026-04-08T20:15,22.841242,91.364968,27.377804,true,21.926,shift_2,B
2026-04-08T20:30,23.716145,94.864579,28.78248,true,23.681,shift_2,B
2026-04-08T20:45,24.476188,97.904751,29.888633,true,23.525,shift_2,B
2026-04-08T21:00,22.076332,88.30533,25.952357,true,22.587,shift_2,B
2026-04-08T21:15,19.308694,77.234775,20.694025,true,21.888,shift_2,B
2026-04-08T21:30,21.561784,86.247137,24.647367,true,22.206,shift_2,B
2026-04-08T21:45,20.866117,83.464467,22.718217,true,21.564,shift_2,B
2026-04-08T22:00,8.048727,32.194909,0.0,false,22.161,off,B
2026-04-08T22:15,8.062826,32.251306,0.0,false,21.93,off,B
2026-04-08T22:30,8.366713,33.466851,0.0,false,20.718,off,B
2026-04-08T22:45,7.567516,30.270065,0.0,false,21.671,off,B
2026-04-08T23:00,7.446225,29.784899,0.0,false,21.433,off,B
2026-04-08T23:15,7.423649,29.694597,0.0,false,21.61,off,B
2026-04-08T23:30,7.908772,31.635086,0.0,false,21.174,off,B
2026-04-08T23:45,8.101404,32.405618,0.0,false,20.898,off,B
2026-04-09T00:00,8.314654,33.258616,0.0,false,20.717,off,A
2026-04-09T00:15,7.307668,29.230673,0.0,false,20.435,off,A
2026-04-09T00:30,7.699688,30.798753,0.0,false,21.085,off,A
2026-04-09T00:45,7.470336,29.881343,0.0,false,20.013,off,A
2026-04-09T01:00,8.208905,32.835621,0.0,false,20.293,off,A
2026-04-09T01:15,6.999666,27.998663,0.0,false,20.141,off,A
2026-04-09T01:30,7.836248,31.344991,0.0,false,19.731,off,A
2026-04-09T01:45,7.670426,30.681705,0.0,false,19.187,off,A
2026-04-09T02:00,6.931525,27.726101,0.0,false,19.028,off,A
2026-04-09T02:15,8.088401,32.353603,0.0,false,19.609,off,A
2026-04-09T02:30,7.326367,29.305466,0.0,false,18.745,off,A
2026-04-09T02:45,7.905722,31.622888,0.0,false,19.499,off,A
2026-04-09T03:00,7.904863,31.619452,0.0,false,19.148,off,A
2026-04-09T03:15,7.143178,28.572711,0.0,false,19.003,off,A
2026-04-09T03:30,7.853463,31.413853,0.0,false,18.997,off,A
2026-04-09T03:45,7.403792,29.615168,0.0,false,19.098,off,A
2026-04-09T04:00,8.17329,32.693162,0.0,false,18.007,off,A
2026-04-09T04:15,8.175667,32.702667,0.0,false,18.255,off,A
2026-04-09T04:30,7.649283,30.59713,0.0,false,17.99,off,A
2026-04-09T04:45,6.710876,26.843504,0.0,false,18.326,off,A
2026-04-09T05:00,7.461953,29.847811,0.0,false,17.276,off,A
2026-04-09T05:15,7.669174,30.676694,0.0,false,17.492,off,A
2026-04-09T05:30,8.195168,32.780674,0.0,false,17.663,off,A
2026-04-09T05:45,7.721458,30.885832,0.0,false,17.4,off,A
2026-04-09T06:00,17.775441,71.101763,17.632065,true,18.023,shift_1,A
2026-04-09T06:15,19.634477,78.53791,26.053583,true,18.359,shift_1,A
2026-04-09T06:30,18.824986,75.299944,21.773682,true,17.872,shift_1,A
2026-04-09T06:45,19.034779,76.139117,20.898024,true,16.642,shift_1,A
2026-04-09T07:00,16.587372,66.349486,17.172318,true,17.077,shift_1,A
2026-04-09T07:15,21.629163,86.516652,29.642512,true,17.75,shift_1,A
2026-04-09T07:30,18.341275,73.365101,19.841921,true,17.892,shift_1,A
2026-04-09T07:45,22.813237,91.252949,32.69654,true,17.52,shift_1,A
2026-04-09T08:00,23.523194,94.092774,33.326768,true,16.371,shift_1,A
2026-04-09T08:15,19.65215,78.608601,23.52352,true,17.432,shift_1,A
2026-04-09T08:30,22.515142,90.060567,28.68718,true,16.565,shift_1,A
2026-04-09T08:45,20.442212,81.768847,26.955818,true,16.791,shift_1,A
2026-04-09T09:00,22.973143,91.892572,31.39958,true,17.386,shift_1,A
2026-04-09T09:15,18.927065,75.708259,22.11225,true,17.219,shift_1,A
2026-04-09T09:30,23.251293,93.005171,31.12156,true,16.757,shift_1,A
2026-04-09T09:45,19.786864,79.147454,23.168599,true,17.638,shift_1,A
2026-04-09T10:00,23.119138,92.476554,33.483245,true,17.412,shift_1,A
2026-04-09T10:15,20.732967,82.931866,28.148704,true,17.129,shift_1,A
2026-04-09T10:30,21.21767,84.87068,25.972737,true,17.801,shift_1,A
2026-04-09T10:45,19.776129,79.104515,25.01731,true,18.422,shift_1,A
2026-04-09T11:00,23.340727,93.362907,33.817491,true,18.826,shift_1,A
2026-04-09T11:15,20.58743,82.34972,25.97247,true,18.057,shift_1,A
2026-04-09T11:30,21.006124,84.024497,28.107681,true,19.112,shift_1,A
2026-04-09T11:45,19.62618,78.504722,23.440751,true,18.428,shift_1,A
2026-04-09T12:00,20.831195,83.324782,25.60457,true,18.509,shift_1,A
2026-04-09T12:15,18.658483,74.63393,20.507477,true,18.981,shift_1,A
2026-04-09T12:30,19.045473,76.181891,22.584994,true,18.037,shift_1,A
2026-04-09T12:45,19.321217,77.284866,24.103963,true,18.839,shift_1,A
2026-04-09T13:00,24.06278,96.25112,33.916182,true,20.118,shift_1,A
2026-04-09T13:15,21.644081,86.576326,27.092764,true,19.184,shift_1,A
2026-04-09T13:30,18.013578,72.054313,18.79291,true,19.522,shift_1,A
2026-04-09T13:45,20.956459,83.825835,28.338519,true,20.23,shift_1,A
2026-04-09T14:00,19.223809,76.895236,23.541948,true,20.444,shift_2,A
2026-04-09T14:15,19.087903,76.351614,21.107973,true,20.402,shift_2,A
2026-04-09T14:30,19.432551,77.730204,22.458179,true,20.346,shift_2,A
2026-04-09T14:45,23.127417,92.509669,33.270964,true,20.398,shift_2,A
2026-04-09T15:00,18.211177,72.844707,18.866879,true,19.475,shift_2,A
2026-04-09T15:15,17.954574,71.818294,19.517279,true,20.577,shift_2,A
2026-04-09T15:30,15.419147,61.676587,11.553532,true,19.886,shift_2,A
2026-04-09T15:45,19.709317,78.837269,24.14921,true,21.299,shift_2,A
2026-04-09T16:00,22.480056,89.920224,31.358586,true,20.842,shift_2,A
2026-04-09T16:15,19.562911,78.251645,23.98824,true,20.75,shift_2,A
2026-04-09T16:30,20.00818,80.03272,24.507948,true,21.532,shift_2,A
2026-04-09T16:45,26.313127,105.252508,39.384275,true,21.982,shift_2,A
2026-04-09T17:00,22.609233,90.436931,30.370603,true,21.867,shift_2,A
2026-04-09T17:15,19.366794,77.467178,21.249936,true,21.5,shift_2,A
2026-04-09T17:30,20.337498,81.349994,26.277533,true,21.358,shift_2,A
2026-04-09T17:45,22.95906,91.83624,31.165413,true,21.385,shift_2,A
2026-04-09T18:00,22.647073,90.588291,32.024567,true,21.847,shift_2,A
2026-04-09T18:15,22.6396,90.558399,31.69214,true,22.09,shift_2,A
2026-04-09T18:30,24.366182,97.464726,35.227958,true,22.259,shift_2,A
2026-04-09T18:45,24.14318,96.572718,33.903894,true,22.057,shift_2,A
2026-04-09T19:00,19.951515,79.806059,23.715593,true,22.267,shift_2,A
2026-04-09T19:15,22.334426,89.337705,31.01233,true,20.956,shift_2,A
2026-04-09T19:30,22.017647,88.070588,28.712195,true,22.257,shift_2,A
2026-04-09T19:45,21.490659,85.962637,26.981195,true,22.859,shift_2,A
2026-04-09T20:00,23.210742,92.842969,33.133695,true,22.088,shift_2,A
2026-04-09T20:15,20.697842,82.791367,25.805978,true,21.839,shift_2,A
2026-04-09T20:30,24.890872,99.563489,35.119025,true,21.812,shift_2,A
2026-04-09T20:45,22.547235,90.18894,28.602759,true,23.126,shift_2,A
2026-04-09T21:00,18.303073,73.212291,17.900822,true,22.873,shift_2,A
2026-04-09T21:15,19.722215,78.888862,23.025441,true,21.876,shift_2,A
2026-04-09T21:30,19.253805,77.015222,21.837462,true,23.044,shift_2,A
2026-04-09T21:45,23.845412,95.381646,31.624024,true,21.754,shift_2,A
2026-04-09T22:00,7.534757,30.139028,0.0,false,21.95,off,A
2026-04-09T22:15,7.408518,29.634071,0.0,false,22.74,off,A
2026-04-09T22:30,8.073649,32.294598,0.0,false,21.595,off,A
2026-04-09T22:45,7.916873,31.667491,0.0,false,21.715,off,A
2026-04-09T23:00,7.891793,31.567172,0.0,false,21.422,off,A
2026-04-09T23:15,8.006557,32.026226,0.0,false,21.914,off,A
2026-04-09T23:30,7.741901,30.967606,0.0,false,21.483,off,A
2026-04-09T23:45,7.018685,28.07474,0.0,false,21.725,off,A
2026-04-10T00:00,8.365603,33.462412,0.0,false,21.929,off,A
2026-04-10T00:15,7.736416,30.945664,0.0,false,20.722,off,A
2026-04-10T00:30,7.458291,29.833166,0.0,false,20.776,off,A
2026-04-10T00:45,7.426394,29.705577,0.0,false,20.507,off,A
2026-04-10T01:00,7.521056,30.084225,0.0,false,20.077,off,A
2026-04-10T01:15,8.104571,32.418285,0.0,false,20.771,off,A
2026-04-10T01:30,7.328583,29.314331,0.0,false,19.72,off,A
2026-04-10T01:45,7.440834,29.763335,0.0,false,19.982,off,A
2026-04-10T02:00,8.238844,32.955376,0.0,false,20.484,off,A
2026-04-10T02:15,7.46754,29.870162,0.0,false,19.581,off,A
2026-04-10T02:30,7.417446,29.669782,0.0,false,20.037,off,A
2026-04-10T02:45,7.33749,29.349958,0.0,false,19.349,off,A
2026-04-10T03:00,7.616557,30.466229,0.0,false,19.343,off,A
2026-04-10T03:15,7.336332,29.345326,0.0,false,18.009,off,A
2026-04-10T03:30,7.706668,30.826671,0.0,false,18.728,off,A
2026-04-10T03:45,7.559816,30.239264,0.0,false,17.892,off,A
2026-04-10T04:00,6.958401,27.833603,0.0,false,18.614,off,A
2026-04-10T04:15,7.414038,29.656151,0.0,false,18.936,off,A
2026-04-10T04:30,7.470594,29.882377,0.0,false,17.665,off,A
2026-04-10T04:45,7.906778,31.627112,0.0,false,17.972,off,A
2026-04-10T05:00,7.318585,29.274341,0.0,false,17.707,off,A
2026-04-10T05:15,7.341758,29.367032,0.0,false,17.936,off,A
2026-04-10T05:30,7.268096,29.072385,0.0,false,18.295,off,A
2026-04-10T05:45,7.371865,29.487459,0.0,false,17.506,off,A
2026-04-10T06:00,19.391111,77.564445,23.693795,true,17.856,shift_1,A
2026-04-10T06:15,20.017444,80.069777,23.968914,true,17.332,shift_1,A
2026-04-10T06:30,23.324649,93.298597,32.421083,true,16.864,shift_1,A
2026-04-10T06:45,20.960267,83.841066,27.342472,true,17.569,shift_1,A
2026-04-10T07:00,20.295706,81.182824,26.668029,true,17.991,shift_1,A
2026-04-10T07:15,18.877224,75.508898,20.939053,true,17.614,shift_1,A
2026-04-10T07:30,22.22221,88.888841,29.797584,true,17.279,shift_1,A
2026-04-10T07:45,20.058728,80.23491,25.876152,true,17.655,shift_1,A
2026-04-10T08:00,21.527433,86.10973,27.827614,true,17.192,shift_1,A
2026-04-10T08:15,17.282213,69.128851,17.344112,true,17.636,shift_1,A
2026-04-10T08:30,19.408905,77.635619,24.545233,true,17.802,shift_1,A
2026-04-10T08:45,21.121228,84.484911,26.165474,true,17.107,shift_1,A
2026-04-10T09:00,19.672614,78.690456,24.643203,true,17.796,shift_1,A
2026-04-10T09:15,23.782678,95.130713,34.435349,true,17.037,shift_1,A
2026-04-10T09:30,22.221563,88.886251,27.774403,true,17.581,shift_1,A
2026-04-10T09:45,20.47919,81.916761,26.650278,true,18.466,shift_1,A
2026-04-10T10:00,22.995492,91.981968,31.63481,true,16.474,shift_1,A
2026-04-10T10:15,20.21409,80.85636,24.145776,true,17.518,shift_1,A
2026-04-10T10:30,19.072327,76.289307,21.531076,true,18.522,shift_1,A
2026-04-10T10:45,22.33189,89.327559,30.223194,true,18.54,shift_1,A
2026-04-10T11:00,22.752585,91.010341,32.256517,true,17.302,shift_1,A
2026-04-10T11:15,21.612966,86.451863,26.581032,true,18.484,shift_1,A
2026-04-10T11:30,21.992157,87.96863,27.885496,true,17.515,shift_1,A
2026-04-10T11:45,19.587339,78.349355,24.131891,true,18.871,shift_1,A
2026-04-10T12:00,20.607799,82.431197,25.571382,true,18.544,shift_1,A
2026-04-10T12:15,22.25047,89.00188,30.620159,true,18.119,shift_1,A
2026-04-10T12:30,20.63785,82.551398,26.50548,true,18.871,shift_1,A
2026-04-10T12:45,20.776412,83.105648,28.493937,true,18.447,shift_1,A
2026-04-10T13:00,20.222202,80.888806,24.682873,true,19.833,shift_1,A
2026-04-10T13:15,17.208378,68.833512,18.214411,true,18.805,shift_1,A
2026-04-10T13:30,19.806946,79.227785,23.41374,true,20.341,shift_1,A
2026-04-10T13:45,21.521529,86.086116,27.540778,true,19.762,shift_1,A
2026-04-10T14:00,22.056404,88.225614,29.063039,true,20.056,shift_2,A
2026-04-10T14:15,19.900884,79.603535,24.747001,true,20.23,shift_2,A
2026-04-10T14:30,22.510606,90.042425,30.36329,true,20.175,shift_2,A
2026-04-10T14:45,20.027364,80.109458,22.960283,true,20.833,shift_2,A
2026-04-10T15:00,20.336883,81.347533,26.344238,true,19.427,shift_2,A
2026-04-10T15:15,17.831404,71.325616,19.554817,true,20.494,shift_2,A
2026-04-10T15:30,21.417431,85.669724,26.000022,true,21.115,shift_2,A
2026-04-10T15:45,20.85006,83.400241,24.825743,true,21.075,shift_2,A
2026-04-10T16:00,22.185194,88.740774,29.213742,true,21.378,shift_2,A
2026-04-10T16:15,22.302272,89.209087,30.654088,true,20.39,shift_2,A
2026-04-10T16:30,22.02125,88.084999,28.61258,true,22.251,shift_2,A
2026-04-10T16:45,25.566039,102.264154,38.894622,true,21.09,shift_2,A
2026-04-10T17:00,20.61691,82.467639,26.15342,true,21.804,shift_2,A
2026-04-10T17:15,21.631642,86.526567,28.279169,true,21.122,shift_2,A
2026-04-10T17:30,20.404943,81.619772,26.150186,true,22.123,shift_2,A
2026-04-10T17:45,20.464047,81.856188,24.362153,true,20.944,shift_2,A
2026-04-10T18:00,21.228014,84.912054,27.255988,true,22.603,shift_2,A
2026-04-10T18:15,23.76996,95.079841,32.375515,true,22.091,shift_2,A
2026-04-10T18:30,21.180494,84.721976,27.041203,true,22.142,shift_2,A
2026-04-10T18:45,23.979068,95.916273,34.394175,true,22.797,shift_2,A
2026-04-10T19:00,22.318034,89.272135,31.188229,true,21.979,shift_2,A
2026-04-10T19:15,24.081818,96.327273,33.100004,true,21.557,shift_2,A
2026-04-10T19:30,20.228606,80.914423,24.559732,true,22.261,shift_2,A
2026-04-10T19:45,17.557321,70.229285,17.980116,true,21.919,shift_2,A
2026-04-10T20:00,24.910852,99.643407,36.082036,true,22.022,shift_2,A
2026-04-10T20:15,23.065731,92.262924,30.734266,true,22.36,shift_2,A
2026-04-10T20:30,19.918929,79.675716,22.860113,true,21.6,shift_2,A
2026-04-10T20:45,18.405728,73.622913,16.961462,true,22.269,shift_2,A
2026-04-10T21:00,20.445052,81.780208,21.666333,true,21.448,shift_2,A
2026-04-10T21:15,17.932794,71.731176,17.800461,true,22.39,shift_2,A
2026-04-10T21:30,21.055452,84.221809,25.940816,true,22.287,shift_2,A
2026-04-10T21:45,19.157838,76.631352,22.733212,true,22.733,shift_2,A
2026-04-10T22:00,8.731338,34.925354,0.0,false,21.928,off,A
2026-04-10T22:15,8.469428,33.877713,0.0,false,21.898,off,A
2026-04-10T22:30,7.756469,31.025876,0.0,false,21.682,off,A
2026-04-10T22:45,7.365332,29.461328,0.0,false,21.896,off,A
2026-04-10T23:00,7.723421,30.893686,0.0,false,22.606,off,A
2026-04-10T23:15,7.24917,28.996679,0.0,false,21.558,off,A
2026-04-10T23:30,8.315829,33.263316,0.0,false,20.994,off,A
2026-04-10T23:45,7.54476,30.17904,0.0,false,20.768,off,A
2026-04-11T00:00,7.255858,29.023433,0.0,false,20.319,off,B
2026-04-11T00:15,7.24812,28.992479,0.0,false,21.243,off,B
2026-04-11T00:30,7.761577,31.046309,0.0,false,20.107,off,B
2026-04-11T00:45,7.223544,28.894178,0.0,false,20.423,off,B
2026-04-11T01:00,8.094794,32.379176,0.0,false,20.832,off,B
2026-04-11T01:15,7.516324,30.065297,0.0,false,20.199,off,B
2026-04-11T01:30,7.597624,30.390494,0.0,false,20.265,off,B
2026-04-11T01:45,7.886833,31.547331,0.0,false,19.686,off,B
2026-04-11T02:00,8.168401,32.673603,0.0,false,19.881,off,B
2026-04-11T02:15,8.112764,32.451057,0.0,false,18.9,off,B
2026-04-11T02:30,7.67445,30.697801,0.0,false,19.848,off,B
2026-04-11T02:45,7.560825,30.243301,0.0,false,19.099,off,B
2026-04-11T03:00,8.081985,32.327942,0.0,false,19.274,off,B
2026-04-11T03:15,7.724036,30.896145,0.0,false,19.595,off,B
2026-04-11T03:30,7.429702,29.718806,0.0,false,18.578,off,B
2026-04-11T03:45,7.579958,30.319834,0.0,false,18.708,off,B
2026-04-11T04:00,7.948433,31.79373,0.0,false,18.436,off,B
2026-04-11T04:15,7.828593,31.314374,0.0,false,17.851,off,B
2026-04-11T04:30,6.900372,27.601487,0.0,false,17.654,off,B
2026-04-11T04:45,7.824811,31.299243,0.0,false,18.026,off,B
2026-04-11T05:00,7.035065,28.140258,0.0,false,18.115,off,B
2026-04-11T05:15,7.309522,29.238086,0.0,false,18.287,off,B
2026-04-11T05:30,7.461998,29.84799,0.0,false,17.859,off,B
2026-04-11T05:45,7.750093,31.000371,0.0,false,17.652,off,B
2026-04-11T06:00,6.640451,26.561802,0.0,false,17.588,shift_1,B
2026-04-11T06:15,7.801045,31.204178,0.0,false,17.747,shift_1,B
2026-04-11T06:30,7.503051,30.012204,0.0,false,17.612,shift_1,B
2026-04-11T06:45,7.803026,31.212105,0.0,false,18.116,shift_1,B
2026-04-11T07:00,8.096713,32.386851,0.0,false,17.096,shift_1,B
2026-04-11T07:15,8.300145,33.200579,0.0,false,16.69,shift_1,B
2026-04-11T07:30,7.614041,30.456165,0.0,false,17.124,shift_1,B
2026-04-11T07:45,7.424953,29.699811,0.0,false,16.875,shift_1,B
2026-04-11T08:00,8.482363,33.929453,0.0,false,17.046,shift_1,B
2026-04-11T08:15,7.328205,29.312819,0.0,false,17.743,shift_1,B
2026-04-11T08:30,7.055445,28.221781,0.0,false,17.64,shift_1,B
2026-04-11T08:45,7.664156,30.656625,0.0,false,17.127,shift_1,B
2026-04-11T09:00,7.877081,31.508325,0.0,false,17.66,shift_1,B
2026-04-11T09:15,8.177067,32.708269,0.0,false,17.485,shift_1,B
2026-04-11T09:30,7.719851,30.879406,0.0,false,17.534,shift_1,B
2026-04-11T09:45,6.9234,27.693598,0.0,false,17.761,shift_1,B
2026-04-11T10:00,7.744597,30.978389,0.0,false,17.549,shift_1,B
2026-04-11T10:15,7.663541,30.654166,0.0,false,17.752,shift_1,B
2026-04-11T10:30,6.804361,27.217443,0.0,false,17.092,shift_1,B
2026-04-11T10:45,7.803741,31.214965,0.0,false,18.232,shift_1,B
2026-04-11T11:00,7.523108,30.092433,0.0,false,18.124,shift_1,B
2026-04-11T11:15,7.019137,28.07655,0.0,false,18.467,shift_1,B
2026-04-11T11:30,8.043236,32.172943,0.0,false,17.427,shift_1,B
2026-04-11T11:45,6.996271,27.985083,0.0,false,18.157,shift_1,B
2026-04-11T12:00,7.564502,30.258008,0.0,false,18.331,shift_1,B
2026-04-11T12:15,7.724274,30.897094,0.0,false,18.606,shift_1,B
2026-04-11T12:30,7.662348,30.649391,0.0,false,19.008,shift_1,B
2026-04-11T12:45,7.887432,31.549728,0.0,false,18.827,shift_1,B
2026-04-11T13:00,7.323128,29.292511,0.0,false,18.32,shift_1,B
2026-04-11T13:15,7.288229,29.152914,0.0,false,19.697,shift_1,B
2026-04-11T13:30,7.748543,30.994171,0.0,false,19.486,shift_1,B
2026-04-11T13:45,7.802902,31.211608,0.0,false,19.065,shift_1,B
2026-04-11T14:00,7.692215,30.768859,0.0,false,18.287,shift_2,B
2026-04-11T14:15,7.563302,30.253209,0.0,false,20.311,shift_2,B
2026-04-11T14:30,7.845479,31.381915,0.0,false,20.449,shift_2,B
2026-04-11T14:45,7.666419,30.665678,0.0,false,20.623,shift_2,B
2026-04-11T15:00,7.188405,28.753619,0.0,false,20.794,shift_2,B
2026-04-11T15:15,7.53021,30.12084,0.0,false,20.174,shift_2,B
2026-04-11T15:30,6.933112,27.732447,0.0,false,20.926,shift_2,B
2026-04-11T15:45,7.718497,30.873987,0.0,false,21.186,shift_2,B
2026-04-11T16:00,7.863279,31.453115,0.0,false,20.395,shift_2,B
2026-04-11T16:15,7.974544,31.898176,0.0,false,21.808,shift_2,B
2026-04-11T16:30,7.476958,29.907833,0.0,false,21.102,shift_2,B
2026-04-11T16:45,7.362753,29.451012,0.0,false,21.018,shift_2,B
2026-04-11T17:00,7.698396,30.793583,0.0,false,20.884,shift_2,B
2026-04-11T17:15,7.926537,31.706149,0.0,false,22.395,shift_2,B
2026-04-11T17:30,8.340929,33.363717,0.0,false,22.045,shift_2,B
2026-04-11T17:45,7.959593,31.83837,0.0,false,21.749,shift_2,B
2026-04-11T18:00,8.555296,34.221184,0.0,false,22.542,shift_2,B
2026-04-11T18:15,8.202536,32.810145,0.0,false,21.469,shift_2,B
2026-04-11T18:30,8.305667,33.222669,0.0,false,21.992,shift_2,B
2026-04-11T18:45,7.760762,31.043049,0.0,false,21.684,shift_2,B
2026-04-11T19:00,7.895695,31.582782,0.0,false,22.632,shift_2,B
2026-04-11T19:15,7.355627,29.422507,0.0,false,22.152,shift_2,B
2026-04-11T19:30,7.17052,28.682079,0.0,false,21.501,shift_2,B
2026-04-11T19:45,8.235612,32.942449,0.0,false,22.348,shift_2,B
2026-04-11T20:00,7.294255,29.177021,0.0,false,22.444,shift_2,B
2026-04-11T20:15,7.916885,31.667541,0.0,false,22.557,shift_2,B
2026-04-11T20:30,8.939356,35.757423,0.0,false,22.399,shift_2,B
2026-04-11T20:45,7.47029,29.88116,0.0,false,21.918,shift_2,B
2026-04-11T21:00,7.731135,30.924538,0.0,false,22.744,shift_2,B
2026-04-11T21:15,8.112088,32.448354,0.0,false,22.561,shift_2,B
2026-04-11T21:30,8.463964,33.855856,0.0,false,21.904,shift_2,B
2026-04-11T21:45,7.53715,30.148599,0.0,false,22.321,shift_2,B
2026-04-11T22:00,7.655224,30.620896,0.0,false,22.01,off,B
2026-04-11T22:15,8.431322,33.72529,0.0,false,21.635,off,B
2026-04-11T22:30,8.371884,33.487537,0.0,false,22.008,off,B
2026-04-11T22:45,7.490565,29.962261,0.0,false,22.632,off,B
2026-04-11T23:00,6.71213,26.848522,0.0,false,20.912,off,B
2026-04-11T23:15,7.853202,31.412807,0.0,false,20.973,off,B
2026-04-11T23:30,7.76371,31.054838,0.0,false,21.16,off,B
2026-04-11T23:45,8.155367,32.621467,0.0,false,21.434,off,B
2026-04-12T00:00,7.507367,30.029466,0.0,false,21.484,off,A
2026-04-12T00:15,8.265388,33.061554,0.0,false,21.545,off,A
2026-04-12T00:30,7.799683,31.19873,0.0,false,20.891,off,A
2026-04-12T00:45,7.250493,29.00197,0.0,false,20.489,off,A
2026-04-12T01:00,7.37995,29.519799,0.0,false,19.979,off,A
2026-04-12T01:15,7.966247,31.864986,0.0,false,21.022,off,A
2026-04-12T01:30,7.647192,30.588768,0.0,false,20.394,off,A
2026-04-12T01:45,7.619104,30.476415,0.0,false,20.207,off,A
2026-04-12T02:00,7.567928,30.271711,0.0,false,19.197,off,A
2026-04-12T02:15,7.461109,29.844436,0.0,false,19.756,off,A
2026-04-12T02:30,7.169177,28.67671,0.0,false,19.102,off,A
2026-04-12T02:45,7.658886,30.635544,0.0,false,18.927,off,A
2026-04-12T03:00,7.70009,30.800362,0.0,false,19.392,off,A
2026-04-12T03:15,7.542823,30.171293,0.0,false,18.397,off,A
2026-04-12T03:30,7.420861,29.683444,0.0,false,18.698,off,A
2026-04-12T03:45,8.063817,32.255267,0.0,false,19.312,off,A
2026-04-12T04:00,7.465482,29.861927,0.0,false,18.164,off,A
2026-04-12T04:15,7.467216,29.868863,0.0,false,17.916,off,A
2026-04-12T04:30,7.411773,29.647093,0.0,false,18.476,off,A
2026-04-12T04:45,7.724,30.896,0.0,false,18.107,off,A
2026-04-12T05:00,7.577367,30.309469,0.0,false,18.013,off,A
2026-04-12T05:15,7.619741,30.478965,0.0,false,18.755,off,A
2026-04-12T05:30,7.604265,30.417059,0.0,false,17.403,off,A
2026-04-12T05:45,7.217032,28.868127,0.0,false,18.286,off,A
2026-04-12T06:00,7.294086,29.176342,0.0,false,16.594,shift_1,A
2026-04-12T06:15,7.739972,30.95989,0.0,false,17.8,shift_1,A
2026-04-12T06:30,7.242248,28.968993,0.0,false,17.4,shift_1,A
2026-04-12T06:45,7.86701,31.46804,0.0,false,17.425,shift_1,A
2026-04-12T07:00,7.103158,28.412634,0.0,false,17.085,shift_1,A
2026-04-12T07:15,7.876848,31.507394,0.0,false,16.866,shift_1,A
2026-04-12T07:30,7.826518,31.306073,0.0,false,17.741,shift_1,A
2026-04-12T07:45,7.359848,29.439394,0.0,false,18.097,shift_1,A
2026-04-12T08:00,7.854652,31.418607,0.0,false,17.905,shift_1,A
2026-04-12T08:15,8.078635,32.314541,0.0,false,17.552,shift_1,A
2026-04-12T08:30,7.770927,31.083708,0.0,false,16.787,shift_1,A
2026-04-12T08:45,7.254025,29.016098,0.0,false,17.706,shift_1,A
2026-04-12T09:00,7.972173,31.888692,0.0,false,17.556,shift_1,A
2026-04-12T09:15,7.546645,30.186579,0.0,false,17.673,shift_1,A
2026-04-12T09:30,8.299426,33.197702,0.0,false,17.354,shift_1,A
2026-04-12T09:45,6.836579,27.346315,0.0,false,17.934,shift_1,A
2026-04-12T10:00,7.862088,31.44835,0.0,false,17.928,shift_1,A
2026-04-12T10:15,7.909541,31.638165,0.0,false,17.6,shift_1,A
2026-04-12T10:30,6.888674,27.554696,0.0,false,18.518,shift_1,A
2026-04-12T10:45,7.222774,28.891097,0.0,false,18.272,shift_1,A
2026-04-12T11:00,7.065097,28.260387,0.0,false,18.25,shift_1,A
2026-04-12T11:15,7.4856,29.942401,0.0,false,18.607,shift_1,A
2026-04-12T11:30,8.345335,33.381339,0.0,false,17.576,shift_1,A
2026-04-12T11:45,7.25062,29.002481,0.0,false,18.92,shift_1,A
2026-04-12T12:00,6.984363,27.937454,0.0,false,18.948,shift_1,A
2026-04-12T12:15,8.114104,32.456415,0.0,false,18.388,shift_1,A
2026-04-12T12:30,6.778938,27.11575,0.0,false,17.823,shift_1,A
2026-04-12T12:45,7.930717,31.722869,0.0,false,18.982,shift_1,A
2026-04-12T13:00,7.905736,31.622946,0.0,false,19.031,shift_1,A
2026-04-12T13:15,8.130894,32.523578,0.0,false,19.801,shift_1,A
2026-04-12T13:30,7.205355,28.821421,0.0,false,18.801,shift_1,A
2026-04-12T13:45,7.426727,29.706908,0.0,false,19.708,shift_1,A
2026-04-12T14:00,7.620529,30.482116,0.0,false,19.593,shift_2,A
2026-04-12T14:15,7.602564,30.410256,0.0,false,20.5,shift_2,A
2026-04-12T14:30,7.980082,31.920327,0.0,false,20.591,shift_2,A
2026-04-12T14:45,7.941128,31.764511,0.0,false,20.021,shift_2,A
2026-04-12T15:00,7.727422,30.909689,0.0,false,20.346,shift_2,A
2026-04-12T15:15,7.49995,29.9998,0.0,false,20.694,shift_2,A
2026-04-12T15:30,7.694117,30.776466,0.0,false,20.548,shift_2,A
2026-04-12T15:45,7.711243,30.84497,0.0,false,20.434,shift_2,A
2026-04-12T16:00,7.59591,30.38364,0.0,false,20.397,shift_2,A
2026-04-12T16:15,8.069202,32.276806,0.0,false,21.26,shift_2,A
2026-04-12T16:30,7.88722,31.548878,0.0,false,21.876,shift_2,A
2026-04-12T16:45,7.464731,29.858924,0.0,false,21.535,shift_2,A
2026-04-12T17:00,7.3447,29.378801,0.0,false,22.308,shift_2,A
2026-04-12T17:15,8.131924,32.527694,0.0,false,22.287,shift_2,A
2026-04-12T17:30,8.524662,34.09865,0.0,false,21.485,shift_2,A
2026-04-12T17:45,7.011455,28.045821,0.0,false,21.304,shift_2,A
2026-04-12T18:00,8.555526,34.222105,0.0,false,22.33,shift_2,A
2026-04-12T18:15,8.283704,33.134817,0.0,false,21.908,shift_2,A
2026-04-12T18:30,7.464375,29.857501,0.0,false,21.192,shift_2,A
2026-04-12T18:45,7.760759,31.043034,0.0,false,22.899,shift_2,A
2026-04-12T19:00,7.845483,31.381931,0.0,false,22.228,shift_2,A
2026-04-12T19:15,7.525779,30.103116,0.0,false,23.407,shift_2,A
2026-04-12T19:30,7.445769,29.783077,0.0,false,22.205,shift_2,A
2026-04-12T19:45,7.696081,30.784323,0.0,false,22.662,shift_2,A
2026-04-12T20:00,7.703407,30.813629,0.0,false,22.593,shift_2,A
2026-04-12T20:15,7.483465,29.93386,0.0,false,22.005,shift_2,A
2026-04-12T20:30,8.493701,33.974804,0.0,false,22.507,shift_2,A
2026-04-12T20:45,7.826638,31.306554,0.0,false,22.055,shift_2,A
2026-04-12T21:00,7.941408,31.765633,0.0,false,21.513,shift_2,A
2026-04-12T21:15,7.74228,30.969119,0.0,false,23.557,shift_2,A
2026-04-12T21:30,8.147815,32.591261,0.0,false,22.361,shift_2,A
2026-04-12T21:45,7.948335,31.793341,0.0,false,21.301,shift_2,A
2026-04-12T22:00,7.976928,31.907712,0.0,false,22.08,off,A
2026-04-12T22:15,7.451861,29.807444,0.0,false,21.189,off,A
2026-04-12T22:30,8.340315,33.361258,0.0,false,21.48,off,A
2026-04-12T22:45,7.976162,31.904647,0.0,false,21.301,off,A
2026-04-12T23:00,7.715218,30.86087,0.0,false,21.578,off,A
2026-04-12T23:15,8.330599,33.322397,0.0,false,21.699,off,A
2026-04-12T23:30,6.970486,27.881945,0.0,false,20.879,off,A
2026-04-12T23:45,7.034801,28.139202,0.0,false,21.401,off,A
2026-04-13T00:00,7.700915,30.803659,0.0,false,21.053,off,A
2026-04-13T00:15,7.799486,31.197943,0.0,false,21.199,off,A
2026-04-13T00:30,7.433149,29.732598,0.0,false,20.879,off,A
2026-04-13T00:45,6.995947,27.983788,0.0,false,21.066,off,A
2026-04-13T01:00,7.291673,29.166692,0.0,false,21.111,off,A
2026-04-13T01:15,7.446612,29.786447,0.0,false,19.745,off,A
2026-04-13T01:30,7.913444,31.653778,0.0,false,20.114,off,A
2026-04-13T01:45,8.534182,34.136728,0.0,false,19.983,off,A
2026-04-13T02:00,7.42754,29.71016,0.0,false,19.519,off,A
2026-04-13T02:15,7.080665,28.322658,0.0,false,19.69,off,A
2026-04-13T02:30,7.657717,30.630869,0.0,false,18.893,off,A
2026-04-13T02:45,7.641943,30.567772,0.0,false,20.231,off,A
2026-04-13T03:00,8.45225,33.808999,0.0,false,19.888,off,A
2026-04-13T03:15,7.397917,29.591666,0.0,false,18.547,off,A
2026-04-13T03:30,6.937391,27.749562,0.0,false,18.771,off,A
2026-04-13T03:45,7.129378,28.517513,0.0,false,18.58,off,A
2026-04-13T04:00,7.041228,28.16491,0.0,false,19.021,off,A
2026-04-13T04:15,8.393029,33.572117,0.0,false,18.433,off,A
2026-04-13T04:30,6.980904,27.923617,0.0,false,19.114,off,A
2026-04-13T04:45,7.448419,29.793675,0.0,false,18.107,off,A
2026-04-13T05:00,7.418044,29.672175,0.0,false,19.188,off,A
2026-04-13T05:15,8.122779,32.491114,0.0,false,17.817,off,A
2026-04-13T05:30,7.757905,31.031619,0.0,false,18.813,off,A
2026-04-13T05:45,7.941876,31.767502,0.0,false,18.191,off,A
2026-04-13T06:00,18.656981,74.627922,21.711619,true,17.698,shift_1,A
2026-04-13T06:15,22.645801,90.583204,30.880575,true,17.466,shift_1,A
2026-04-13T06:30,20.05674,80.226959,23.942001,true,17.551,shift_1,A
2026-04-13T06:45,18.482649,73.930596,19.861786,true,17.76,shift_1,A
2026-04-13T07:00,17.458775,69.835101,18.546028,true,17.572,shift_1,A
2026-04-13T07:15,24.122576,96.490303,34.375738,true,16.661,shift_1,A
2026-04-13T07:30,22.005815,88.023261,31.163156,true,17.492,shift_1,A
2026-04-13T07:45,20.239688,80.95875,25.410509,true,17.307,shift_1,A
2026-04-13T08:00,21.239151,84.956605,27.877399,true,17.338,shift_1,A
2026-04-13T08:15,22.711064,90.844257,31.101065,true,17.74,shift_1,A
2026-04-13T08:30,19.49736,77.98944,23.971667,true,17.724,shift_1,A
2026-04-13T08:45,22.548221,90.192884,29.727695,true,16.519,shift_1,A
2026-04-13T09:00,22.62114,90.484561,31.098514,true,17.91,shift_1,A
2026-04-13T09:15,20.69956,82.798241,25.211772,true,17.899,shift_1,A
2026-04-13T09:30,24.784156,99.136624,34.536322,true,17.763,shift_1,A
2026-04-13T09:45,19.644263,78.57705,23.690498,true,17.688,shift_1,A
2026-04-13T10:00,22.534171,90.136684,30.445618,true,17.632,shift_1,A
2026-04-13T10:15,21.474705,85.898821,27.871691,true,17.305,shift_1,A
2026-04-13T10:30,21.624576,86.498303,27.313178,true,17.985,shift_1,A
2026-04-13T10:45,19.817038,79.268153,24.921249,true,17.396,shift_1,A
2026-04-13T11:00,19.133744,76.534976,22.705343,true,17.473,shift_1,A
2026-04-13T11:15,19.995008,79.980032,25.557464,true,17.928,shift_1,A
2026-04-13T11:30,21.469496,85.877982,30.538366,true,18.795,shift_1,A
2026-04-13T11:45,18.668716,74.674863,21.198285,true,19.358,shift_1,A
2026-04-13T12:00,22.043898,88.175593,29.319211,true,19.154,shift_1,A
2026-04-13T12:15,18.973147,75.892589,20.54344,true,18.302,shift_1,A
2026-04-13T12:30,19.96358,79.854319,24.217931,true,18.156,shift_1,A
2026-04-13T12:45,21.773231,87.092925,30.29341,true,19.197,shift_1,A
2026-04-13T13:00,18.966684,75.866737,21.151831,true,19.495,shift_1,A
2026-04-13T13:15,20.927814,83.711254,26.010152,true,19.312,shift_1,A
2026-04-13T13:30,18.822618,75.290474,22.458017,true,18.872,shift_1,A
2026-04-13T13:45,21.18978,84.75912,26.784451,true,19.934,shift_1,A
2026-04-13T14:00,20.855032,83.420129,26.698642,true,19.6,shift_2,A
2026-04-13T14:15,19.736855,78.94742,24.724848,true,20.739,shift_2,A
2026-04-13T14:30,21.627236,86.508944,28.930786,true,20.071,shift_2,A
2026-04-13T14:45,22.074955,88.29982,30.702759,true,20.145,shift_2,A
2026-04-13T15:00,20.365514,81.462057,25.809247,true,20.416,shift_2,A
2026-04-13T15:15,20.33397,81.335878,24.260833,true,20.083,shift_2,A
2026-04-13T15:30,19.699488,78.797953,23.178213,true,20.151,shift_2,A
2026-04-13T15:45,20.730656,82.922623,25.688092,true,21.837,shift_2,A
2026-04-13T16:00,19.478614,77.914455,21.568154,true,21.205,shift_2,A
2026-04-13T16:15,23.092904,92.371616,30.029404,true,22.015,shift_2,A
2026-04-13T16:30,21.893947,87.575786,29.524683,true,20.787,shift_2,A
2026-04-13T16:45,23.083476,92.333902,31.516583,true,21.186,shift_2,A
2026-04-13T17:00,20.390994,81.563977,25.697873,true,21.6,shift_2,A
2026-04-13T17:15,20.829195,83.316778,24.827728,true,22.647,shift_2,A
2026-04-13T17:30,22.726335,90.905339,30.211485,true,22.118,shift_2,A
2026-04-13T17:45,24.010227,96.04091,32.100772,true,21.394,shift_2,A
2026-04-13T18:00,20.254563,81.018252,26.667274,true,21.381,shift_2,A
2026-04-13T18:15,22.801686,91.206743,31.953326,true,22.27,shift_2,A
2026-04-13T18:30,20.84081,83.363238,24.37984,true,22.189,shift_2,A
2026-04-13T18:45,24.559799,98.239198,36.176238,true,21.488,shift_2,A
2026-04-13T19:00,22.375041,89.500162,29.635168,true,21.157,shift_2,A
2026-04-13T19:15,22.7401,90.960401,31.424823,true,22.22,shift_2,A
2026-04-13T19:30,22.038403,88.153613,28.816835,true,22.49,shift_2,A
2026-04-13T19:45,22.024439,88.097756,29.335268,true,21.617,shift_2,A
2026-04-13T20:00,20.15767,80.63068,24.250894,true,22.378,shift_2,A
2026-04-13T20:15,24.426532,97.706128,33.991306,true,22.413,shift_2,A
2026-04-13T20:30,19.33581,77.34324,21.252828,true,22.238,shift_2,A
2026-04-13T20:45,16.66275,66.650999,14.398036,true,23.0,shift_2,A
2026-04-13T21:00,19.658296,78.633185,23.499452,true,22.711,shift_2,A
2026-04-13T21:15,18.987626,75.950502,22.322379,true,21.396,shift_2,A
2026-04-13T21:30,21.034159,84.136637,25.673298,true,21.328,shift_2,A
2026-04-13T21:45,23.199821,92.799283,33.549115,true,21.331,shift_2,A
2026-04-13T22:00,7.325704,29.302815,0.0,false,21.72,off,A
2026-04-13T22:15,7.814061,31.256243,0.0,false,21.444,off,A
2026-04-13T22:30,7.383002,29.532008,0.0,false,21.694,off,A
2026-04-13T22:45,7.411694,29.646776,0.0,false,21.794,off,A
2026-04-13T23:00,7.804707,31.218828,0.0,false,21.21,off,A
2026-04-13T23:15,7.251437,29.005747,0.0,false,20.867,off,A
2026-04-13T23:30,8.161918,32.647674,0.0,false,20.661,off,A
2026-04-13T23:45,8.421155,33.68462,0.0,false,21.529,off,A
2026-04-14T00:00,7.871505,31.48602,0.0,false,21.804,off,B
2026-04-14T00:15,7.811939,31.247756,0.0,false,20.774,off,B
2026-04-14T00:30,7.385475,29.541899,0.0,false,21.006,off,B
2026-04-14T00:45,8.159846,32.639383,0.0,false,21.154,off,B
2026-04-14T01:00,7.208711,28.834844,0.0,false,20.317,off,B
2026-04-14T01:15,7.035827,28.143308,0.0,false,20.487,off,B
2026-04-14T01:30,7.519919,30.079675,0.0,false,20.499,off,B
2026-04-14T01:45,7.117306,28.469224,0.0,false,20.375,off,B
2026-04-14T02:00,7.201526,28.806104,0.0,false,19.891,off,B
2026-04-14T02:15,7.454101,29.816404,0.0,false,19.645,off,B
2026-04-14T02:30,7.634831,30.539325,0.0,false,20.303,off,B
2026-04-14T02:45,7.540703,30.162812,0.0,false,19.01,off,B
2026-04-14T03:00,7.560902,30.243608,0.0,false,19.454,off,B
2026-04-14T03:15,7.525727,30.102907,0.0,false,18.349,off,B
2026-04-14T03:30,8.074749,32.298997,0.0,false,19.733,off,B
2026-04-14T03:45,8.082138,32.328553,0.0,false,18.369,off,B
2026-04-14T04:00,7.586103,30.344412,0.0,false,18.773,off,B
2026-04-14T04:15,6.652305,26.609218,0.0,false,18.198,off,B
2026-04-14T04:30,7.548663,30.194652,0.0,false,18.236,off,B
2026-04-14T04:45,7.582656,30.330624,0.0,false,18.715,off,B
2026-04-14T05:00,7.263832,29.055329,0.0,false,17.361,off,B
2026-04-14T05:15,6.824855,27.29942,0.0,false,17.52,off,B
2026-04-14T05:30,7.209937,28.839747,0.0,false,18.453,off,B
2026-04-14T05:45,6.822608,27.290433,0.0,false,18.521,off,B
2026-04-14T06:00,22.02683,88.107319,28.112766,true,17.829,shift_1,B
2026-04-14T06:15,18.640548,74.56219,17.296558,true,17.587,shift_1,B
2026-04-14T06:30,19.897641,79.590562,22.673141,true,17.364,shift_1,B
2026-04-14T06:45,22.547127,90.188508,27.47205,true,17.258,shift_1,B
2026-04-14T07:00,25.294339,101.177356,35.160925,true,17.503,shift_1,B
2026-04-14T07:15,17.833092,71.332369,18.302973,true,17.398,shift_1,B
2026-04-14T07:30,20.412819,81.651274,21.863947,true,17.228,shift_1,B
2026-04-14T07:45,28.1727,112.6908,39.225401,true,18.221,shift_1,B
2026-04-14T08:00,21.552562,86.210247,26.088313,true,17.094,shift_1,B
2026-04-14T08:15,23.890921,95.563685,30.07285,true,16.934,shift_1,B
2026-04-14T08:30,24.515141,98.060563,32.573719,true,17.158,shift_1,B
2026-04-14T08:45,26.819425,107.2777,39.334212,true,18.459,shift_1,B
2026-04-14T09:00,23.124813,92.499254,27.502752,true,17.19,shift_1,B
2026-04-14T09:15,20.57535,82.301401,24.693529,true,17.515,shift_1,B
2026-04-14T09:30,22.106204,88.424817,27.063851,true,17.501,shift_1,B
2026-04-14T09:45,22.055625,88.222501,25.274391,true,17.726,shift_1,B
2026-04-14T10:00,20.372306,81.489223,23.829097,true,17.811,shift_1,B
2026-04-14T10:15,22.084197,88.336787,26.245923,true,17.448,shift_1,B
2026-04-14T10:30,25.575432,102.301729,35.946381,true,18.52,shift_1,B
2026-04-14T10:45,21.110136,84.440545,26.417745,true,18.412,shift_1,B
2026-04-14T11:00,21.109041,84.436164,24.336824,true,17.989,shift_1,B
2026-04-14T11:15,24.18476,96.739042,33.317963,true,19.283,shift_1,B
2026-04-14T11:30,24.538512,98.154046,32.151849,true,17.765,shift_1,B
2026-04-14T11:45,26.689522,106.758087,37.26965,true,18.188,shift_1,B
2026-04-14T12:00,22.656534,90.626136,26.484899,true,18.747,shift_1,B
2026-04-14T12:15,20.813213,83.252851,24.026195,true,19.061,shift_1,B
2026-04-14T12:30,22.721371,90.885485,26.060869,true,18.68,shift_1,B
2026-04-14T12:45,22.467402,89.869607,28.576521,true,19.09,shift_1,B
2026-04-14T13:00,22.132427,88.529709,26.230143,true,19.808,shift_1,B
2026-04-14T13:15,20.139771,80.559084,22.998021,true,19.339,shift_1,B
2026-04-14T13:30,24.547746,98.190983,32.951006,true,19.015,shift_1,B
2026-04-14T13:45,19.120724,76.482897,21.10898,true,19.518,shift_1,B
2026-04-14T14:00,25.557631,102.230526,35.167365,true,20.008,shift_2,B
2026-04-14T14:15,20.140574,80.562296,22.092314,true,19.349,shift_2,B
2026-04-14T14:30,18.251418,73.005672,19.115417,true,20.257,shift_2,B
2026-04-14T14:45,17.043328,68.173314,15.17216,true,20.204,shift_2,B
2026-04-14T15:00,21.815488,87.261952,26.625023,true,20.687,shift_2,B
2026-04-14T15:15,18.598782,74.395127,16.472256,true,20.216,shift_2,B
2026-04-14T15:30,19.118753,76.475014,20.965028,true,20.853,shift_2,B
2026-04-14T15:45,22.119932,88.479728,25.370537,true,21.17,shift_2,B
2026-04-14T16:00,22.036914,88.147658,26.10873,true,21.579,shift_2,B
2026-04-14T16:15,24.448494,97.793978,34.679828,true,21.064,shift_2,B
2026-04-14T16:30,22.601173,90.404693,27.844216,true,21.84,shift_2,B
2026-04-14T16:45,22.498548,89.994193,27.85152,true,21.412,shift_2,B
2026-04-14T17:00,21.46512,85.860478,23.412356,true,21.979,shift_2,B
2026-04-14T17:15,21.208052,84.832208,24.689066,true,21.456,shift_2,B
2026-04-14T17:30,25.755419,103.021678,32.830003,true,22.259,shift_2,B
2026-04-14T17:45,24.723587,98.894348,31.37994,true,21.88,shift_2,B
2026-04-14T18:00,30.832521,123.330084,46.199792,true,22.229,shift_2,B
2026-04-14T18:15,26.4659,105.863602,35.982081,true,21.643,shift_2,B
2026-04-14T18:30,23.472314,93.889254,31.147168,true,21.699,shift_2,B
2026-04-14T18:45,20.416766,81.667063,22.031478,true,22.367,shift_2,B
2026-04-14T19:00,21.278551,85.114203,25.58209,true,22.459,shift_2,B
2026-04-14T19:15,24.540726,98.162902,29.527568,true,22.144,shift_2,B
2026-04-14T19:30,23.298601,93.194405,29.312072,true,21.789,shift_2,B
2026-04-14T19:45,25.254815,101.019261,32.61647,true,21.957,shift_2,B
2026-04-14T20:00,20.149317,80.597266,19.987026,true,23.0,shift_2,B
2026-04-14T20:15,22.958769,91.835074,26.980516,true,23.326,shift_2,B
2026-04-14T20:30,22.164948,88.659792,27.626153,true,21.869,shift_2,B
2026-04-14T20:45,25.026067,100.10427,32.575844,true,22.248,shift_2,B
2026-04-14T21:00,24.8162,99.264801,31.282363,true,22.526,shift_2,B
2026-04-14T21:15,21.748766,86.995063,25.514254,true,22.491,shift_2,B
2026-04-14T21:30,19.930108,79.720433,21.854555,true,21.497,shift_2,B
2026-04-14T21:45,21.182915,84.731661,24.139982,true,21.402,shift_2,B
2026-04-14T22:00,8.337544,33.350174,0.0,false,21.862,off,B
2026-04-14T22:15,7.398935,29.595741,0.0,false,22.177,off,B
2026-04-14T22:30,8.103389,32.413556,0.0,false,22.198,off,B
2026-04-14T22:45,7.415333,29.661333,0.0,false,21.336,off,B
2026-04-14T23:00,8.119239,32.476954,0.0,false,21.889,off,B
2026-04-14T23:15,7.400651,29.602602,0.0,false,21.049,off,B
2026-04-14T23:30,8.194874,32.779497,0.0,false,21.208,off,B
2026-04-14T23:45,8.234404,32.937617,0.0,false,21.498,off,B
2026-04-15T00:00,7.679678,30.718712,0.0,false,21.734,off,A
2026-04-15T00:15,8.421738,33.686952,0.0,false,20.529,off,A
2026-04-15T00:30,7.362541,29.450164,0.0,false,21.882,off,A
2026-04-15T00:45,8.249096,32.996384,0.0,false,20.472,off,A
2026-04-15T01:00,8.373119,33.492474,0.0,false,21.472,off,A
2026-04-15T01:15,7.798262,31.193047,0.0,false,19.939,off,A
2026-04-15T01:30,7.241327,28.965307,0.0,false,19.649,off,A
2026-04-15T01:45,7.491647,29.966587,0.0,false,20.313,off,A
2026-04-15T02:00,7.437005,29.748018,0.0,false,20.849,off,A
2026-04-15T02:15,7.231256,28.925023,0.0,false,20.037,off,A
2026-04-15T02:30,7.785152,31.140609,0.0,false,20.076,off,A
2026-04-15T02:45,7.59518,30.380722,0.0,false,19.616,off,A
2026-04-15T03:00,7.42964,29.718561,0.0,false,19.845,off,A
2026-04-15T03:15,7.711125,30.844501,0.0,false,20.069,off,A
2026-04-15T03:30,7.591504,30.366018,0.0,false,18.835,off,A
2026-04-15T03:45,7.2502,29.000799,0.0,false,18.719,off,A
2026-04-15T04:00,8.119349,32.477395,0.0,false,18.541,off,A
2026-04-15T04:15,8.382242,33.528967,0.0,false,19.01,off,A
2026-04-15T04:30,7.185491,28.741964,0.0,false,17.394,off,A
2026-04-15T04:45,7.861583,31.446332,0.0,false,17.913,off,A
2026-04-15T05:00,7.589647,30.358589,0.0,false,18.467,off,A
2026-04-15T05:15,7.52307,30.092278,0.0,false,18.283,off,A
2026-04-15T05:30,7.693742,30.774969,0.0,false,17.99,off,A
2026-04-15T05:45,7.273621,29.094484,0.0,false,17.775,off,A
2026-04-15T06:00,18.485951,73.943806,22.568493,true,17.602,shift_1,A
2026-04-15T06:15,21.371457,85.48583,27.868964,true,17.603,shift_1,A
2026-04-15T06:30,17.140888,68.563554,18.344768,true,16.391,shift_1,A
2026-04-15T06:45,17.428111,69.712446,15.069963,true,17.937,shift_1,A
2026-04-15T07:00,22.992331,91.969322,32.833373,true,17.985,shift_1,A
2026-04-15T07:15,22.298009,89.192037,29.545692,true,17.624,shift_1,A
2026-04-15T07:30,23.932646,95.730583,32.1284,true,16.629,shift_1,A
2026-04-15T07:45,20.107378,80.429512,24.951473,true,17.499,shift_1,A
2026-04-15T08:00,21.897905,87.591619,28.939228,true,17.643,shift_1,A
2026-04-15T08:15,20.26044,81.04176,25.735526,true,17.829,shift_1,A
2026-04-15T08:30,18.172391,72.689564,20.560096,true,17.214,shift_1,A
2026-04-15T08:45,21.202735,84.81094,29.033429,true,17.862,shift_1,A
2026-04-15T09:00,20.650119,82.600475,27.186356,true,18.245,shift_1,A
2026-04-15T09:15,19.284742,77.138966,24.412178,true,18.441,shift_1,A
2026-04-15T09:30,20.632838,82.531351,23.669251,true,17.612,shift_1,A
2026-04-15T09:45,20.333471,81.333884,24.594811,true,17.222,shift_1,A
2026-04-15T10:00,19.51776,78.071039,22.310425,true,17.822,shift_1,A
2026-04-15T10:15,23.767454,95.069816,35.278882,true,17.959,shift_1,A
2026-04-15T10:30,22.83912,91.356478,31.168726,true,17.629,shift_1,A
2026-04-15T10:45,21.029135,84.11654,26.839134,true,17.878,shift_1,A
2026-04-15T11:00,22.068903,88.275613,31.075162,true,17.732,shift_1,A
2026-04-15T11:15,21.486259,85.945035,29.217532,true,18.052,shift_1,A
2026-04-15T11:30,19.961127,79.844507,24.428413,true,18.6,shift_1,A
2026-04-15T11:45,21.569079,86.276315,27.744626,true,18.104,shift_1,A
2026-04-15T12:00,19.527928,78.11171,22.402462,true,18.618,shift_1,A
2026-04-15T12:15,18.332348,73.329394,20.53075,true,18.61,shift_1,A
2026-04-15T12:30,21.538074,86.152296,29.586341,true,19.209,shift_1,A
2026-04-15T12:45,19.068936,76.275745,21.564902,true,19.103,shift_1,A
2026-04-15T13:00,21.507478,86.029914,27.198383,true,19.129,shift_1,A
2026-04-15T13:15,17.659872,70.639488,18.262723,true,18.699,shift_1,A
2026-04-15T13:30,19.692482,78.769926,24.249481,true,20.157,shift_1,A
2026-04-15T13:45,19.617637,78.470548,25.010257,true,19.488,shift_1,A
2026-04-15T14:00,17.282093,69.128371,17.119947,true,19.98,shift_2,A
2026-04-15T14:15,20.237203,80.948811,23.917164,true,20.973,shift_2,A
2026-04-15T14:30,19.345582,77.382329,23.261254,true,20.738,shift_2,A
2026-04-15T14:45,18.069386,72.277545,19.69625,true,20.116,shift_2,A
2026-04-15T15:00,16.638811,66.555245,15.719811,true,20.608,shift_2,A
2026-04-15T15:15,20.765449,83.061796,26.11646,true,20.85,shift_2,A
2026-04-15T15:30,21.179473,84.717893,28.730362,true,21.025,shift_2,A
2026-04-15T15:45,22.787927,91.151706,31.119871,true,21.178,shift_2,A
2026-04-15T16:00,25.023814,100.095256,36.973501,true,20.926,shift_2,A
2026-04-15T16:15,17.823937,71.295747,19.357165,true,20.435,shift_2,A
2026-04-15T16:30,22.135278,88.541112,30.433085,true,20.362,shift_2,A
2026-04-15T16:45,22.892729,91.570915,31.436109,true,21.554,shift_2,A
2026-04-15T17:00,17.494816,69.979263,19.000263,true,20.908,shift_2,A
2026-04-15T17:15,23.858756,95.435022,34.153281,true,20.622,shift_2,A
2026-04-15T17:30,21.459135,85.836538,28.856244,true,22.386,shift_2,A
2026-04-15T17:45,22.435744,89.742975,29.119238,true,23.318,shift_2,A
2026-04-15T18:00,25.298255,101.193022,33.801537,true,22.573,shift_2,A
2026-04-15T18:15,23.009893,92.03957,31.204331,true,22.178,shift_2,A
2026-04-15T18:30,20.534719,82.138876,26.272347,true,21.798,shift_2,A
2026-04-15T18:45,23.521037,94.084148,31.308526,true,23.121,shift_2,A
2026-04-15T19:00,24.326404,97.305617,35.025116,true,22.232,shift_2,A
2026-04-15T19:15,22.204211,88.816843,28.108605,true,22.018,shift_2,A
2026-04-15T19:30,19.125373,76.501494,20.250876,true,22.897,shift_2,A
2026-04-15T19:45,20.971795,83.887181,26.043993,true,23.209,shift_2,A
2026-04-15T20:00,22.996914,91.987657,31.69944,true,22.846,shift_2,A
2026-04-15T20:15,21.838742,87.354969,29.035318,true,22.198,shift_2,A
2026-04-15T20:30,22.648614,90.594456,30.298767,true,22.588,shift_2,A
2026-04-15T20:45,21.33785,85.3514,27.478161,true,22.97,shift_2,A
2026-04-15T21:00,23.187032,92.748128,31.307878,true,22.605,shift_2,A
2026-04-15T21:15,19.631573,78.52629,21.944616,true,22.359,shift_2,A
2026-04-15T21:30,22.93915,91.756601,31.487243,true,22.478,shift_2,A
2026-04-15T21:45,21.569975,86.279899,27.679195,true,22.466,shift_2,A
2026-04-15T22:00,6.772727,27.090908,0.0,false,22.11,off,A
2026-04-15T22:15,7.181298,28.725191,0.0,false,22.244,off,A
2026-04-15T22:30,7.36905,29.476202,0.0,false,21.405,off,A
2026-04-15T22:45,7.937801,31.751204,0.0,false,21.677,off,A
2026-04-15T23:00,6.907835,27.631342,0.0,false,21.082,off,A
2026-04-15T23:15,8.035469,32.141877,0.0,false,21.274,off,A
2026-04-15T23:30,7.467226,29.868904,0.0,false,21.423,off,A
2026-04-15T23:45,7.731186,30.924744,0.0,false,21.156,off,A
2026-04-16T00:00,7.491761,29.967045,0.0,false,21.182,off,A
2026-04-16T00:15,8.45481,33.81924,0.0,false,21.388,off,A
2026-04-16T00:30,7.735587,30.942349,0.0,false,20.575,off,A
2026-04-16T00:45,7.683659,30.734636,0.0,false,20.249,off,A
2026-04-16T01:00,7.641859,30.567438,0.0,false,20.829,off,A
2026-04-16T01:15,7.815894,31.263577,0.0,false,20.768,off,A
2026-04-16T01:30,7.656884,30.627534,0.0,false,18.963,off,A
2026-04-16T01:45,6.834458,27.337834,0.0,false,19.907,off,A
2026-04-16T02:00,6.823291,27.293163,0.0,false,19.892,off,A
2026-04-16T02:15,7.684873,30.73949,0.0,false,19.733,off,A
2026-04-16T02:30,7.403408,29.613631,0.0,false,19.583,off,A
2026-04-16T02:45,7.700702,30.80281,0.0,false,19.407,off,A
2026-04-16T03:00,7.411271,29.645083,0.0,false,19.981,off,A
2026-04-16T03:15,7.542252,30.169008,0.0,false,19.038,off,A
2026-04-16T03:30,7.403415,29.613662,0.0,false,18.824,off,A
2026-04-16T03:45,7.42776,29.711039,0.0,false,18.612,off,A
2026-04-16T04:00,7.242055,28.968221,0.0,false,18.84,off,A
2026-04-16T04:15,7.216551,28.866203,0.0,false,18.609,off,A
2026-04-16T04:30,7.254748,29.018991,0.0,false,18.052,off,A
2026-04-16T04:45,7.795473,31.181892,0.0,false,18.998,off,A
2026-04-16T05:00,7.375029,29.500114,0.0,false,18.541,off,A
2026-04-16T05:15,7.572555,30.290219,0.0,false,18.465,off,A
2026-04-16T05:30,7.145309,28.581235,0.0,false,17.424,off,A
2026-04-16T05:45,8.079937,32.319747,0.0,false,18.406,off,A
2026-04-16T06:00,17.969313,71.877253,19.922916,true,18.412,shift_1,A
2026-04-16T06:15,20.429434,81.717738,27.989512,true,17.84,shift_1,A
2026-04-16T06:30,19.579939,78.319757,23.049671,true,17.93,shift_1,A
2026-04-16T06:45,17.383705,69.534818,18.019144,true,16.62,shift_1,A
2026-04-16T07:00,19.040848,76.163393,23.389794,true,17.906,shift_1,A
2026-04-16T07:15,18.101723,72.406891,20.868241,true,18.427,shift_1,A
2026-04-16T07:30,21.083538,84.334153,26.892009,true,17.878,shift_1,A
2026-04-16T07:45,18.448386,73.793543,18.990058,true,16.949,shift_1,A
2026-04-16T08:00,21.492652,85.970608,28.453046,true,17.598,shift_1,A
2026-04-16T08:15,21.110096,84.440386,26.215982,true,17.178,shift_1,A
2026-04-16T08:30,18.269859,73.079438,21.429849,true,17.486,shift_1,A
2026-04-16T08:45,24.110535,96.442139,34.481572,true,17.597,shift_1,A
2026-04-16T09:00,21.491114,85.964455,28.539587,true,17.463,shift_1,A
2026-04-16T09:15,22.809372,91.237488,32.532252,true,17.917,shift_1,A
2026-04-16T09:30,18.630868,74.52347,20.965845,true,17.406,shift_1,A
2026-04-16T09:45,19.007219,76.028877,20.306884,true,18.7,shift_1,A
2026-04-16T10:00,21.52122,86.084878,28.786404,true,17.862,shift_1,A
2026-04-16T10:15,23.524499,94.097997,33.750606,true,17.589,shift_1,A
2026-04-16T10:30,23.029442,92.117767,32.788251,true,18.45,shift_1,A
2026-04-16T10:45,20.675746,82.702983,26.725443,true,18.49,shift_1,A
2026-04-16T11:00,19.82342,79.29368,22.497873,true,17.878,shift_1,A
2026-04-16T11:15,24.255436,97.021742,35.965571,true,19.03,shift_1,A
2026-04-16T11:30,20.264024,81.056095,24.933081,true,18.677,shift_1,A
2026-04-16T11:45,18.355658,73.422633,19.580867,true,18.725,shift_1,A
2026-04-16T12:00,20.608533,82.434134,26.830069,true,18.801,shift_1,A
2026-04-16T12:15,19.427737,77.710948,23.447911,true,18.793,shift_1,A
2026-04-16T12:30,19.313055,77.252219,23.116507,true,18.638,shift_1,A
2026-04-16T12:45,19.783509,79.134035,23.307165,true,19.022,shift_1,A
2026-04-16T13:00,20.901139,83.604557,26.659718,true,18.419,shift_1,A
2026-04-16T13:15,21.786793,87.147174,28.187481,true,19.496,shift_1,A
2026-04-16T13:30,19.627392,78.509567,24.145094,true,19.559,shift_1,A
2026-04-16T13:45,17.245892,68.983566,18.213454,true,19.382,shift_1,A
2026-04-16T14:00,18.013766,72.055065,19.129508,true,19.843,shift_2,A
2026-04-16T14:15,19.797128,79.188514,23.661908,true,20.432,shift_2,A
2026-04-16T14:30,19.928629,79.714516,24.038085,true,20.287,shift_2,A
2026-04-16T14:45,20.131869,80.527477,25.579728,true,19.914,shift_2,A
2026-04-16T15:00,20.600995,82.40398,24.772973,true,19.865,shift_2,A
2026-04-16T15:15,19.846259,79.385036,23.156133,true,20.172,shift_2,A
2026-04-16T15:30,20.975392,83.901567,27.491016,true,21.495,shift_2,A
2026-04-16T15:45,19.634649,78.538594,22.660555,true,21.002,shift_2,A
2026-04-16T16:00,18.766917,75.067669,22.080704,true,21.229,shift_2,A
2026-04-16T16:15,21.812749,87.250995,27.81225,true,20.809,shift_2,A
2026-04-16T16:30,18.324464,73.297857,19.787599,true,21.15,shift_2,A
2026-04-16T16:45,20.843974,83.375897,26.473314,true,21.736,shift_2,A
2026-04-16T17:00,19.246056,76.984226,21.409589,true,21.825,shift_2,A
2026-04-16T17:15,22.180771,88.723083,27.983804,true,21.899,shift_2,A
2026-04-16T17:30,23.202696,92.810782,30.193211,true,22.098,shift_2,A
2026-04-16T17:45,23.106242,92.424968,31.067826,true,22.235,shift_2,A
2026-04-16T18:00,22.260306,89.041222,29.704626,true,21.909,shift_2,A
2026-04-16T18:15,24.028924,96.115695,33.081978,true,22.413,shift_2,A
2026-04-16T18:30,21.10384,84.415359,26.54558,true,21.763,shift_2,A
2026-04-16T18:45,20.36291,81.451638,24.580693,true,22.4,shift_2,A
2026-04-16T19:00,17.327541,69.310165,17.216274,true,22.2,shift_2,A
2026-04-16T19:15,20.325373,81.30149,25.982848,true,21.822,shift_2,A
2026-04-16T19:30,25.030249,100.120997,36.240961,true,22.552,shift_2,A
2026-04-16T19:45,20.71107,82.844279,25.356242,true,23.045,shift_2,A
2026-04-16T20:00,20.264874,81.059496,23.845622,true,22.935,shift_2,A
2026-04-16T20:15,24.188087,96.752349,33.882627,true,22.891,shift_2,A
2026-04-16T20:30,19.254576,77.018305,22.856248,true,22.028,shift_2,A
2026-04-16T20:45,20.975206,83.900823,25.881024,true,22.409,shift_2,A
2026-04-16T21:00,21.400207,85.600828,27.328557,true,22.587,shift_2,A
2026-04-16T21:15,24.159465,96.637861,35.084827,true,21.422,shift_2,A
2026-04-16T21:30,20.637533,82.550134,25.509494,true,21.703,shift_2,A
2026-04-16T21:45,20.505708,82.022831,26.402515,true,22.622,shift_2,A
2026-04-16T22:00,7.111664,28.446657,0.0,false,21.619,off,A
2026-04-16T22:15,8.051567,32.206266,0.0,false,21.85,off,A
2026-04-16T22:30,7.852717,31.410867,0.0,false,21.297,off,A
2026-04-16T22:45,7.943622,31.774487,0.0,false,21.997,off,A
2026-04-16T23:00,7.164797,28.659189,0.0,false,21.837,off,A
2026-04-16T23:15,7.162107,28.648427,0.0,false,20.911,off,A
2026-04-16T23:30,8.019937,32.07975,0.0,false,21.3,off,A
2026-04-16T23:45,8.061675,32.246698,0.0,false,20.85,off,A
2026-04-17T00:00,8.07269,32.290759,0.0,false,21.49,off,B
2026-04-17T00:15,8.226469,32.905876,0.0,false,20.539,off,B
2026-04-17T00:30,7.317779,29.271118,0.0,false,20.436,off,B
2026-04-17T00:45,7.565834,30.263337,0.0,false,20.361,off,B
2026-04-17T01:00,7.701644,30.806574,0.0,false,19.855,off,B
2026-04-17T01:15,8.129385,32.517542,0.0,false,21.036,off,B
2026-04-17T01:30,7.497329,29.989316,0.0,false,19.732,off,B
2026-04-17T01:45,7.900326,31.601304,0.0,false,20.42,off,B
2026-04-17T02:00,7.294682,29.17873,0.0,false,19.488,off,B
2026-04-17T02:15,7.820213,31.280854,0.0,false,20.097,off,B
2026-04-17T02:30,6.726996,26.907985,0.0,false,20.139,off,B
2026-04-17T02:45,7.60245,30.4098,0.0,false,19.109,off,B
2026-04-17T03:00,7.560087,30.240347,0.0,false,19.746,off,B
2026-04-17T03:15,7.675645,30.70258,0.0,false,19.181,off,B
2026-04-17T03:30,7.284327,29.137307,0.0,false,18.028,off,B
2026-04-17T03:45,7.54564,30.18256,0.0,false,18.412,off,B
2026-04-17T04:00,7.489034,29.956136,0.0,false,18.975,off,B
2026-04-17T04:15,7.969497,31.877988,0.0,false,19.022,off,B
2026-04-17T04:30,7.202573,28.810292,0.0,false,19.163,off,B
2026-04-17T04:45,7.880116,31.520464,0.0,false,18.158,off,B
2026-04-17T05:00,7.64081,30.563241,0.0,false,18.538,off,B
2026-04-17T05:15,7.747969,30.991876,0.0,false,17.665,off,B
2026-04-17T05:30,7.5098,30.039199,0.0,false,17.602,off,B
2026-04-17T05:45,7.829121,31.316486,0.0,false,17.928,off,B
2026-04-17T06:00,19.421065,77.68426,22.17598,true,17.677,shift_1,B
2026-04-17T06:15,20.098704,80.394816,22.717401,true,17.913,shift_1,B
2026-04-17T06:30,18.990979,75.963915,19.819458,true,17.384,shift_1,B
2026-04-17T06:45,14.968368,59.873473,12.00145,true,17.901,shift_1,B
2026-04-17T07:00,19.916094,79.664376,21.133054,true,17.482,shift_1,B
2026-04-17T07:15,22.914205,91.656821,28.583928,true,17.291,shift_1,B
2026-04-17T07:30,23.389494,93.557975,30.939473,true,17.205,shift_1,B
2026-04-17T07:45,25.08853,100.35412,34.94848,true,17.162,shift_1,B
2026-04-17T08:00,24.475126,97.900502,32.189165,true,17.557,shift_1,B
2026-04-17T08:15,24.666055,98.664222,32.549605,true,17.073,shift_1,B
2026-04-17T08:30,22.082859,88.331436,27.375405,true,16.768,shift_1,B
2026-04-17T08:45,23.605302,94.421207,28.54027,true,17.08,shift_1,B
2026-04-17T09:00,19.972712,79.890847,20.946105,true,17.573,shift_1,B
2026-04-17T09:15,22.500661,90.002643,29.171478,true,18.676,shift_1,B
2026-04-17T09:30,21.95147,87.805881,27.134131,true,17.847,shift_1,B
2026-04-17T09:45,24.563323,98.253294,32.223138,true,17.231,shift_1,B
2026-04-17T10:00,23.529549,94.118196,29.878496,true,17.79,shift_1,B
2026-04-17T10:15,21.871227,87.484907,27.697337,true,17.758,shift_1,B
2026-04-17T10:30,21.950171,87.800683,26.936831,true,17.759,shift_1,B
2026-04-17T10:45,24.2397,96.958799,30.886593,true,18.123,shift_1,B
2026-04-17T11:00,21.906318,87.625272,27.352387,true,18.055,shift_1,B
2026-04-17T11:15,16.026573,64.106293,14.166471,true,18.152,shift_1,B
2026-04-17T11:30,22.677471,90.709882,27.765868,true,18.268,shift_1,B
2026-04-17T11:45,19.27407,77.09628,19.879477,true,18.136,shift_1,B
2026-04-17T12:00,17.948812,71.795247,18.194959,true,18.875,shift_1,B
2026-04-17T12:15,19.86408,79.45632,21.54229,true,18.033,shift_1,B
2026-04-17T12:30,19.631928,78.52771,20.600507,true,18.441,shift_1,B
2026-04-17T12:45,21.799536,87.198143,26.449261,true,19.224,shift_1,B
2026-04-17T13:00,22.768983,91.075931,27.376173,true,19.564,shift_1,B
2026-04-17T13:15,22.99101,91.964039,28.947142,true,18.733,shift_1,B
2026-04-17T13:30,17.996948,71.987793,17.752943,true,19.549,shift_1,B
2026-04-17T13:45,25.758875,103.035499,36.166631,true,19.711,shift_1,B
2026-04-17T14:00,21.468576,85.874302,26.310879,true,19.393,shift_2,B
2026-04-17T14:15,23.964396,95.857585,31.51311,true,19.528,shift_2,B
2026-04-17T14:30,22.076836,88.307345,26.149775,true,19.94,shift_2,B
2026-04-17T14:45,23.785273,95.141094,29.862035,true,20.397,shift_2,B
2026-04-17T15:00,20.603714,82.414856,23.962286,true,21.046,shift_2,B
2026-04-17T15:15,20.715772,82.863088,24.573586,true,21.466,shift_2,B
2026-04-17T15:30,23.19362,92.774481,29.27861,true,21.417,shift_2,B
2026-04-17T15:45,23.670477,94.681906,30.69168,true,20.808,shift_2,B
2026-04-17T16:00,24.467428,97.869712,31.054826,true,21.985,shift_2,B
2026-04-17T16:15,20.98861,83.954439,24.631453,true,22.263,shift_2,B
2026-04-17T16:30,20.942632,83.770527,25.715122,true,21.572,shift_2,B
2026-04-17T16:45,21.950377,87.801506,26.362279,true,21.342,shift_2,B
2026-04-17T17:00,26.180479,104.721914,36.445281,true,21.939,shift_2,B
2026-04-17T17:15,21.422308,85.689231,24.50006,true,21.805,shift_2,B
2026-04-17T17:30,21.123277,84.493108,25.118114,true,21.783,shift_2,B
2026-04-17T17:45,21.869756,87.479023,26.146238,true,22.581,shift_2,B
2026-04-17T18:00,26.452621,105.810484,34.62908,true,22.782,shift_2,B
2026-04-17T18:15,21.326421,85.305683,24.148758,true,22.487,shift_2,B
2026-04-17T18:30,23.888383,95.553532,30.135328,true,23.179,shift_2,B
2026-04-17T18:45,25.468994,101.875975,33.063921,true,22.922,shift_2,B
2026-04-17T19:00,24.435351,97.741405,31.492088,true,22.582,shift_2,B
2026-04-17T19:15,22.24106,88.96424,25.379286,true,22.953,shift_2,B
2026-04-17T19:30,18.169073,72.676293,16.619379,true,22.035,shift_2,B
2026-04-17T19:45,19.632378,78.529512,20.977849,true,22.088,shift_2,B
2026-04-17T20:00,20.741017,82.964068,23.434583,true,22.438,shift_2,B
2026-04-17T20:15,21.137276,84.549105,24.848405,true,22.465,shift_2,B
2026-04-17T20:30,25.991067,103.964267,34.261501,true,23.026,shift_2,B
2026-04-17T20:45,25.023071,100.092282,32.00054,true,21.337,shift_2,B
2026-04-17T21:00,22.845247,91.380986,27.401931,true,22.952,shift_2,B
2026-04-17T21:15,21.807591,87.230364,25.630211,true,21.851,shift_2,B
2026-04-17T21:30,15.48578,61.943121,9.991609,true,22.137,shift_2,B
2026-04-17T21:45,18.97879,75.915159,18.73741,true,22.045,shift_2,B
2026-04-17T22:00,8.798428,35.193711,0.0,false,22.59,off,B
2026-04-17T22:15,6.843134,27.372535,0.0,false,22.65,off,B
2026-04-17T22:30,7.416691,29.666762,0.0,false,21.77,off,B
2026-04-17T22:45,8.090494,32.361975,0.0,false,22.554,off,B
2026-04-17T23:00,8.024726,32.098903,0.0,false,21.177,off,B
2026-04-17T23:15,8.078865,32.315458,0.0,false,21.545,off,B
2026-04-17T23:30,7.244907,28.979628,0.0,false,21.809,off,B
2026-04-17T23:45,7.539352,30.157407,0.0,false,20.901,off,B
2026-04-18T00:00,8.001402,32.005607,0.0,false,21.603,off,A
2026-04-18T00:15,7.165701,28.662804,0.0,false,21.156,off,A
2026-04-18T00:30,7.844518,31.37807,0.0,false,21.755,off,A
2026-04-18T00:45,7.618181,30.472726,0.0,false,20.247,off,A
2026-04-18T01:00,7.252361,29.009446,0.0,false,20.347,off,A
2026-04-18T01:15,7.568622,30.274488,0.0,false,20.576,off,A
2026-04-18T01:30,7.178758,28.715033,0.0,false,19.607,off,A
2026-04-18T01:45,8.276448,33.105791,0.0,false,19.748,off,A
2026-04-18T02:00,7.286268,29.14507,0.0,false,19.448,off,A
2026-04-18T02:15,6.854456,27.417824,0.0,false,19.015,off,A
2026-04-18T02:30,7.914121,31.656482,0.0,false,21.036,off,A
2026-04-18T02:45,6.983616,27.934462,0.0,false,18.684,off,A
2026-04-18T03:00,7.074909,28.299634,0.0,false,19.13,off,A
2026-04-18T03:15,6.863248,27.452992,0.0,false,18.444,off,A
2026-04-18T03:30,8.350111,33.400444,0.0,false,18.411,off,A
2026-04-18T03:45,7.312597,29.250388,0.0,false,19.299,off,A
2026-04-18T04:00,7.492335,29.969338,0.0,false,18.504,off,A
2026-04-18T04:15,8.488432,33.953727,0.0,false,18.9,off,A
2026-04-18T04:30,7.672206,30.688824,0.0,false,17.271,off,A
2026-04-18T04:45,7.633275,30.533099,0.0,false,17.746,off,A
2026-04-18T05:00,7.844592,31.378369,0.0,false,18.546,off,A
2026-04-18T05:15,7.829921,31.319683,0.0,false,18.122,off,A
2026-04-18T05:30,7.563224,30.252895,0.0,false,19.077,off,A
2026-04-18T05:45,8.044897,32.179588,0.0,false,17.613,off,A
2026-04-18T06:00,6.981575,27.926302,0.0,false,17.281,shift_1,A
2026-04-18T06:15,7.439877,29.759508,0.0,false,17.907,shift_1,A
2026-04-18T06:30,6.949072,27.796288,0.0,false,16.866,shift_1,A
2026-04-18T06:45,7.255604,29.022417,0.0,false,17.765,shift_1,A
2026-04-18T07:00,7.116259,28.465038,0.0,false,17.713,shift_1,A
2026-04-18T07:15,7.366198,29.46479,0.0,false,17.76,shift_1,A
2026-04-18T07:30,7.844782,31.379128,0.0,false,17.503,shift_1,A
2026-04-18T07:45,7.397069,29.588277,0.0,false,17.626,shift_1,A
2026-04-18T08:00,7.341078,29.364312,0.0,false,16.744,shift_1,A
2026-04-18T08:15,7.794064,31.176256,0.0,false,17.299,shift_1,A
2026-04-18T08:30,8.524394,34.097577,0.0,false,17.076,shift_1,A
2026-04-18T08:45,7.271894,29.087577,0.0,false,17.764,shift_1,A
2026-04-18T09:00,6.980442,27.921768,0.0,false,17.165,shift_1,A
2026-04-18T09:15,7.770532,31.082127,0.0,false,17.795,shift_1,A
2026-04-18T09:30,6.874911,27.499643,0.0,false,17.931,shift_1,A
2026-04-18T09:45,7.524937,30.099748,0.0,false,18.374,shift_1,A
2026-04-18T10:00,7.638628,30.554513,0.0,false,17.343,shift_1,A
2026-04-18T10:15,7.392511,29.570045,0.0,false,18.033,shift_1,A
2026-04-18T10:30,7.080956,28.323826,0.0,false,17.661,shift_1,A
2026-04-18T10:45,6.566097,26.264388,0.0,false,17.292,shift_1,A
2026-04-18T11:00,7.66028,30.641119,0.0,false,17.826,shift_1,A
2026-04-18T11:15,7.159242,28.63697,0.0,false,17.794,shift_1,A
2026-04-18T11:30,7.782027,31.128109,0.0,false,18.884,shift_1,A
2026-04-18T11:45,7.965649,31.862594,0.0,false,18.771,shift_1,A
2026-04-18T12:00,6.67809,26.712358,0.0,false,18.403,shift_1,A
2026-04-18T12:15,7.571319,30.285275,0.0,false,18.404,shift_1,A
2026-04-18T12:30,7.312331,29.249326,0.0,false,19.113,shift_1,A
2026-04-18T12:45,6.468712,25.874848,0.0,false,19.94,shift_1,A
2026-04-18T13:00,6.987698,27.950792,0.0,false,19.012,shift_1,A
2026-04-18T13:15,7.459824,29.839296,0.0,false,18.52,shift_1,A
2026-04-18T13:30,7.604834,30.419337,0.0,false,19.464,shift_1,A
2026-04-18T13:45,7.182373,28.729491,0.0,false,20.486,shift_1,A
2026-04-18T14:00,7.592311,30.369244,0.0,false,20.268,shift_2,A
2026-04-18T14:15,7.870572,31.482286,0.0,false,19.589,shift_2,A
2026-04-18T14:30,8.071748,32.286991,0.0,false,20.541,shift_2,A
2026-04-18T14:45,7.591496,30.365983,0.0,false,20.561,shift_2,A
2026-04-18T15:00,7.585604,30.342418,0.0,false,20.945,shift_2,A
2026-04-18T15:15,7.831133,31.324532,0.0,false,20.381,shift_2,A
2026-04-18T15:30,7.031595,28.126381,0.0,false,19.879,shift_2,A
2026-04-18T15:45,7.749273,30.997093,0.0,false,20.772,shift_2,A
2026-04-18T16:00,8.069235,32.27694,0.0,false,21.417,shift_2,A
2026-04-18T16:15,8.133339,32.533354,0.0,false,21.385,shift_2,A
2026-04-18T16:30,7.646805,30.58722,0.0,false,21.261,shift_2,A
2026-04-18T16:45,8.224414,32.897655,0.0,false,22.441,shift_2,A
2026-04-18T17:00,7.554653,30.218614,0.0,false,21.773,shift_2,A
2026-04-18T17:15,7.063214,28.252856,0.0,false,21.397,shift_2,A
2026-04-18T17:30,7.203168,28.812674,0.0,false,22.157,shift_2,A
2026-04-18T17:45,8.133886,32.535545,0.0,false,21.88,shift_2,A
2026-04-18T18:00,7.66811,30.67244,0.0,false,21.912,shift_2,A
2026-04-18T18:15,7.979618,31.918471,0.0,false,22.707,shift_2,A
2026-04-18T18:30,8.550977,34.203909,0.0,false,22.612,shift_2,A
2026-04-18T18:45,8.155093,32.620373,0.0,false,22.266,shift_2,A
2026-04-18T19:00,7.394487,29.57795,0.0,false,22.612,shift_2,A
2026-04-18T19:15,7.787304,31.149214,0.0,false,22.041,shift_2,A
2026-04-18T19:30,8.200564,32.802258,0.0,false,22.444,shift_2,A
2026-04-18T19:45,8.469417,33.87767,0.0,false,21.62,shift_2,A
2026-04-18T20:00,7.529498,30.11799,0.0,false,22.401,shift_2,A
2026-04-18T20:15,7.804662,31.218649,0.0,false,22.748,shift_2,A
2026-04-18T20:30,8.113246,32.452984,0.0,false,22.938,shift_2,A
2026-04-18T20:45,7.293279,29.173115,0.0,false,22.719,shift_2,A
2026-04-18T21:00,8.212216,32.848864,0.0,false,22.525,shift_2,A
2026-04-18T21:15,7.674557,30.698229,0.0,false,21.852,shift_2,A
2026-04-18T21:30,7.712685,30.850738,0.0,false,22.054,shift_2,A
2026-04-18T21:45,7.945153,31.780613,0.0,false,22.132,shift_2,A
2026-04-18T22:00,8.220889,32.883556,0.0,false,22.05,off,A
2026-04-18T22:15,7.45477,29.819081,0.0,false,22.345,off,A
2026-04-18T22:30,8.585608,34.342433,0.0,false,21.147,off,A
2026-04-18T22:45,7.439704,29.758817,0.0,false,22.245,off,A
2026-04-18T23:00,7.660646,30.642583,0.0,false,22.542,off,A
2026-04-18T23:15,7.858579,31.434315,0.0,false,22.271,off,A
2026-04-18T23:30,7.27805,29.1122,0.0,false,22.279,off,A
2026-04-18T23:45,7.162702,28.650809,0.0,false,21.884,off,A
2026-04-19T00:00,8.133384,32.533537,0.0,false,21.208,off,A
2026-04-19T00:15,7.371867,29.48747,0.0,false,21.898,off,A
2026-04-19T00:30,7.758181,31.032725,0.0,false,20.518,off,A
2026-04-19T00:45,7.776498,31.105994,0.0,false,20.658,off,A
2026-04-19T01:00,7.351808,29.407232,0.0,false,20.93,off,A
2026-04-19T01:15,7.793171,31.172683,0.0,false,20.973,off,A
2026-04-19T01:30,7.123055,28.49222,0.0,false,20.477,off,A
2026-04-19T01:45,7.687941,30.751765,0.0,false,20.964,off,A
2026-04-19T02:00,7.167407,28.669628,0.0,false,20.089,off,A
2026-04-19T02:15,7.891934,31.567736,0.0,false,20.18,off,A
2026-04-19T02:30,7.758747,31.034987,0.0,false,18.505,off,A
2026-04-19T02:45,7.491628,29.966512,0.0,false,20.283,off,A
2026-04-19T03:00,7.240438,28.961751,0.0,false,18.917,off,A
2026-04-19T03:15,8.21538,32.861521,0.0,false,18.229,off,A
2026-04-19T03:30,7.728041,30.912166,0.0,false,18.394,off,A
2026-04-19T03:45,7.301006,29.204026,0.0,false,18.552,off,A
2026-04-19T04:00,7.563921,30.255686,0.0,false,19.476,off,A
2026-04-19T04:15,7.706457,30.825828,0.0,false,17.619,off,A
2026-04-19T04:30,6.866869,27.467475,0.0,false,17.797,off,A
2026-04-19T04:45,7.182995,28.731981,0.0,false,18.661,off,A
2026-04-19T05:00,7.746094,30.984378,0.0,false,19.103,off,A
2026-04-19T05:15,6.896708,27.586833,0.0,false,17.283,off,A
2026-04-19T05:30,8.000072,32.000289,0.0,false,19.094,off,A
2026-04-19T05:45,7.97531,31.901239,0.0,false,18.008,off,A
2026-04-19T06:00,6.55827,26.233079,0.0,false,18.139,shift_1,A
2026-04-19T06:15,7.320154,29.280614,0.0,false,18.208,shift_1,A
2026-04-19T06:30,7.89145,31.565798,0.0,false,17.347,shift_1,A
2026-04-19T06:45,7.830427,31.321708,0.0,false,17.251,shift_1,A
2026-04-19T07:00,8.016956,32.067823,0.0,false,17.205,shift_1,A
2026-04-19T07:15,7.798695,31.194779,0.0,false,18.217,shift_1,A
2026-04-19T07:30,7.537681,30.150724,0.0,false,17.386,shift_1,A
2026-04-19T07:45,7.763666,31.054665,0.0,false,17.938,shift_1,A
2026-04-19T08:00,7.996402,31.985607,0.0,false,17.283,shift_1,A
2026-04-19T08:15,7.251027,29.004108,0.0,false,17.406,shift_1,A
2026-04-19T08:30,7.766558,31.066234,0.0,false,17.402,shift_1,A
2026-04-19T08:45,7.382,29.528,0.0,false,18.172,shift_1,A
2026-04-19T09:00,7.171271,28.685085,0.0,false,17.197,shift_1,A
2026-04-19T09:15,7.491666,29.966665,0.0,false,17.49,shift_1,A
2026-04-19T09:30,7.365049,29.460196,0.0,false,18.773,shift_1,A
2026-04-19T09:45,8.282904,33.131618,0.0,false,17.219,shift_1,A
2026-04-19T10:00,6.946808,27.787233,0.0,false,17.257,shift_1,A
2026-04-19T10:15,7.840906,31.363626,0.0,false,17.217,shift_1,A
2026-04-19T10:30,7.220806,28.883223,0.0,false,18.062,shift_1,A
2026-04-19T10:45,7.601822,30.407288,0.0,false,17.989,shift_1,A
2026-04-19T11:00,6.906739,27.626956,0.0,false,18.562,shift_1,A
2026-04-19T11:15,7.749399,30.997597,0.0,false,18.277,shift_1,A
2026-04-19T11:30,7.44214,29.768561,0.0,false,18.252,shift_1,A
2026-04-19T11:45,7.067148,28.268594,0.0,false,18.868,shift_1,A
2026-04-19T12:00,7.811968,31.247873,0.0,false,18.925,shift_1,A
2026-04-19T12:15,7.613185,30.45274,0.0,false,18.449,shift_1,A
2026-04-19T12:30,7.543847,30.175389,0.0,false,19.255,shift_1,A
2026-04-19T12:45,7.7879,31.151602,0.0,false,20.085,shift_1,A
2026-04-19T13:00,7.11503,28.460121,0.0,false,19.701,shift_1,A
2026-04-19T13:15,6.556028,26.224112,0.0,false,20.748,shift_1,A
2026-04-19T13:30,7.607806,30.431222,0.0,false,19.35,shift_1,A
2026-04-19T13:45,8.028591,32.114363,0.0,false,19.117,shift_1,A
2026-04-19T14:00,7.437239,29.748955,0.0,false,19.074,shift_2,A
2026-04-19T14:15,7.00933,28.037321,0.0,false,19.535,shift_2,A
2026-04-19T14:30,8.126543,32.506172,0.0,false,20.283,shift_2,A
2026-04-19T14:45,7.201455,28.805822,0.0,false,19.685,shift_2,A
2026-04-19T15:00,7.793485,31.17394,0.0,false,20.066,shift_2,A
2026-04-19T15:15,7.840389,31.361556,0.0,false,21.224,shift_2,A
2026-04-19T15:30,7.956511,31.826046,0.0,false,20.704,shift_2,A
2026-04-19T15:45,7.942562,31.770247,0.0,false,22.009,shift_2,A
2026-04-19T16:00,7.768021,31.072083,0.0,false,21.405,shift_2,A
2026-04-19T16:15,7.314668,29.258671,0.0,false,21.39,shift_2,A
2026-04-19T16:30,7.397965,29.591858,0.0,false,20.877,shift_2,A
2026-04-19T16:45,8.282634,33.130538,0.0,false,22.384,shift_2,A
2026-04-19T17:00,7.780498,31.121993,0.0,false,21.705,shift_2,A
2026-04-19T17:15,8.633443,34.533773,0.0,false,21.526,shift_2,A
2026-04-19T17:30,7.695957,30.78383,0.0,false,22.116,shift_2,A
2026-04-19T17:45,7.486125,29.944501,0.0,false,22.563,shift_2,A
2026-04-19T18:00,7.889711,31.558844,0.0,false,21.528,shift_2,A
2026-04-19T18:15,7.759484,31.037938,0.0,false,22.204,shift_2,A
2026-04-19T18:30,8.260803,33.043212,0.0,false,22.357,shift_2,A
2026-04-19T18:45,8.80194,35.207759,0.0,false,23.049,shift_2,A
2026-04-19T19:00,7.634668,30.538671,0.0,false,22.362,shift_2,A
2026-04-19T19:15,8.203764,32.815055,0.0,false,22.27,shift_2,A
2026-04-19T19:30,7.655116,30.620462,0.0,false,22.165,shift_2,A
2026-04-19T19:45,7.781091,31.124363,0.0,false,21.774,shift_2,A
2026-04-19T20:00,7.289883,29.159531,0.0,false,22.439,shift_2,A
2026-04-19T20:15,8.433821,33.735283,0.0,false,22.516,shift_2,A
2026-04-19T20:30,7.699586,30.798342,0.0,false,22.301,shift_2,A
2026-04-19T20:45,8.361303,33.445211,0.0,false,22.498,shift_2,A
2026-04-19T21:00,8.041763,32.167052,0.0,false,21.867,shift_2,A
2026-04-19T21:15,7.287692,29.150767,0.0,false,22.911,shift_2,A
2026-04-19T21:30,7.927207,31.70883,0.0,false,21.929,shift_2,A
2026-04-19T21:45,8.257676,33.030704,0.0,false,22.582,shift_2,A
2026-04-19T22:00,8.224832,32.89933,0.0,false,22.03,off,A
2026-04-19T22:15,7.86695,31.467802,0.0,false,21.519,off,A
2026-04-19T22:30,7.006025,28.024099,0.0,false,21.461,off,A
2026-04-19T22:45,8.280206,33.120822,0.0,false,20.919,off,A
2026-04-19T23:00,7.848391,31.393566,0.0,false,21.314,off,A
2026-04-19T23:15,8.038189,32.152758,0.0,false,22.269,off,A
2026-04-19T23:30,7.443697,29.774788,0.0,false,22.41,off,A
2026-04-19T23:45,7.157319,28.629275,0.0,false,20.62,off,A
2026-04-20T00:00,8.169106,32.676425,0.0,false,21.16,off,B
2026-04-20T00:15,7.316633,29.26653,0.0,false,21.142,off,B
2026-04-20T00:30,7.976759,31.907038,0.0,false,20.864,off,B
2026-04-20T00:45,7.966418,31.865673,0.0,false,20.796,off,B
2026-04-20T01:00,7.522717,30.090866,0.0,false,20.161,off,B
2026-04-20T01:15,7.094283,28.377131,0.0,false,19.625,off,B
2026-04-20T01:30,7.647392,30.589566,0.0,false,19.768,off,B
2026-04-20T01:45,8.266322,33.065289,0.0,false,20.107,off,B
2026-04-20T02:00,7.753164,31.012658,0.0,false,20.789,off,B
2026-04-20T02:15,7.896466,31.585865,0.0,false,19.833,off,B
2026-04-20T02:30,7.719132,30.876529,0.0,false,19.142,off,B
2026-04-20T02:45,7.710869,30.843476,0.0,false,20.479,off,B
2026-04-20T03:00,7.667818,30.671274,0.0,false,20.312,off,B
2026-04-20T03:15,7.677781,30.711124,0.0,false,18.75,off,B
2026-04-20T03:30,7.905531,31.622125,0.0,false,18.815,off,B
2026-04-20T03:45,7.663451,30.653805,0.0,false,18.926,off,B
2026-04-20T04:00,7.912001,31.648003,0.0,false,18.484,off,B
2026-04-20T04:15,8.168577,32.674307,0.0,false,18.804,off,B
2026-04-20T04:30,7.694306,30.777226,0.0,false,19.064,off,B
2026-04-20T04:45,6.942568,27.770274,0.0,false,18.49,off,B
2026-04-20T05:00,7.724909,30.899635,0.0,false,19.132,off,B
2026-04-20T05:15,6.78831,27.15324,0.0,false,18.021,off,B
2026-04-20T05:30,7.769825,31.079298,0.0,false,17.655,off,B
2026-04-20T05:45,7.488323,29.953291,0.0,false,17.515,off,B
2026-04-20T06:00,22.523739,90.094958,27.703666,true,17.702,shift_1,B
2026-04-20T06:15,21.292215,85.168861,26.234518,true,19.151,shift_1,B
2026-04-20T06:30,22.52141,90.085639,25.83307,true,17.323,shift_1,B
2026-04-20T06:45,21.593217,86.372869,26.015549,true,17.281,shift_1,B
2026-04-20T07:00,23.780708,95.12283,32.101745,true,16.33,shift_1,B
2026-04-20T07:15,21.017788,84.071153,24.452612,true,16.697,shift_1,B
2026-04-20T07:30,22.504828,90.01931,24.190886,true,17.861,shift_1,B
2026-04-20T07:45,21.34947,85.397882,25.43699,true,17.825,shift_1,B
2026-04-20T08:00,17.212647,68.850587,16.853179,true,17.382,shift_1,B
2026-04-20T08:15,20.779868,83.119474,23.029536,true,17.045,shift_1,B
2026-04-20T08:30,23.234921,92.939684,30.423325,true,18.16,shift_1,B
2026-04-20T08:45,21.120353,84.481413,26.299963,true,17.14,shift_1,B
2026-04-20T09:00,23.01398,92.055922,27.385389,true,17.763,shift_1,B
2026-04-20T09:15,18.888472,75.55389,19.418326,true,18.221,shift_1,B
2026-04-20T09:30,24.048186,96.192743,31.626222,true,16.566,shift_1,B
2026-04-20T09:45,21.876764,87.507055,27.339324,true,17.839,shift_1,B
2026-04-20T10:00,22.717725,90.870898,29.082396,true,17.603,shift_1,B
2026-04-20T10:15,19.37823,77.51292,20.623717,true,17.322,shift_1,B
2026-04-20T10:30,24.588057,98.352228,33.382339,true,17.875,shift_1,B
2026-04-20T10:45,19.724646,78.898585,22.639916,true,17.832,shift_1,B
2026-04-20T11:00,25.373294,101.493178,34.432036,true,17.424,shift_1,B
2026-04-20T11:15,21.591568,86.366272,25.290957,true,18.231,shift_1,B
2026-04-20T11:30,25.410885,101.643541,34.621829,true,17.306,shift_1,B
2026-04-20T11:45,21.29486,85.179439,25.228867,true,18.529,shift_1,B
2026-04-20T12:00,18.437049,73.748196,18.379747,true,18.562,shift_1,B
2026-04-20T12:15,23.563566,94.254264,28.896472,true,18.82,shift_1,B
2026-04-20T12:30,21.722368,86.889473,25.452608,true,17.916,shift_1,B
2026-04-20T12:45,22.449872,89.799488,28.817737,true,18.818,shift_1,B
2026-04-20T13:00,19.653894,78.615577,20.868818,true,18.944,shift_1,B
2026-04-20T13:15,21.80685,87.2274,26.02654,true,19.382,shift_1,B
2026-04-20T13:30,18.80652,75.22608,19.740275,true,20.076,shift_1,B
2026-04-20T13:45,20.095273,80.381093,20.404121,true,20.103,shift_1,B
2026-04-20T14:00,24.051055,96.204221,30.426209,true,20.118,shift_2,B
2026-04-20T14:15,20.457535,81.830141,23.692535,true,20.424,shift_2,B
2026-04-20T14:30,22.71111,90.844439,28.284495,true,20.262,shift_2,B
2026-04-20T14:45,22.745314,90.981257,26.862102,true,20.701,shift_2,B
2026-04-20T15:00,22.251389,89.005556,25.427983,true,20.594,shift_2,B
2026-04-20T15:15,23.560084,94.240337,28.852636,true,20.157,shift_2,B
2026-04-20T15:30,19.217243,76.868971,19.602098,true,21.04,shift_2,B
2026-04-20T15:45,26.461888,105.847553,35.270006,true,21.536,shift_2,B
2026-04-20T16:00,18.310773,73.243094,18.371174,true,20.868,shift_2,B
2026-04-20T16:15,23.552512,94.210047,30.338257,true,21.593,shift_2,B
2026-04-20T16:30,24.591334,98.365336,29.989921,true,21.378,shift_2,B
2026-04-20T16:45,25.639743,102.558972,33.79952,true,21.399,shift_2,B
2026-04-20T17:00,22.654885,90.61954,27.725672,true,22.201,shift_2,B
2026-04-20T17:15,24.839951,99.359805,32.623804,true,22.126,shift_2,B
2026-04-20T17:30,25.887806,103.551222,36.270761,true,21.567,shift_2,B
2026-04-20T17:45,26.325606,105.302422,35.989857,true,23.04,shift_2,B
2026-04-20T18:00,24.338306,97.353225,30.357169,true,21.93,shift_2,B
2026-04-20T18:15,21.73146,86.925839,23.230953,true,22.637,shift_2,B
2026-04-20T18:30,21.984065,87.936261,26.303523,true,22.335,shift_2,B
2026-04-20T18:45,25.301334,101.205336,34.43662,true,22.134,shift_2,B
2026-04-20T19:00,24.566499,98.265995,28.876814,true,22.652,shift_2,B
2026-04-20T19:15,21.402574,85.610298,22.767312,true,22.399,shift_2,B
2026-04-20T19:30,18.066654,72.266616,15.426902,true,23.16,shift_2,B
2026-04-20T19:45,22.230393,88.921573,26.560998,true,22.816,shift_2,B
2026-04-20T20:00,20.981245,83.924982,23.171491,true,21.304,shift_2,B
2026-04-20T20:15,16.567648,66.270592,13.418409,true,22.662,shift_2,B
2026-04-20T20:30,24.529185,98.116738,30.945629,true,23.328,shift_2,B
2026-04-20T20:45,26.972776,107.891105,37.543226,true,21.609,shift_2,B
2026-04-20T21:00,22.018934,88.075737,26.064652,true,22.735,shift_2,B
2026-04-20T21:15,18.600769,74.403075,20.194123,true,22.588,shift_2,B
2026-04-20T21:30,26.08807,104.35228,33.901428,true,22.791,shift_2,B
2026-04-20T21:45,19.995198,79.980791,20.142027,true,22.62,shift_2,B
2026-04-20T22:00,7.074836,28.299343,0.0,false,22.88,off,B
2026-04-20T22:15,7.325273,29.301092,0.0,false,22.592,off,B
2026-04-20T22:30,7.652938,30.611753,0.0,false,21.928,off,B
2026-04-20T22:45,8.027586,32.110343,0.0,false,22.245,off,B
2026-04-20T23:00,7.792406,31.169624,0.0,false,21.41,off,B
2026-04-20T23:15,7.906003,31.624014,0.0,false,21.793,off,B
2026-04-20T23:30,7.58461,30.338438,0.0,false,21.452,off,B
2026-04-20T23:45,8.096801,32.387204,0.0,false,21.356,off,B
2026-04-21T00:00,7.367884,29.471536,0.0,false,20.926,off,A
2026-04-21T00:15,7.013007,28.052027,0.0,false,21.8,off,A
2026-04-21T00:30,7.754386,31.017544,0.0,false,20.872,off,A
2026-04-21T00:45,7.830204,31.320816,0.0,false,21.179,off,A
2026-04-21T01:00,7.730913,30.923651,0.0,false,21.161,off,A
2026-04-21T01:15,8.030002,32.120007,0.0,false,21.135,off,A
2026-04-21T01:30,7.304906,29.219626,0.0,false,20.845,off,A
2026-04-21T01:45,7.327848,29.311391,0.0,false,20.529,off,A
2026-04-21T02:00,7.276955,29.10782,0.0,false,19.655,off,A
2026-04-21T02:15,7.151113,28.604451,0.0,false,19.862,off,A
2026-04-21T02:30,7.92291,31.691641,0.0,false,18.852,off,A
2026-04-21T02:45,7.775114,31.100456,0.0,false,18.73,off,A
2026-04-21T03:00,8.617761,34.471044,0.0,false,18.821,off,A
2026-04-21T03:15,8.160065,32.640259,0.0,false,18.883,off,A
2026-04-21T03:30,7.24542,28.981679,0.0,false,19.003,off,A
2026-04-21T03:45,7.380486,29.521943,0.0,false,18.638,off,A
2026-04-21T04:00,7.20351,28.814041,0.0,false,19.641,off,A
2026-04-21T04:15,7.289006,29.156025,0.0,false,18.214,off,A
2026-04-21T04:30,7.616146,30.464585,0.0,false,18.856,off,A
2026-04-21T04:45,7.773579,31.094314,0.0,false,18.931,off,A
2026-04-21T05:00,7.314488,29.257953,0.0,false,18.184,off,A
2026-04-21T05:15,7.591274,30.365097,0.0,false,17.89,off,A
2026-04-21T05:30,7.130678,28.522711,0.0,false,17.825,off,A
2026-04-21T05:45,7.026532,28.106128,0.0,false,17.412,off,A
2026-04-21T06:00,20.160409,80.641635,24.883445,true,17.956,shift_1,A
2026-04-21T06:15,18.618078,74.472311,22.155781,true,16.776,shift_1,A
2026-04-21T06:30,22.383555,89.53422,29.538687,true,18.163,shift_1,A
2026-04-21T06:45,19.146622,76.586488,21.991999,true,18.22,shift_1,A
2026-04-21T07:00,16.162237,64.648946,14.362789,true,18.072,shift_1,A
2026-04-21T07:15,20.453676,81.814705,26.585811,true,17.694,shift_1,A
2026-04-21T07:30,19.515718,78.062873,22.872613,true,17.299,shift_1,A
2026-04-21T07:45,18.52819,74.11276,21.139961,true,16.55,shift_1,A
2026-04-21T08:00,22.145307,88.581229,30.872346,true,17.849,shift_1,A
2026-04-21T08:15,21.067808,84.271233,28.814232,true,17.05,shift_1,A
2026-04-21T08:30,20.394881,81.579526,26.048426,true,17.495,shift_1,A
2026-04-21T08:45,21.325952,85.30381,29.329634,true,17.409,shift_1,A
2026-04-21T09:00,19.411034,77.644134,24.738269,true,18.214,shift_1,A
2026-04-21T09:15,19.077895,76.31158,22.497037,true,17.649,shift_1,A
2026-04-21T09:30,21.228922,84.915689,25.114753,true,17.581,shift_1,A
2026-04-21T09:45,18.345802,73.383206,22.180415,true,17.975,shift_1,A
2026-04-21T10:00,22.925614,91.702458,32.607744,true,17.761,shift_1,A
2026-04-21T10:15,21.723471,86.893884,30.202133,true,17.908,shift_1,A
2026-04-21T10:30,20.720129,82.880516,26.880549,true,18.252,shift_1,A
2026-04-21T10:45,23.031092,92.124369,30.827442,true,18.435,shift_1,A
2026-04-21T11:00,21.042968,84.171873,29.55385,true,18.93,shift_1,A
2026-04-21T11:15,18.637406,74.549624,22.261299,true,18.243,shift_1,A
2026-04-21T11:30,23.00135,92.005401,32.445638,true,18.878,shift_1,A
2026-04-21T11:45,19.792874,79.171495,23.399544,true,18.578,shift_1,A
2026-04-21T12:00,21.342976,85.371905,27.586358,true,19.596,shift_1,A
2026-04-21T12:15,19.010609,76.042438,21.486214,true,18.53,shift_1,A
2026-04-21T12:30,21.673935,86.69574,30.614261,true,18.841,shift_1,A
2026-04-21T12:45,18.681136,74.724544,22.432588,true,19.445,shift_1,A
2026-04-21T13:00,23.397234,93.588936,31.217872,true,18.898,shift_1,A
2026-04-21T13:15,15.666303,62.665212,15.39855,true,19.635,shift_1,A
2026-04-21T13:30,18.476828,73.90731,21.812399,true,19.263,shift_1,A
2026-04-21T13:45,20.249339,80.997356,24.589186,true,20.29,shift_1,A
2026-04-21T14:00,21.076148,84.304593,28.432354,true,19.437,shift_2,A
2026-04-21T14:15,20.8932,83.5728,25.136602,true,20.856,shift_2,A
2026-04-21T14:30,18.20605,72.824199,21.876725,true,19.18,shift_2,A
2026-04-21T14:45,18.8313,75.3252,19.822338,true,20.825,shift_2,A
2026-04-21T15:00,18.87926,75.51704,20.884357,true,21.208,shift_2,A
2026-04-21T15:15,17.120717,68.48287,15.140488,true,20.607,shift_2,A
2026-04-21T15:30,21.588488,86.353952,26.512015,true,20.706,shift_2,A
2026-04-21T15:45,21.381443,85.525771,27.720215,true,20.658,shift_2,A
2026-04-21T16:00,22.839081,91.356325,30.639967,true,21.884,shift_2,A
2026-04-21T16:15,22.797221,91.188882,31.467371,true,21.825,shift_2,A
2026-04-21T16:30,18.730716,74.922863,22.866037,true,20.871,shift_2,A
2026-04-21T16:45,20.874749,83.498998,27.314758,true,21.961,shift_2,A
2026-04-21T17:00,21.477197,85.908788,28.364811,true,21.764,shift_2,A
2026-04-21T17:15,20.444824,81.779295,26.510847,true,22.597,shift_2,A
2026-04-21T17:30,21.112655,84.45062,26.742684,true,21.073,shift_2,A
2026-04-21T17:45,16.802979,67.211917,16.635917,true,21.249,shift_2,A
2026-04-21T18:00,20.416822,81.667287,26.26433,true,21.752,shift_2,A
2026-04-21T18:15,22.189381,88.757524,27.490808,true,21.773,shift_2,A
2026-04-21T18:30,16.911807,67.647228,15.465658,true,22.136,shift_2,A
2026-04-21T18:45,19.154284,76.617136,21.54635,true,22.879,shift_2,A
2026-04-21T19:00,18.221749,72.886998,19.031343,true,23.32,shift_2,A
2026-04-21T19:15,24.002431,96.009724,33.202571,true,22.616,shift_2,A
2026-04-21T19:30,20.251874,81.007497,24.223179,true,22.42,shift_2,A
2026-04-21T19:45,21.305208,85.220832,27.771922,true,21.892,shift_2,A
2026-04-21T20:00,20.942268,83.769071,25.601044,true,21.874,shift_2,A
2026-04-21T20:15,20.464464,81.857855,26.796422,true,21.907,shift_2,A
2026-04-21T20:30,23.706956,94.827825,31.858117,true,22.079,shift_2,A
2026-04-21T20:45,19.21163,76.846519,19.875602,true,23.276,shift_2,A
2026-04-21T21:00,18.082049,72.328194,18.238435,true,22.004,shift_2,A
2026-04-21T21:15,22.483953,89.935813,30.87482,true,22.132,shift_2,A
2026-04-21T21:30,18.659379,74.637515,19.158251,true,22.972,shift_2,A
2026-04-21T21:45,20.524087,82.096349,24.057596,true,22.443,shift_2,A
2026-04-21T22:00,7.963023,31.85209,0.0,false,21.59,off,A
2026-04-21T22:15,8.213057,32.852229,0.0,false,21.713,off,A
2026-04-21T22:30,8.692471,34.769882,0.0,false,21.604,off,A
2026-04-21T22:45,8.064369,32.257477,0.0,false,20.893,off,A
2026-04-21T23:00,7.376253,29.50501,0.0,false,21.364,off,A
2026-04-21T23:15,7.457435,29.82974,0.0,false,21.237,off,A
2026-04-21T23:30,8.165337,32.661346,0.0,false,21.214,off,A
2026-04-21T23:45,7.710505,30.842021,0.0,false,20.972,off,A
2026-04-22T00:00,8.049399,32.197595,0.0,false,21.149,off,A
2026-04-22T00:15,7.456639,29.826557,0.0,false,20.687,off,A
2026-04-22T00:30,7.916774,31.667094,0.0,false,21.354,off,A
2026-04-22T00:45,8.598065,34.39226,0.0,false,21.147,off,A
2026-04-22T01:00,7.90543,31.62172,0.0,false,20.429,off,A
2026-04-22T01:15,7.252674,29.010696,0.0,false,20.576,off,A
2026-04-22T01:30,6.844271,27.377082,0.0,false,19.526,off,A
2026-04-22T01:45,7.059448,28.237793,0.0,false,19.969,off,A
2026-04-22T02:00,7.396888,29.587554,0.0,false,19.446,off,A
2026-04-22T02:15,8.530272,34.121088,0.0,false,19.605,off,A
2026-04-22T02:30,7.77828,31.113122,0.0,false,20.311,off,A
2026-04-22T02:45,7.427785,29.71114,0.0,false,19.982,off,A
2026-04-22T03:00,6.939104,27.756417,0.0,false,20.209,off,A
2026-04-22T03:15,7.65342,30.61368,0.0,false,18.782,off,A
2026-04-22T03:30,7.955665,31.822659,0.0,false,19.631,off,A
2026-04-22T03:45,7.87383,31.495319,0.0,false,19.39,off,A
2026-04-22T04:00,7.513523,30.054092,0.0,false,18.349,off,A
2026-04-22T04:15,8.043936,32.175743,0.0,false,18.707,off,A
2026-04-22T04:30,7.775877,31.103509,0.0,false,18.192,off,A
2026-04-22T04:45,6.809529,27.238117,0.0,false,18.431,off,A
2026-04-22T05:00,7.827546,31.310185,0.0,false,17.256,off,A
2026-04-22T05:15,7.222314,28.889257,0.0,false,17.692,off,A
2026-04-22T05:30,7.328548,29.314193,0.0,false,17.701,off,A
2026-04-22T05:45,6.628022,26.512087,0.0,false,17.716,off,A
2026-04-22T06:00,20.976228,83.904914,27.760241,true,19.005,shift_1,A
2026-04-22T06:15,21.967645,87.87058,27.801808,true,18.219,shift_1,A
2026-04-22T06:30,21.254358,85.017432,26.061234,true,17.415,shift_1,A
2026-04-22T06:45,19.279537,77.118148,21.619876,true,17.814,shift_1,A
2026-04-22T07:00,19.04964,76.198558,22.166666,true,17.372,shift_1,A
2026-04-22T07:15,20.152639,80.610556,23.645012,true,17.787,shift_1,A
2026-04-22T07:30,18.487457,73.949828,20.938195,true,17.492,shift_1,A
2026-04-22T07:45,18.95212,75.80848,20.9243,true,17.231,shift_1,A
2026-04-22T08:00,19.591289,78.365156,23.499607,true,16.932,shift_1,A
2026-04-22T08:15,21.550199,86.200795,28.385768,true,18.218,shift_1,A
2026-04-22T08:30,19.218788,76.875154,22.371314,true,17.109,shift_1,A
2026-04-22T08:45,23.07645,92.3058,30.28414,true,17.545,shift_1,A
2026-04-22T09:00,21.390649,85.562596,26.832687,true,17.387,shift_1,A
2026-04-22T09:15,20.020719,80.082877,24.280592,true,16.815,shift_1,A
2026-04-22T09:30,18.504179,74.016716,22.041797,true,17.843,shift_1,A
2026-04-22T09:45,23.005454,92.021817,31.692349,true,18.228,shift_1,A
2026-04-22T10:00,23.686612,94.746449,33.259775,true,17.782,shift_1,A
2026-04-22T10:15,22.790716,91.162863,30.867719,true,17.942,shift_1,A
2026-04-22T10:30,20.515984,82.063936,24.373733,true,17.598,shift_1,A
2026-04-22T10:45,21.772796,87.091182,30.026046,true,17.193,shift_1,A
2026-04-22T11:00,19.329838,77.319351,21.900149,true,18.037,shift_1,A
2026-04-22T11:15,23.098022,92.392087,30.248853,true,18.469,shift_1,A
2026-04-22T11:30,19.407588,77.630351,23.427318,true,18.715,shift_1,A
2026-04-22T11:45,19.037718,76.150871,23.54749,true,18.489,shift_1,A
2026-04-22T12:00,18.427932,73.711729,21.820613,true,18.934,shift_1,A
2026-04-22T12:15,18.328842,73.315367,21.90078,true,19.118,shift_1,A
2026-04-22T12:30,21.513686,86.054744,26.313838,true,18.93,shift_1,A
2026-04-22T12:45,24.664214,98.656856,37.409163,true,19.059,shift_1,A
2026-04-22T13:00,15.941395,63.765579,14.936729,true,19.17,shift_1,A
2026-04-22T13:15,16.022535,64.090141,14.971399,true,18.908,shift_1,A
2026-04-22T13:30,18.296332,73.185327,19.199839,true,19.404,shift_1,A
2026-04-22T13:45,20.873961,83.495845,26.448453,true,19.374,shift_1,A
2026-04-22T14:00,21.523616,86.094463,27.453856,true,20.144,shift_2,A
2026-04-22T14:15,17.553327,70.213309,18.029391,true,19.977,shift_2,A
2026-04-22T14:30,21.233458,84.933834,28.947855,true,20.19,shift_2,A
2026-04-22T14:45,21.175988,84.703953,28.927669,true,20.701,shift_2,A
2026-04-22T15:00,19.530584,78.122336,22.715454,true,20.731,shift_2,A
2026-04-22T15:15,19.270849,77.083395,22.764086,true,20.157,shift_2,A
2026-04-22T15:30,20.162871,80.651485,25.035115,true,20.389,shift_2,A
2026-04-22T15:45,17.708065,70.832261,18.742943,true,21.223,shift_2,A
2026-04-22T16:00,23.832891,95.331564,34.464085,true,20.965,shift_2,A
2026-04-22T16:15,21.360574,85.442296,27.033176,true,21.19,shift_2,A
2026-04-22T16:30,20.215466,80.861866,23.356025,true,22.11,shift_2,A
2026-04-22T16:45,21.105508,84.422031,27.532794,true,22.391,shift_2,A
2026-04-22T17:00,18.698179,74.792717,21.669911,true,21.296,shift_2,A
2026-04-22T17:15,20.008619,80.034477,23.256066,true,21.945,shift_2,A
2026-04-22T17:30,24.962129,99.848516,37.607825,true,21.517,shift_2,A
2026-04-22T17:45,21.384569,85.538277,25.788963,true,22.118,shift_2,A
2026-04-22T18:00,19.009883,76.039531,21.769335,true,21.682,shift_2,A
2026-04-22T18:15,23.705199,94.820795,33.330458,true,21.899,shift_2,A
2026-04-22T18:30,21.821088,87.284351,28.98609,true,21.721,shift_2,A
2026-04-22T18:45,16.972414,67.889657,16.428918,true,22.792,shift_2,A
2026-04-22T19:00,17.879722,71.518889,18.164576,true,22.257,shift_2,A
2026-04-22T19:15,23.082406,92.329624,31.776616,true,23.121,shift_2,A
2026-04-22T19:30,20.401418,81.60567,24.263047,true,23.189,shift_2,A
2026-04-22T19:45,22.3659,89.463602,28.053962,true,22.712,shift_2,A
2026-04-22T20:00,21.928787,87.715148,29.335735,true,20.917,shift_2,A
2026-04-22T20:15,23.281937,93.127748,32.420018,true,22.272,shift_2,A
2026-04-22T20:30,21.484982,85.939928,27.523065,true,21.501,shift_2,A
2026-04-22T20:45,20.791344,83.165377,24.250371,true,21.749,shift_2,A
2026-04-22T21:00,17.73793,70.951718,17.864147,true,22.706,shift_2,A
2026-04-22T21:15,23.223929,92.895715,29.833853,true,21.811,shift_2,A
2026-04-22T21:30,20.429952,81.719809,25.244024,true,21.716,shift_2,A
2026-04-22T21:45,19.141782,76.567126,19.988085,true,22.362,shift_2,A
2026-04-22T22:00,7.404681,29.618726,0.0,false,22.081,off,A
2026-04-22T22:15,8.228722,32.914889,0.0,false,22.573,off,A
2026-04-22T22:30,7.6315,30.525999,0.0,false,22.311,off,A
2026-04-22T22:45,8.431806,33.727225,0.0,false,22.029,off,A
2026-04-22T23:00,8.554537,34.218146,0.0,false,22.327,off,A
2026-04-22T23:15,7.326674,29.306695,0.0,false,20.362,off,A
2026-04-22T23:30,7.815068,31.260273,0.0,false,21.451,off,A
2026-04-22T23:45,7.1057,28.422801,0.0,false,21.504,off,A
2026-04-23T00:00,7.011877,28.047509,0.0,false,21.453,off,B
2026-04-23T00:15,7.6217,30.486801,0.0,false,20.424,off,B
2026-04-23T00:30,7.378007,29.512026,0.0,false,21.183,off,B
2026-04-23T00:45,7.505777,30.023108,0.0,false,20.066,off,B
2026-04-23T01:00,7.703721,30.814882,0.0,false,20.4,off,B
2026-04-23T01:15,7.375528,29.502111,0.0,false,20.971,off,B
2026-04-23T01:30,7.354811,29.419246,0.0,false,20.908,off,B
2026-04-23T01:45,7.745969,30.983875,0.0,false,20.397,off,B
2026-04-23T02:00,7.769215,31.076861,0.0,false,20.162,off,B
2026-04-23T02:15,6.799122,27.196489,0.0,false,19.75,off,B
2026-04-23T02:30,7.16939,28.677559,0.0,false,19.314,off,B
2026-04-23T02:45,7.924991,31.699965,0.0,false,19.328,off,B
2026-04-23T03:00,8.225355,32.901421,0.0,false,19.334,off,B
2026-04-23T03:15,7.492073,29.96829,0.0,false,19.729,off,B
2026-04-23T03:30,7.200282,28.801127,0.0,false,18.953,off,B
2026-04-23T03:45,7.421965,29.687862,0.0,false,19.622,off,B
2026-04-23T04:00,7.549655,30.19862,0.0,false,17.832,off,B
2026-04-23T04:15,7.228714,28.914855,0.0,false,18.763,off,B
2026-04-23T04:30,7.993009,31.972034,0.0,false,18.307,off,B
2026-04-23T04:45,6.992486,27.969946,0.0,false,18.195,off,B
2026-04-23T05:00,7.483887,29.935549,0.0,false,18.827,off,B
2026-04-23T05:15,8.425017,33.700069,0.0,false,18.356,off,B
2026-04-23T05:30,7.988916,31.955663,0.0,false,17.412,off,B
2026-04-23T05:45,7.602748,30.410993,0.0,false,18.453,off,B
2026-04-23T06:00,24.735959,98.943834,32.615369,true,18.164,shift_1,B
2026-04-23T06:15,19.475558,77.902233,19.616095,true,17.868,shift_1,B
2026-04-23T06:30,20.925127,83.70051,22.887203,true,17.604,shift_1,B
2026-04-23T06:45,23.066595,92.266379,29.432969,true,18.133,shift_1,B
2026-04-23T07:00,19.939319,79.757276,20.693064,true,17.676,shift_1,B
2026-04-23T07:15,20.593965,82.375861,23.890361,true,17.669,shift_1,B
2026-04-23T07:30,21.767754,87.071014,24.417637,true,17.085,shift_1,B
2026-04-23T07:45,24.123607,96.494427,30.22141,true,18.12,shift_1,B
2026-04-23T08:00,24.743835,98.975339,32.833655,true,16.887,shift_1,B
2026-04-23T08:15,22.14674,88.586959,28.114699,true,18.125,shift_1,B
2026-04-23T08:30,23.02695,92.107801,29.334231,true,16.805,shift_1,B
2026-04-23T08:45,14.780982,59.123929,8.206634,true,17.804,shift_1,B
2026-04-23T09:00,24.465575,97.8623,32.99002,true,17.07,shift_1,B
2026-04-23T09:15,20.652704,82.610817,22.886136,true,18.104,shift_1,B
2026-04-23T09:30,22.593793,90.375171,28.675234,true,17.425,shift_1,B
2026-04-23T09:45,24.057711,96.230844,31.019613,true,17.654,shift_1,B
2026-04-23T10:00,18.852133,75.408531,19.285048,true,18.116,shift_1,B
2026-04-23T10:15,23.995789,95.983157,30.93389,true,17.224,shift_1,B
2026-04-23T10:30,19.524203,78.096812,21.261035,true,17.133,shift_1,B
2026-04-23T10:45,21.911919,87.647674,25.197935,true,18.653,shift_1,B
2026-04-23T11:00,24.431807,97.727226,31.502228,true,17.334,shift_1,B
2026-04-23T11:15,20.79948,83.197921,25.262808,true,18.14,shift_1,B
2026-04-23T11:30,24.725607,98.902428,31.19481,true,17.735,shift_1,B
2026-04-23T11:45,22.31375,89.254998,24.952817,true,17.787,shift_1,B
2026-04-23T12:00,25.814502,103.258008,34.055799,true,19.025,shift_1,B
2026-04-23T12:15,18.348513,73.394052,19.905646,true,18.761,shift_1,B
2026-04-23T12:30,19.649636,78.598544,22.011508,true,18.868,shift_1,B
2026-04-23T12:45,22.35525,89.420998,28.398452,true,19.717,shift_1,B
2026-04-23T13:00,23.342864,93.371455,32.188062,true,19.876,shift_1,B
2026-04-23T13:15,18.912625,75.650501,17.569484,true,19.387,shift_1,B
2026-04-23T13:30,19.428259,77.713035,20.860225,true,19.486,shift_1,B
2026-04-23T13:45,23.85132,95.40528,31.352982,true,18.924,shift_1,B
2026-04-23T14:00,19.043686,76.174745,21.292882,true,20.076,shift_2,B
2026-04-23T14:15,17.537444,70.149775,14.832803,true,20.119,shift_2,B
2026-04-23T14:30,23.015939,92.063756,29.605955,true,21.042,shift_2,B
2026-04-23T14:45,21.143809,84.575236,25.14377,true,19.371,shift_2,B
2026-04-23T15:00,24.26048,97.041922,31.82268,true,20.574,shift_2,B
2026-04-23T15:15,18.539381,74.157526,16.702362,true,21.059,shift_2,B
2026-04-23T15:30,18.784179,75.136717,20.681578,true,20.189,shift_2,B
2026-04-23T15:45,23.178775,92.715099,28.313726,true,20.835,shift_2,B
2026-04-23T16:00,21.320005,85.280021,23.09933,true,20.927,shift_2,B
2026-04-23T16:15,20.618852,82.475409,22.67037,true,21.257,shift_2,B
2026-04-23T16:30,20.575006,82.300026,23.265448,true,21.177,shift_2,B
2026-04-23T16:45,20.27573,81.102921,20.6278,true,21.889,shift_2,B
2026-04-23T17:00,27.619559,110.478237,38.634032,true,21.544,shift_2,B
2026-04-23T17:15,22.732266,90.929063,28.596691,true,22.014,shift_2,B
2026-04-23T17:30,19.084048,76.336191,19.143296,true,22.612,shift_2,B
2026-04-23T17:45,24.145077,96.580309,30.877483,true,22.359,shift_2,B
2026-04-23T18:00,22.628244,90.512976,26.481364,true,22.901,shift_2,B
2026-04-23T18:15,23.97308,95.892321,31.321402,true,22.5,shift_2,B
2026-04-23T18:30,23.857951,95.431802,31.872043,true,22.842,shift_2,B
2026-04-23T18:45,21.475474,85.901895,23.914659,true,22.777,shift_2,B
2026-04-23T19:00,25.040757,100.163028,32.561801,true,23.109,shift_2,B
2026-04-23T19:15,24.820097,99.280387,31.450236,true,23.018,shift_2,B
2026-04-23T19:30,23.445873,93.78349,27.686151,true,22.548,shift_2,B
2026-04-23T19:45,22.774293,91.097171,26.550363,true,22.817,shift_2,B
2026-04-23T20:00,23.14094,92.563759,27.743888,true,22.472,shift_2,B
2026-04-23T20:15,22.99235,91.969402,27.254048,true,22.669,shift_2,B
2026-04-23T20:30,21.883632,87.534526,27.320074,true,22.216,shift_2,B
2026-04-23T20:45,20.450401,81.801606,21.569069,true,22.39,shift_2,B
2026-04-23T21:00,20.082783,80.331134,23.688334,true,22.534,shift_2,B
2026-04-23T21:15,19.587181,78.348724,21.235156,true,21.675,shift_2,B
2026-04-23T21:30,23.168805,92.67522,28.020978,true,22.787,shift_2,B
2026-04-23T21:45,20.658265,82.633058,23.670542,true,21.752,shift_2,B
2026-04-23T22:00,7.811919,31.247676,0.0,false,21.431,off,B
2026-04-23T22:15,7.713311,30.853242,0.0,false,22.0,off,B
2026-04-23T22:30,8.16268,32.65072,0.0,false,20.884,off,B
2026-04-23T22:45,7.802462,31.209849,0.0,false,21.724,off,B
2026-04-23T23:00,7.426993,29.707971,0.0,false,20.831,off,B
2026-04-23T23:15,7.842992,31.371968,0.0,false,21.513,off,B
2026-04-23T23:30,8.18167,32.72668,0.0,false,21.331,off,B
2026-04-23T23:45,7.504562,30.018248,0.0,false,21.518,off,B
2026-04-24T00:00,8.483447,33.93379,0.0,false,21.385,off,A
2026-04-24T00:15,8.438412,33.753646,0.0,false,21.609,off,A
2026-04-24T00:30,6.990343,27.961374,0.0,false,20.448,off,A
2026-04-24T00:45,8.059287,32.237149,0.0,false,20.777,off,A
2026-04-24T01:00,8.086142,32.344566,0.0,false,20.442,off,A
2026-04-24T01:15,7.660288,30.64115,0.0,false,20.602,off,A
2026-04-24T01:30,6.934273,27.737092,0.0,false,20.17,off,A
2026-04-24T01:45,8.144674,32.578694,0.0,false,20.251,off,A
2026-04-24T02:00,8.074879,32.299517,0.0,false,19.16,off,A
2026-04-24T02:15,7.005568,28.022274,0.0,false,20.017,off,A
2026-04-24T02:30,7.440185,29.760741,0.0,false,20.447,off,A
2026-04-24T02:45,6.924193,27.696772,0.0,false,19.511,off,A
2026-04-24T03:00,7.709941,30.839766,0.0,false,19.382,off,A
2026-04-24T03:15,6.200919,24.803678,0.0,false,19.887,off,A
2026-04-24T03:30,6.982553,27.930212,0.0,false,18.852,off,A
2026-04-24T03:45,7.312815,29.251259,0.0,false,18.784,off,A
2026-04-24T04:00,7.83596,31.34384,0.0,false,19.65,off,A
2026-04-24T04:15,7.433908,29.735634,0.0,false,18.393,off,A
2026-04-24T04:30,7.802321,31.209285,0.0,false,17.973,off,A
2026-04-24T04:45,7.285657,29.142626,0.0,false,17.857,off,A
2026-04-24T05:00,7.521806,30.087225,0.0,false,18.63,off,A
2026-04-24T05:15,7.742487,30.969947,0.0,false,18.447,off,A
2026-04-24T05:30,8.040159,32.160636,0.0,false,18.027,off,A
2026-04-24T05:45,7.193388,28.773551,0.0,false,17.59,off,A
2026-04-24T06:00,23.175663,92.702652,31.711458,true,18.487,shift_1,A
2026-04-24T06:15,20.988444,83.953777,27.053119,true,17.605,shift_1,A
2026-04-24T06:30,21.31265,85.250601,27.848427,true,16.963,shift_1,A
2026-04-24T06:45,18.03203,72.128119,19.499737,true,16.997,shift_1,A
2026-04-24T07:00,20.888465,83.553859,25.244552,true,17.569,shift_1,A
2026-04-24T07:15,21.189662,84.758649,25.820835,true,16.682,shift_1,A
2026-04-24T07:30,20.964928,83.859712,27.874483,true,17.272,shift_1,A
2026-04-24T07:45,18.797249,75.188995,22.723572,true,17.492,shift_1,A
2026-04-24T08:00,20.770741,83.082965,28.542801,true,17.94,shift_1,A
2026-04-24T08:15,20.506048,82.024194,25.437258,true,17.831,shift_1,A
2026-04-24T08:30,24.698807,98.795227,37.161122,true,17.095,shift_1,A
2026-04-24T08:45,20.026815,80.107262,25.469078,true,17.788,shift_1,A
2026-04-24T09:00,21.441145,85.76458,27.955727,true,17.875,shift_1,A
2026-04-24T09:15,21.380476,85.521904,28.49386,true,17.704,shift_1,A
2026-04-24T09:30,20.855271,83.421083,25.932794,true,18.003,shift_1,A
2026-04-24T09:45,18.577892,74.311566,20.967797,true,17.986,shift_1,A
2026-04-24T10:00,19.251118,77.004474,21.856885,true,17.656,shift_1,A
2026-04-24T10:15,21.997061,87.988243,31.59036,true,17.943,shift_1,A
2026-04-24T10:30,21.177702,84.710806,29.589317,true,17.454,shift_1,A
2026-04-24T10:45,20.600121,82.400485,26.705365,true,18.16,shift_1,A
2026-04-24T11:00,23.736685,94.946738,32.333745,true,17.895,shift_1,A
2026-04-24T11:15,20.885265,83.541061,26.287272,true,17.767,shift_1,A
2026-04-24T11:30,19.453569,77.814277,22.649524,true,19.128,shift_1,A
2026-04-24T11:45,19.161675,76.646702,21.545264,true,18.613,shift_1,A
2026-04-24T12:00,22.97562,91.902478,33.048825,true,18.826,shift_1,A
2026-04-24T12:15,20.942527,83.770108,25.9327,true,18.74,shift_1,A
2026-04-24T12:30,22.791609,91.166436,33.589822,true,18.992,shift_1,A
2026-04-24T12:45,16.594028,66.376112,15.180804,true,19.464,shift_1,A
2026-04-24T13:00,20.057761,80.231043,25.225654,true,19.186,shift_1,A
2026-04-24T13:15,18.617677,74.470709,18.662119,true,19.739,shift_1,A
2026-04-24T13:30,16.275185,65.100741,14.420521,true,20.306,shift_1,A
2026-04-24T13:45,16.746846,66.987384,17.608629,true,19.307,shift_1,A
2026-04-24T14:00,17.238273,68.953092,17.960374,true,20.388,shift_2,A
2026-04-24T14:15,20.239962,80.959847,24.396922,true,20.222,shift_2,A
2026-04-24T14:30,19.159409,76.637636,21.559199,true,19.865,shift_2,A
2026-04-24T14:45,18.8612,75.444801,20.07808,true,19.776,shift_2,A
2026-04-24T15:00,20.374031,81.496125,24.540418,true,19.244,shift_2,A
2026-04-24T15:15,20.233519,80.934074,25.625627,true,20.783,shift_2,A
2026-04-24T15:30,23.087182,92.348728,31.261045,true,20.833,shift_2,A
2026-04-24T15:45,21.779326,87.117304,29.352291,true,21.215,shift_2,A
2026-04-24T16:00,16.12758,64.51032,16.876298,true,21.555,shift_2,A
2026-04-24T16:15,18.523963,74.095853,18.934109,true,20.99,shift_2,A
2026-04-24T16:30,20.734914,82.939657,24.337008,true,21.685,shift_2,A
2026-04-24T16:45,23.033399,92.133598,33.274049,true,21.857,shift_2,A
2026-04-24T17:00,23.901684,95.606737,32.546619,true,21.344,shift_2,A
2026-04-24T17:15,20.747113,82.988453,25.590552,true,21.3,shift_2,A
2026-04-24T17:30,23.590428,94.361712,31.518586,true,22.428,shift_2,A
2026-04-24T17:45,21.395877,85.58351,26.135284,true,22.05,shift_2,A
2026-04-24T18:00,24.43031,97.721239,36.066218,true,21.956,shift_2,A
2026-04-24T18:15,18.337795,73.351178,19.227099,true,22.511,shift_2,A
2026-04-24T18:30,23.039898,92.159591,31.957144,true,22.592,shift_2,A
2026-04-24T18:45,20.006672,80.026686,21.448243,true,22.169,shift_2,A
2026-04-24T19:00,18.067205,72.26882,19.840644,true,22.053,shift_2,A
2026-04-24T19:15,21.856136,87.424543,26.782119,true,22.118,shift_2,A
2026-04-24T19:30,20.250897,81.003587,25.97316,true,22.018,shift_2,A
2026-04-24T19:45,19.745548,78.982191,21.567801,true,22.97,shift_2,A
2026-04-24T20:00,18.943062,75.772247,19.50556,true,21.571,shift_2,A
2026-04-24T20:15,19.829492,79.31797,22.657124,true,22.263,shift_2,A
2026-04-24T20:30,22.129139,88.516557,28.995414,true,22.82,shift_2,A
2026-04-24T20:45,20.349051,81.396205,25.438865,true,22.409,shift_2,A
2026-04-24T21:00,20.745285,82.981139,26.538098,true,21.896,shift_2,A
2026-04-24T21:15,20.048317,80.193269,24.416716,true,22.044,shift_2,A
2026-04-24T21:30,18.821117,75.28447,20.368257,true,21.448,shift_2,A
2026-04-24T21:45,19.06483,76.25932,20.83636,true,22.517,shift_2,A
2026-04-24T22:00,7.199543,28.798172,0.0,false,22.136,off,A
2026-04-24T22:15,7.945808,31.783234,0.0,false,21.375,off,A
2026-04-24T22:30,8.522802,34.091209,0.0,false,23.018,off,A
2026-04-24T22:45,6.651696,26.606782,0.0,false,21.962,off,A
2026-04-24T23:00,8.243367,32.973467,0.0,false,22.218,off,A
2026-04-24T23:15,7.863315,31.453259,0.0,false,21.362,off,A
2026-04-24T23:30,7.395378,29.581511,0.0,false,21.654,off,A
2026-04-24T23:45,7.746434,30.985736,0.0,false,22.096,off,A
2026-04-25T00:00,7.981055,31.924219,0.0,false,21.414,off,A
2026-04-25T00:15,8.311946,33.247786,0.0,false,21.191,off,A
2026-04-25T00:30,7.543089,30.172355,0.0,false,20.982,off,A
2026-04-25T00:45,8.149469,32.597877,0.0,false,21.233,off,A
2026-04-25T01:00,7.541731,30.166926,0.0,false,20.99,off,A
2026-04-25T01:15,7.984864,31.939454,0.0,false,19.848,off,A
2026-04-25T01:30,6.85724,27.428962,0.0,false,20.738,off,A
2026-04-25T01:45,6.787757,27.151028,0.0,false,20.786,off,A
2026-04-25T02:00,8.30437,33.217481,0.0,false,18.957,off,A
2026-04-25T02:15,7.78631,31.14524,0.0,false,19.816,off,A
2026-04-25T02:30,7.318479,29.273915,0.0,false,20.11,off,A
2026-04-25T02:45,7.675868,30.703471,0.0,false,19.364,off,A
2026-04-25T03:00,7.917803,31.671214,0.0,false,19.015,off,A
2026-04-25T03:15,7.936678,31.746711,0.0,false,18.52,off,A
2026-04-25T03:30,7.398762,29.595046,0.0,false,18.865,off,A
2026-04-25T03:45,7.489049,29.956198,0.0,false,18.521,off,A
2026-04-25T04:00,7.376759,29.507037,0.0,false,18.715,off,A
2026-04-25T04:15,6.724327,26.897308,0.0,false,18.829,off,A
2026-04-25T04:30,7.990116,31.960463,0.0,false,18.419,off,A
2026-04-25T04:45,7.180461,28.721844,0.0,false,18.563,off,A
2026-04-25T05:00,7.362265,29.449058,0.0,false,17.378,off,A
2026-04-25T05:15,7.659972,30.639887,0.0,false,17.991,off,A
2026-04-25T05:30,7.365754,29.463014,0.0,false,18.702,off,A
2026-04-25T05:45,7.01723,28.068919,0.0,false,17.976,off,A
2026-04-25T06:00,7.514875,30.059499,0.0,false,18.135,shift_1,A
2026-04-25T06:15,7.779251,31.117002,0.0,false,17.503,shift_1,A
2026-04-25T06:30,8.06386,32.25544,0.0,false,18.249,shift_1,A
2026-04-25T06:45,8.468202,33.87281,0.0,false,17.024,shift_1,A
2026-04-25T07:00,8.177418,32.709674,0.0,false,16.246,shift_1,A
2026-04-25T07:15,7.430015,29.720059,0.0,false,18.015,shift_1,A
2026-04-25T07:30,7.065792,28.263169,0.0,false,17.699,shift_1,A
2026-04-25T07:45,6.741132,26.964526,0.0,false,18.285,shift_1,A
2026-04-25T08:00,7.321694,29.286775,0.0,false,16.822,shift_1,A
2026-04-25T08:15,7.632375,30.529501,0.0,false,17.029,shift_1,A
2026-04-25T08:30,7.394319,29.577278,0.0,false,17.457,shift_1,A
2026-04-25T08:45,6.5328,26.131201,0.0,false,17.333,shift_1,A
2026-04-25T09:00,7.764208,31.056832,0.0,false,17.769,shift_1,A
2026-04-25T09:15,7.708251,30.833006,0.0,false,18.141,shift_1,A
2026-04-25T09:30,7.397872,29.591487,0.0,false,17.869,shift_1,A
2026-04-25T09:45,7.331695,29.326781,0.0,false,18.817,shift_1,A
2026-04-25T10:00,7.118489,28.473955,0.0,false,16.633,shift_1,A
2026-04-25T10:15,7.039672,28.158687,0.0,false,19.007,shift_1,A
2026-04-25T10:30,6.918631,27.674522,0.0,false,18.134,shift_1,A
2026-04-25T10:45,7.387728,29.55091,0.0,false,17.572,shift_1,A
2026-04-25T11:00,7.42949,29.71796,0.0,false,17.662,shift_1,A
2026-04-25T11:15,7.265888,29.063554,0.0,false,18.88,shift_1,A
2026-04-25T11:30,8.183992,32.735967,0.0,false,18.737,shift_1,A
2026-04-25T11:45,7.831714,31.326856,0.0,false,19.407,shift_1,A
2026-04-25T12:00,7.013427,28.053708,0.0,false,18.97,shift_1,A
2026-04-25T12:15,7.263709,29.054836,0.0,false,18.983,shift_1,A
2026-04-25T12:30,7.086746,28.346986,0.0,false,19.275,shift_1,A
2026-04-25T12:45,7.154424,28.617698,0.0,false,18.945,shift_1,A
2026-04-25T13:00,7.901201,31.604803,0.0,false,19.187,shift_1,A
2026-04-25T13:15,8.172795,32.691182,0.0,false,19.593,shift_1,A
2026-04-25T13:30,7.376271,29.505085,0.0,false,19.098,shift_1,A
2026-04-25T13:45,7.514339,30.057354,0.0,false,19.738,shift_1,A
2026-04-25T14:00,7.577219,30.308877,0.0,false,20.127,shift_2,A
2026-04-25T14:15,7.441418,29.765671,0.0,false,19.736,shift_2,A
2026-04-25T14:30,7.327769,29.311077,0.0,false,20.211,shift_2,A
2026-04-25T14:45,7.796552,31.186209,0.0,false,21.236,shift_2,A
2026-04-25T15:00,7.017363,28.069454,0.0,false,20.557,shift_2,A
2026-04-25T15:15,7.795192,31.180768,0.0,false,21.603,shift_2,A
2026-04-25T15:30,7.616822,30.467289,0.0,false,20.536,shift_2,A
2026-04-25T15:45,7.675493,30.701971,0.0,false,21.28,shift_2,A
2026-04-25T16:00,8.165978,32.66391,0.0,false,21.155,shift_2,A
2026-04-25T16:15,8.465069,33.860276,0.0,false,22.037,shift_2,A
2026-04-25T16:30,8.260947,33.043787,0.0,false,22.437,shift_2,A
2026-04-25T16:45,8.188668,32.75467,0.0,false,21.585,shift_2,A
2026-04-25T17:00,7.614168,30.456671,0.0,false,22.076,shift_2,A
2026-04-25T17:15,7.124321,28.497286,0.0,false,21.822,shift_2,A
2026-04-25T17:30,8.113565,32.454261,0.0,false,21.668,shift_2,A
2026-04-25T17:45,7.428469,29.713878,0.0,false,21.847,shift_2,A
2026-04-25T18:00,8.589632,34.358526,0.0,false,22.013,shift_2,A
2026-04-25T18:15,8.54411,34.176441,0.0,false,22.342,shift_2,A
2026-04-25T18:30,8.174426,32.697702,0.0,false,22.89,shift_2,A
2026-04-25T18:45,7.591038,30.364153,0.0,false,22.41,shift_2,A
2026-04-25T19:00,7.471396,29.885585,0.0,false,21.274,shift_2,A
2026-04-25T19:15,7.995128,31.980514,0.0,false,22.481,shift_2,A
2026-04-25T19:30,7.939243,31.756973,0.0,false,23.06,shift_2,A
2026-04-25T19:45,7.78354,31.134159,0.0,false,21.416,shift_2,A
2026-04-25T20:00,7.655561,30.622244,0.0,false,22.368,shift_2,A
2026-04-25T20:15,7.688398,30.753593,0.0,false,21.792,shift_2,A
2026-04-25T20:30,8.112663,32.450653,0.0,false,21.68,shift_2,A
2026-04-25T20:45,7.70879,30.835161,0.0,false,22.748,shift_2,A
2026-04-25T21:00,7.940303,31.761213,0.0,false,22.699,shift_2,A
2026-04-25T21:15,8.326016,33.304062,0.0,false,22.748,shift_2,A
2026-04-25T21:30,8.476231,33.904922,0.0,false,22.226,shift_2,A
2026-04-25T21:45,8.339404,33.357617,0.0,false,21.814,shift_2,A
2026-04-25T22:00,7.502144,30.008577,0.0,false,21.761,off,A
2026-04-25T22:15,7.953325,31.813301,0.0,false,22.201,off,A
2026-04-25T22:30,8.184528,32.738112,0.0,false,22.399,off,A
2026-04-25T22:45,7.206115,28.82446,0.0,false,21.129,off,A
2026-04-25T23:00,7.784964,31.139856,0.0,false,21.502,off,A
2026-04-25T23:15,7.478155,29.912621,0.0,false,21.303,off,A
2026-04-25T23:30,7.688426,30.753706,0.0,false,21.382,off,A
2026-04-25T23:45,7.583209,30.332838,0.0,false,21.556,off,A
2026-04-26T00:00,7.337252,29.349007,0.0,false,21.174,off,B
2026-04-26T00:15,8.326907,33.30763,0.0,false,21.163,off,B
2026-04-26T00:30,7.678121,30.712485,0.0,false,21.493,off,B
2026-04-26T00:45,7.717273,30.86909,0.0,false,21.199,off,B
2026-04-26T01:00,7.366077,29.464309,0.0,false,20.448,off,B
2026-04-26T01:15,7.559794,30.239178,0.0,false,20.036,off,B
2026-04-26T01:30,8.403064,33.612255,0.0,false,20.905,off,B
2026-04-26T01:45,8.360258,33.441031,0.0,false,19.446,off,B
2026-04-26T02:00,7.216066,28.864263,0.0,false,19.673,off,B
2026-04-26T02:15,7.685426,30.741704,0.0,false,19.723,off,B
2026-04-26T02:30,7.618264,30.473055,0.0,false,19.363,off,B
2026-04-26T02:45,7.235898,28.943594,0.0,false,19.083,off,B
2026-04-26T03:00,7.73515,30.940599,0.0,false,19.292,off,B
2026-04-26T03:15,7.597829,30.391316,0.0,false,20.07,off,B
2026-04-26T03:30,8.31027,33.241081,0.0,false,18.451,off,B
2026-04-26T03:45,8.249027,32.996107,0.0,false,18.572,off,B
2026-04-26T04:00,7.47316,29.89264,0.0,false,20.034,off,B
2026-04-26T04:15,7.327887,29.311549,0.0,false,18.973,off,B
2026-04-26T04:30,6.804871,27.219483,0.0,false,18.827,off,B
2026-04-26T04:45,7.383175,29.532698,0.0,false,18.097,off,B
2026-04-26T05:00,7.896092,31.584369,0.0,false,18.695,off,B
2026-04-26T05:15,7.44604,29.784159,0.0,false,17.496,off,B
2026-04-26T05:30,7.26552,29.062078,0.0,false,17.907,off,B
2026-04-26T05:45,6.689947,26.759787,0.0,false,17.216,off,B
2026-04-26T06:00,7.321813,29.287252,0.0,false,18.922,shift_1,B
2026-04-26T06:15,7.20966,28.838639,0.0,false,17.706,shift_1,B
2026-04-26T06:30,7.303802,29.215207,0.0,false,18.164,shift_1,B
2026-04-26T06:45,7.056492,28.225968,0.0,false,17.773,shift_1,B
2026-04-26T07:00,7.291179,29.164718,0.0,false,17.87,shift_1,B
2026-04-26T07:15,7.818699,31.274797,0.0,false,17.702,shift_1,B
2026-04-26T07:30,7.233452,28.933808,0.0,false,17.207,shift_1,B
2026-04-26T07:45,8.303247,33.212989,0.0,false,17.149,shift_1,B
2026-04-26T08:00,7.471573,29.88629,0.0,false,17.202,shift_1,B
2026-04-26T08:15,7.437949,29.751798,0.0,false,17.985,shift_1,B
2026-04-26T08:30,7.553288,30.213151,0.0,false,17.072,shift_1,B
2026-04-26T08:45,7.850646,31.402585,0.0,false,16.893,shift_1,B
2026-04-26T09:00,8.293509,33.174037,0.0,false,17.211,shift_1,B
2026-04-26T09:15,7.070393,28.281574,0.0,false,18.115,shift_1,B
2026-04-26T09:30,7.025194,28.100778,0.0,false,18.041,shift_1,B
2026-04-26T09:45,7.20583,28.823319,0.0,false,16.993,shift_1,B
2026-04-26T10:00,8.407733,33.630932,0.0,false,18.004,shift_1,B
2026-04-26T10:15,7.042807,28.17123,0.0,false,17.491,shift_1,B
2026-04-26T10:30,7.819867,31.279467,0.0,false,18.415,shift_1,B
2026-04-26T10:45,6.732078,26.928312,0.0,false,18.957,shift_1,B
2026-04-26T11:00,7.043871,28.175486,0.0,false,17.673,shift_1,B
2026-04-26T11:15,7.477237,29.908947,0.0,false,18.289,shift_1,B
2026-04-26T11:30,7.749082,30.996328,0.0,false,19.188,shift_1,B
2026-04-26T11:45,7.548819,30.195275,0.0,false,18.044,shift_1,B
2026-04-26T12:00,8.090143,32.360571,0.0,false,19.465,shift_1,B
2026-04-26T12:15,7.844596,31.378386,0.0,false,18.256,shift_1,B
2026-04-26T12:30,7.353479,29.413917,0.0,false,19.972,shift_1,B
2026-04-26T12:45,7.721558,30.886232,0.0,false,19.47,shift_1,B
2026-04-26T13:00,7.58533,30.341322,0.0,false,19.427,shift_1,B
2026-04-26T13:15,7.782507,31.130029,0.0,false,18.935,shift_1,B
2026-04-26T13:30,7.803935,31.215741,0.0,false,20.472,shift_1,B
2026-04-26T13:45,7.190178,28.760713,0.0,false,19.757,shift_1,B
2026-04-26T14:00,6.665304,26.661216,0.0,false,20.654,shift_2,B
2026-04-26T14:15,7.325594,29.302375,0.0,false,20.806,shift_2,B
2026-04-26T14:30,7.83478,31.339121,0.0,false,20.548,shift_2,B
2026-04-26T14:45,7.558252,30.233009,0.0,false,20.718,shift_2,B
2026-04-26T15:00,7.683582,30.734329,0.0,false,19.751,shift_2,B
2026-04-26T15:15,8.035424,32.141695,0.0,false,19.929,shift_2,B
2026-04-26T15:30,8.668815,34.675259,0.0,false,20.888,shift_2,B
2026-04-26T15:45,8.098812,32.395247,0.0,false,20.798,shift_2,B
2026-04-26T16:00,6.962702,27.85081,0.0,false,21.493,shift_2,B
2026-04-26T16:15,7.309686,29.238744,0.0,false,20.985,shift_2,B
2026-04-26T16:30,8.241277,32.965109,0.0,false,22.005,shift_2,B
2026-04-26T16:45,8.924731,35.698923,0.0,false,21.885,shift_2,B
2026-04-26T17:00,6.870864,27.483455,0.0,false,20.655,shift_2,B
2026-04-26T17:15,8.517854,34.071417,0.0,false,21.751,shift_2,B
2026-04-26T17:30,8.354384,33.417536,0.0,false,22.321,shift_2,B
2026-04-26T17:45,7.179858,28.719431,0.0,false,21.463,shift_2,B
2026-04-26T18:00,7.868114,31.472454,0.0,false,22.867,shift_2,B
2026-04-26T18:15,8.22477,32.89908,0.0,false,22.012,shift_2,B
2026-04-26T18:30,8.099862,32.39945,0.0,false,21.647,shift_2,B
2026-04-26T18:45,7.255943,29.023774,0.0,false,22.576,shift_2,B
2026-04-26T19:00,8.178266,32.713066,0.0,false,22.82,shift_2,B
2026-04-26T19:15,7.879743,31.518971,0.0,false,22.517,shift_2,B
2026-04-26T19:30,8.349999,33.399995,0.0,false,22.738,shift_2,B
2026-04-26T19:45,7.716512,30.866046,0.0,false,23.197,shift_2,B
2026-04-26T20:00,7.940851,31.763405,0.0,false,21.652,shift_2,B
2026-04-26T20:15,7.959614,31.838457,0.0,false,22.435,shift_2,B
2026-04-26T20:30,7.70613,30.824519,0.0,false,22.426,shift_2,B
2026-04-26T20:45,7.622493,30.489972,0.0,false,21.848,shift_2,B
2026-04-26T21:00,7.342147,29.36859,0.0,false,22.209,shift_2,B
2026-04-26T21:15,8.078257,32.313029,0.0,false,21.492,shift_2,B
2026-04-26T21:30,8.201559,32.806236,0.0,false,21.477,shift_2,B
2026-04-26T21:45,7.579513,30.318052,0.0,false,21.983,shift_2,B
2026-04-26T22:00,7.920893,31.683573,0.0,false,21.612,off,B
2026-04-26T22:15,7.414676,29.658706,0.0,false,22.506,off,B
2026-04-26T22:30,8.327457,33.309827,0.0,false,21.679,off,B
2026-04-26T22:45,8.307451,33.229806,0.0,false,22.946,off,B
2026-04-26T23:00,8.10934,32.437359,0.0,false,21.937,off,B
2026-04-26T23:15,7.978384,31.913534,0.0,false,21.176,off,B
2026-04-26T23:30,8.34182,33.367281,0.0,false,22.006,off,B
2026-04-26T23:45,7.98917,31.956679,0.0,false,21.883,off,B
2026-04-27T00:00,7.646592,30.586368,0.0,false,22.119,off,A
2026-04-27T00:15,8.197963,32.791851,0.0,false,21.033,off,A
2026-04-27T00:30,7.376471,29.505886,0.0,false,20.648,off,A
2026-04-27T00:45,8.173342,32.693367,0.0,false,20.88,off,A
2026-04-27T01:00,7.384667,29.538667,0.0,false,20.303,off,A
2026-04-27T01:15,7.150629,28.602516,0.0,false,20.984,off,A
2026-04-27T01:30,6.793875,27.1755,0.0,false,19.854,off,A
2026-04-27T01:45,6.971837,27.887349,0.0,false,20.359,off,A
2026-04-27T02:00,7.945137,31.780549,0.0,false,20.256,off,A
2026-04-27T02:15,7.161279,28.645116,0.0,false,19.68,off,A
2026-04-27T02:30,8.210115,32.840462,0.0,false,19.973,off,A
2026-04-27T02:45,7.338121,29.352483,0.0,false,19.616,off,A
2026-04-27T03:00,7.578488,30.313952,0.0,false,19.37,off,A
2026-04-27T03:15,7.53758,30.15032,0.0,false,18.796,off,A
2026-04-27T03:30,8.35492,33.419682,0.0,false,19.053,off,A
2026-04-27T03:45,7.383787,29.535146,0.0,false,18.825,off,A
2026-04-27T04:00,7.462512,29.850048,0.0,false,19.272,off,A
2026-04-27T04:15,7.649406,30.597625,0.0,false,18.863,off,A
2026-04-27T04:30,7.937944,31.751777,0.0,false,18.326,off,A
2026-04-27T04:45,8.066642,32.266567,0.0,false,18.336,off,A
2026-04-27T05:00,7.437264,29.749057,0.0,false,17.916,off,A
2026-04-27T05:15,7.2876,29.150399,0.0,false,18.243,off,A
2026-04-27T05:30,7.868688,31.474753,0.0,false,18.04,off,A
2026-04-27T05:45,7.638751,30.555005,0.0,false,17.834,off,A
2026-04-27T06:00,20.327003,81.308014,25.047236,true,18.195,shift_1,A
2026-04-27T06:15,22.890704,91.562818,31.688869,true,17.923,shift_1,A
2026-04-27T06:30,20.730991,82.923962,27.587496,true,17.378,shift_1,A
2026-04-27T06:45,20.572972,82.291889,28.428081,true,17.506,shift_1,A
2026-04-27T07:00,26.930435,107.721739,41.840341,true,17.402,shift_1,A
2026-04-27T07:15,22.506249,90.024995,32.147998,true,17.64,shift_1,A
2026-04-27T07:30,15.969722,63.878888,14.426257,true,16.973,shift_1,A
2026-04-27T07:45,19.349021,77.396083,23.170448,true,17.624,shift_1,A
2026-04-27T08:00,17.253699,69.014795,16.920265,true,17.879,shift_1,A
2026-04-27T08:15,20.793623,83.174493,26.828075,true,17.773,shift_1,A
2026-04-27T08:30,20.423366,81.693462,27.31396,true,16.92,shift_1,A
2026-04-27T08:45,21.81998,87.279919,30.719764,true,17.049,shift_1,A
2026-04-27T09:00,18.007791,72.031164,20.368925,true,18.4,shift_1,A
2026-04-27T09:15,20.686199,82.744796,27.168762,true,18.301,shift_1,A
2026-04-27T09:30,20.777358,83.109433,25.111987,true,18.813,shift_1,A
2026-04-27T09:45,21.88798,87.551922,29.741983,true,17.645,shift_1,A
2026-04-27T10:00,17.618652,70.474608,18.844178,true,17.482,shift_1,A
2026-04-27T10:15,25.254062,101.016247,36.423388,true,18.46,shift_1,A
2026-04-27T10:30,22.445642,89.782568,29.416896,true,17.686,shift_1,A
2026-04-27T10:45,22.541611,90.166444,30.462996,true,17.939,shift_1,A
2026-04-27T11:00,24.253038,97.012153,37.03841,true,18.256,shift_1,A
2026-04-27T11:15,24.127017,96.508066,33.660045,true,18.7,shift_1,A
2026-04-27T11:30,16.956087,67.824347,17.860199,true,17.996,shift_1,A
2026-04-27T11:45,20.142953,80.571811,25.627953,true,17.731,shift_1,A
2026-04-27T12:00,23.901784,95.607135,33.480814,true,19.44,shift_1,A
2026-04-27T12:15,20.975229,83.900914,26.899453,true,18.896,shift_1,A
2026-04-27T12:30,21.287185,85.14874,28.779211,true,19.29,shift_1,A
2026-04-27T12:45,20.609758,82.43903,27.518912,true,19.007,shift_1,A
2026-04-27T13:00,21.26346,85.05384,27.143885,true,18.877,shift_1,A
2026-04-27T13:15,18.171905,72.687618,21.257141,true,19.214,shift_1,A
2026-04-27T13:30,21.173354,84.693417,29.250135,true,18.697,shift_1,A
2026-04-27T13:45,18.900458,75.60183,21.952223,true,19.809,shift_1,A
2026-04-27T14:00,20.601516,82.406066,25.860572,true,20.36,shift_2,A
2026-04-27T14:15,21.100979,84.403916,28.716511,true,19.351,shift_2,A
2026-04-27T14:30,18.048577,72.194307,20.692718,true,19.859,shift_2,A
2026-04-27T14:45,22.413829,89.655318,29.746226,true,20.437,shift_2,A
2026-04-27T15:00,21.561142,86.24457,26.662774,true,21.517,shift_2,A
2026-04-27T15:15,19.296198,77.184792,22.031836,true,20.358,shift_2,A
2026-04-27T15:30,19.433169,77.732677,24.467062,true,20.45,shift_2,A
2026-04-27T15:45,20.348152,81.392608,25.376167,true,21.065,shift_2,A
2026-04-27T16:00,18.705151,74.820604,21.743424,true,21.441,shift_2,A
2026-04-27T16:15,23.728015,94.912061,33.427823,true,21.711,shift_2,A
2026-04-27T16:30,20.168252,80.673006,22.641725,true,21.261,shift_2,A
2026-04-27T16:45,20.135778,80.54311,24.276429,true,21.612,shift_2,A
2026-04-27T17:00,22.638398,90.553593,28.286252,true,21.164,shift_2,A
2026-04-27T17:15,21.11258,84.450318,27.084588,true,21.971,shift_2,A
2026-04-27T17:30,21.258109,85.032436,28.001313,true,22.696,shift_2,A
2026-04-27T17:45,23.075997,92.303988,31.924499,true,21.829,shift_2,A
2026-04-27T18:00,22.940978,91.763911,30.781709,true,22.35,shift_2,A
2026-04-27T18:15,24.218838,96.875353,34.02422,true,22.748,shift_2,A
2026-04-27T18:30,19.164605,76.658419,20.114471,true,22.196,shift_2,A
2026-04-27T18:45,23.66774,94.670962,32.541399,true,22.478,shift_2,A
2026-04-27T19:00,22.831136,91.324546,31.083779,true,21.441,shift_2,A
2026-04-27T19:15,23.170356,92.681423,31.959905,true,21.791,shift_2,A
2026-04-27T19:30,19.770665,79.082659,23.212873,true,22.187,shift_2,A
2026-04-27T19:45,18.249226,72.996905,17.446258,true,23.11,shift_2,A
2026-04-27T20:00,22.337211,89.348844,31.713066,true,22.463,shift_2,A
2026-04-27T20:15,19.415071,77.660283,21.236916,true,22.022,shift_2,A
2026-04-27T20:30,21.795832,87.183328,27.58654,true,22.058,shift_2,A
2026-04-27T20:45,19.615049,78.460197,22.540754,true,22.118,shift_2,A
2026-04-27T21:00,21.748161,86.992645,26.65281,true,21.998,shift_2,A
2026-04-27T21:15,20.659747,82.638988,26.892042,true,22.576,shift_2,A
2026-04-27T21:30,21.998292,87.993168,28.179644,true,22.422,shift_2,A
2026-04-27T21:45,22.919046,91.676185,30.643529,true,22.145,shift_2,A
2026-04-27T22:00,7.970355,31.881421,0.0,false,21.547,off,A
2026-04-27T22:15,8.456066,33.824262,0.0,false,22.561,off,A
2026-04-27T22:30,8.2859,33.143598,0.0,false,22.39,off,A
2026-04-27T22:45,7.816869,31.267477,0.0,false,22.392,off,A
2026-04-27T23:00,7.535335,30.141341,0.0,false,21.786,off,A
2026-04-27T23:15,7.187385,28.74954,0.0,false,21.748,off,A
2026-04-27T23:30,7.734923,30.93969,0.0,false,21.152,off,A
2026-04-27T23:45,7.561107,30.244426,0.0,false,21.287,off,A
2026-04-28T00:00,7.622261,30.489042,0.0,false,20.609,off,A
2026-04-28T00:15,8.25154,33.006162,0.0,false,21.782,off,A
2026-04-28T00:30,7.527775,30.111099,0.0,false,21.081,off,A
2026-04-28T00:45,8.067299,32.269197,0.0,false,20.682,off,A
2026-04-28T01:00,8.353282,33.413128,0.0,false,21.2,off,A
2026-04-28T01:15,8.129118,32.51647,0.0,false,20.943,off,A
2026-04-28T01:30,7.907757,31.631026,0.0,false,20.636,off,A
2026-04-28T01:45,7.231043,28.924173,0.0,false,20.349,off,A
2026-04-28T02:00,7.549925,30.199702,0.0,false,20.168,off,A
2026-04-28T02:15,7.947086,31.788345,0.0,false,19.469,off,A
2026-04-28T02:30,7.963408,31.853632,0.0,false,21.228,off,A
2026-04-28T02:45,6.918318,27.673272,0.0,false,19.37,off,A
2026-04-28T03:00,7.239345,28.95738,0.0,false,18.808,off,A
2026-04-28T03:15,8.248752,32.995007,0.0,false,19.442,off,A
2026-04-28T03:30,7.757017,31.028068,0.0,false,18.59,off,A
2026-04-28T03:45,7.441591,29.766364,0.0,false,18.326,off,A
2026-04-28T04:00,7.668427,30.673708,0.0,false,18.664,off,A
2026-04-28T04:15,7.762221,31.048884,0.0,false,18.683,off,A
2026-04-28T04:30,7.186457,28.745828,0.0,false,18.585,off,A
2026-04-28T04:45,7.387413,29.549653,0.0,false,17.5,off,A
2026-04-28T05:00,7.535964,30.143857,0.0,false,18.344,off,A
2026-04-28T05:15,7.636196,30.544784,0.0,false,18.43,off,A
2026-04-28T05:30,7.786308,31.145233,0.0,false,18.249,off,A
2026-04-28T05:45,7.04857,28.194281,0.0,false,19.265,off,A
2026-04-28T06:00,19.965696,79.862786,24.621327,true,16.486,shift_1,A
2026-04-28T06:15,14.856497,59.425988,12.337586,true,18.283,shift_1,A
2026-04-28T06:30,22.567702,90.270809,32.016634,true,16.387,shift_1,A
2026-04-28T06:45,17.606189,70.424756,18.429529,true,17.886,shift_1,A
2026-04-28T07:00,20.533408,82.133632,26.684488,true,17.661,shift_1,A
2026-04-28T07:15,20.999191,83.996764,26.620341,true,17.245,shift_1,A
2026-04-28T07:30,17.796182,71.184726,18.244701,true,17.642,shift_1,A
2026-04-28T07:45,20.629752,82.519009,25.597329,true,17.606,shift_1,A
2026-04-28T08:00,19.152748,76.610993,23.513107,true,17.825,shift_1,A
2026-04-28T08:15,17.376347,69.505389,17.145516,true,18.096,shift_1,A
2026-04-28T08:30,20.864456,83.457822,25.875441,true,17.824,shift_1,A
2026-04-28T08:45,20.444383,81.777534,25.783141,true,17.773,shift_1,A
2026-04-28T09:00,25.662073,102.648291,38.759691,true,17.494,shift_1,A
2026-04-28T09:15,23.209976,92.839905,34.428377,true,17.387,shift_1,A
2026-04-28T09:30,21.277335,85.109338,28.064243,true,17.877,shift_1,A
2026-04-28T09:45,20.390572,81.562288,25.657821,true,17.841,shift_1,A
2026-04-28T10:00,23.178931,92.715725,34.026513,true,18.113,shift_1,A
2026-04-28T10:15,21.206783,84.827133,28.810521,true,17.967,shift_1,A
2026-04-28T10:30,19.439742,77.758969,23.56877,true,17.515,shift_1,A
2026-04-28T10:45,22.279623,89.118492,30.116321,true,18.34,shift_1,A
2026-04-28T11:00,21.534998,86.139992,30.266196,true,17.888,shift_1,A
2026-04-28T11:15,21.789065,87.15626,29.816268,true,18.057,shift_1,A
2026-04-28T11:30,21.875098,87.500393,29.111433,true,18.632,shift_1,A
2026-04-28T11:45,19.243482,76.973926,22.831197,true,18.239,shift_1,A
2026-04-28T12:00,19.995745,79.982981,24.629916,true,18.267,shift_1,A
2026-04-28T12:15,18.429925,73.719702,20.188906,true,18.522,shift_1,A
2026-04-28T12:30,21.517494,86.069976,26.58886,true,18.995,shift_1,A
2026-04-28T12:45,22.450768,89.803074,32.490499,true,18.86,shift_1,A
2026-04-28T13:00,19.981018,79.92407,25.095962,true,19.632,shift_1,A
2026-04-28T13:15,20.731903,82.927612,28.550632,true,18.872,shift_1,A
2026-04-28T13:30,17.271733,69.086933,17.463044,true,19.832,shift_1,A
2026-04-28T13:45,20.693801,82.775206,26.069256,true,20.487,shift_1,A
2026-04-28T14:00,24.420968,97.683871,35.429347,true,19.898,shift_2,A
2026-04-28T14:15,16.597689,66.390756,16.441096,true,19.173,shift_2,A
2026-04-28T14:30,17.041869,68.167474,16.057425,true,20.77,shift_2,A
2026-04-28T14:45,18.748568,74.994271,23.276255,true,19.833,shift_2,A
2026-04-28T15:00,21.308768,85.235074,29.596179,true,20.116,shift_2,A
2026-04-28T15:15,19.459384,77.837536,24.082751,true,20.189,shift_2,A
2026-04-28T15:30,18.949858,75.799431,22.412861,true,20.134,shift_2,A
2026-04-28T15:45,21.137776,84.551106,25.96749,true,22.38,shift_2,A
2026-04-28T16:00,22.520945,90.083781,30.640645,true,21.947,shift_2,A
2026-04-28T16:15,22.745457,90.981829,32.565884,true,21.362,shift_2,A
2026-04-28T16:30,20.199341,80.797364,23.57938,true,21.23,shift_2,A
2026-04-28T16:45,24.199028,96.796113,33.846657,true,21.501,shift_2,A
2026-04-28T17:00,23.31609,93.264359,33.390685,true,22.159,shift_2,A
2026-04-28T17:15,23.292789,93.171156,32.05167,true,22.102,shift_2,A
2026-04-28T17:30,22.847738,91.390953,29.057066,true,22.44,shift_2,A
2026-04-28T17:45,21.954853,87.819413,30.425634,true,22.083,shift_2,A
2026-04-28T18:00,20.406627,81.626509,24.927413,true,22.612,shift_2,A
2026-04-28T18:15,20.687833,82.751332,24.697654,true,23.124,shift_2,A
2026-04-28T18:30,22.024441,88.097764,28.242269,true,22.54,shift_2,A
2026-04-28T18:45,22.717891,90.871564,31.097291,true,21.93,shift_2,A
2026-04-28T19:00,22.331431,89.325725,29.452709,true,21.219,shift_2,A
2026-04-28T19:15,24.029917,96.119666,33.848672,true,22.814,shift_2,A
2026-04-28T19:30,19.243729,76.974915,21.465008,true,22.615,shift_2,A
2026-04-28T19:45,23.355852,93.42341,33.784732,true,22.844,shift_2,A
2026-04-28T20:00,22.887948,91.55179,32.905873,true,22.43,shift_2,A
2026-04-28T20:15,20.587763,82.351054,25.168536,true,21.945,shift_2,A
2026-04-28T20:30,20.472377,81.889509,23.874471,true,22.828,shift_2,A
2026-04-28T20:45,19.021702,76.086808,24.588963,true,22.673,shift_2,A
2026-04-28T21:00,20.914831,83.659323,27.639841,true,22.334,shift_2,A
2026-04-28T21:15,23.791769,95.167075,32.815986,true,21.426,shift_2,A
2026-04-28T21:30,20.436414,81.745657,24.399962,true,22.608,shift_2,A
2026-04-28T21:45,20.299695,81.198779,24.147438,true,21.693,shift_2,A
2026-04-28T22:00,7.765318,31.061271,0.0,false,22.07,off,A
2026-04-28T22:15,7.718778,30.875112,0.0,false,20.863,off,A
2026-04-28T22:30,8.46126,33.845041,0.0,false,22.022,off,A
2026-04-28T22:45,7.869322,31.477287,0.0,false,21.99,off,A
2026-04-28T23:00,7.635478,30.541911,0.0,false,21.266,off,A
2026-04-28T23:15,8.099249,32.396995,0.0,false,21.393,off,A
2026-04-28T23:30,8.027338,32.10935,0.0,false,21.884,off,A
2026-04-28T23:45,7.914479,31.657915,0.0,false,20.992,off,A
2026-04-29T00:00,7.848351,31.393403,0.0,false,21.2,off,B
2026-04-29T00:15,7.856475,31.425901,0.0,false,19.957,off,B
2026-04-29T00:30,7.888513,31.554054,0.0,false,20.403,off,B
2026-04-29T00:45,7.427758,29.711031,0.0,false,21.146,off,B
2026-04-29T01:00,7.137154,28.548617,0.0,false,20.204,off,B
2026-04-29T01:15,7.477417,29.909668,0.0,false,20.086,off,B
2026-04-29T01:30,7.707067,30.828268,0.0,false,20.317,off,B
2026-04-29T01:45,7.697859,30.791434,0.0,false,20.879,off,B
2026-04-29T02:00,7.606428,30.425713,0.0,false,19.797,off,B
2026-04-29T02:15,7.600333,30.40133,0.0,false,20.954,off,B
2026-04-29T02:30,7.622775,30.491099,0.0,false,19.126,off,B
2026-04-29T02:45,7.066362,28.265447,0.0,false,19.517,off,B
2026-04-29T03:00,7.315455,29.261819,0.0,false,20.155,off,B
2026-04-29T03:15,7.950658,31.802633,0.0,false,19.29,off,B
2026-04-29T03:30,7.345274,29.381097,0.0,false,18.652,off,B
2026-04-29T03:45,7.754092,31.01637,0.0,false,18.997,off,B
2026-04-29T04:00,7.493264,29.973058,0.0,false,18.88,off,B
2026-04-29T04:15,7.46633,29.865319,0.0,false,18.366,off,B
2026-04-29T04:30,7.214045,28.856179,0.0,false,18.877,off,B
2026-04-29T04:45,7.198489,28.793957,0.0,false,17.59,off,B
2026-04-29T05:00,6.408715,25.634859,0.0,false,19.0,off,B
2026-04-29T05:15,7.586117,30.344469,0.0,false,18.095,off,B
2026-04-29T05:30,7.351108,29.404432,0.0,false,18.358,off,B
2026-04-29T05:45,8.426727,33.706906,0.0,false,17.588,off,B
2026-04-29T06:00,18.66743,74.669719,19.728595,true,17.995,shift_1,B
2026-04-29T06:15,21.373916,85.495665,24.474627,true,17.454,shift_1,B
2026-04-29T06:30,18.974507,75.898029,20.463021,true,17.46,shift_1,B
2026-04-29T06:45,20.051596,80.206384,22.892185,true,17.424,shift_1,B
2026-04-29T07:00,20.991765,83.967061,23.204973,true,17.914,shift_1,B
2026-04-29T07:15,18.869291,75.477164,20.895717,true,17.49,shift_1,B
2026-04-29T07:30,20.06041,80.241639,20.528331,true,17.446,shift_1,B
2026-04-29T07:45,21.308131,85.232525,25.787568,true,16.934,shift_1,B
2026-04-29T08:00,19.284374,77.137495,19.758857,true,17.267,shift_1,B
2026-04-29T08:15,23.376136,93.504544,29.852162,true,18.134,shift_1,B
2026-04-29T08:30,22.75116,91.00464,28.394549,true,17.331,shift_1,B
2026-04-29T08:45,22.765333,91.061331,28.949844,true,16.973,shift_1,B
2026-04-29T09:00,22.018797,88.075188,27.349015,true,17.927,shift_1,B
2026-04-29T09:15,18.588609,74.354436,17.803566,true,17.45,shift_1,B
2026-04-29T09:30,24.921944,99.687777,33.707741,true,17.599,shift_1,B
2026-04-29T09:45,24.442454,97.769817,30.792276,true,16.618,shift_1,B
2026-04-29T10:00,21.125652,84.50261,26.370325,true,17.398,shift_1,B
2026-04-29T10:15,24.157656,96.630625,31.708965,true,17.754,shift_1,B
2026-04-29T10:30,19.360409,77.441634,20.983168,true,17.287,shift_1,B
2026-04-29T10:45,21.632138,86.528551,25.621037,true,17.697,shift_1,B
2026-04-29T11:00,16.358677,65.434708,12.831225,true,17.763,shift_1,B
2026-04-29T11:15,22.780505,91.122022,27.940211,true,18.243,shift_1,B
2026-04-29T11:30,16.554288,66.21715,15.679599,true,18.577,shift_1,B
2026-04-29T11:45,20.213948,80.855792,22.086631,true,19.351,shift_1,B
2026-04-29T12:00,21.901957,87.607829,25.160044,true,18.528,shift_1,B
2026-04-29T12:15,20.529757,82.119029,23.078497,true,18.218,shift_1,B
2026-04-29T12:30,20.710082,82.840328,23.47212,true,19.223,shift_1,B
2026-04-29T12:45,19.809275,79.2371,22.68866,true,19.274,shift_1,B
2026-04-29T13:00,17.618287,70.47315,16.956328,true,18.458,shift_1,B
2026-04-29T13:15,20.778957,83.11583,23.1675,true,19.789,shift_1,B
2026-04-29T13:30,18.910995,75.643979,19.852788,true,19.024,shift_1,B
2026-04-29T13:45,20.22329,80.893159,20.043963,true,19.904,shift_1,B
2026-04-29T14:00,20.036032,80.144127,20.167298,true,19.706,shift_2,B
2026-04-29T14:15,19.431632,77.726529,20.972794,true,20.188,shift_2,B
2026-04-29T14:30,18.929446,75.717785,19.25596,true,20.02,shift_2,B
2026-04-29T14:45,18.848422,75.393687,19.422431,true,20.288,shift_2,B
2026-04-29T15:00,20.718071,82.872285,22.63448,true,21.274,shift_2,B
2026-04-29T15:15,17.61815,70.472599,17.093347,true,21.155,shift_2,B
2026-04-29T15:30,22.098169,88.392677,25.574632,true,21.053,shift_2,B
2026-04-29T15:45,22.402825,89.611299,27.072993,true,20.871,shift_2,B
2026-04-29T16:00,25.038627,100.154509,32.088996,true,22.348,shift_2,B
2026-04-29T16:15,21.877044,87.508175,26.403771,true,20.709,shift_2,B
2026-04-29T16:30,23.568565,94.274261,28.530841,true,21.424,shift_2,B
2026-04-29T16:45,23.46098,93.843919,28.520109,true,21.926,shift_2,B
2026-04-29T17:00,26.058249,104.232998,36.058811,true,21.748,shift_2,B
2026-04-29T17:15,23.472427,93.889708,29.102246,true,21.452,shift_2,B
2026-04-29T17:30,23.560126,94.240506,29.460034,true,21.995,shift_2,B
2026-04-29T17:45,21.872967,87.491869,26.200932,true,21.474,shift_2,B
2026-04-29T18:00,20.184263,80.73705,22.191971,true,22.607,shift_2,B
2026-04-29T18:15,26.388641,105.554564,35.204192,true,22.695,shift_2,B
2026-04-29T18:30,22.021854,88.087417,24.512906,true,23.355,shift_2,B
2026-04-29T18:45,21.369992,85.479968,24.452075,true,21.475,shift_2,B
2026-04-29T19:00,22.457335,89.82934,26.662643,true,22.586,shift_2,B
2026-04-29T19:15,25.463636,101.854546,32.469954,true,22.834,shift_2,B
2026-04-29T19:30,21.387838,85.551353,24.863018,true,22.998,shift_2,B
2026-04-29T19:45,18.747082,74.988328,17.229494,true,21.981,shift_2,B
2026-04-29T20:00,23.088537,92.354146,29.314727,true,22.209,shift_2,B
2026-04-29T20:15,22.758248,91.032991,26.946783,true,22.82,shift_2,B
2026-04-29T20:30,21.85447,87.41788,24.860843,true,23.1,shift_2,B
2026-04-29T20:45,22.0252,88.100801,25.315675,true,22.374,shift_2,B
2026-04-29T21:00,19.255934,77.023735,19.546287,true,22.336,shift_2,B
2026-04-29T21:15,24.536847,98.147387,30.771104,true,22.917,shift_2,B
2026-04-29T21:30,21.390445,85.56178,23.516639,true,22.654,shift_2,B
2026-04-29T21:45,21.382945,85.531781,23.775761,true,22.294,shift_2,B
2026-04-29T22:00,7.401004,29.604016,0.0,false,21.683,off,B
2026-04-29T22:15,7.932044,31.728175,0.0,false,21.785,off,B
2026-04-29T22:30,7.663486,30.653943,0.0,false,22.563,off,B
2026-04-29T22:45,8.29619,33.18476,0.0,false,22.76,off,B
2026-04-29T23:00,7.822017,31.288068,0.0,false,21.681,off,B
2026-04-29T23:15,8.075334,32.301335,0.0,false,21.656,off,B
2026-04-29T23:30,7.666173,30.664692,0.0,false,21.35,off,B
2026-04-29T23:45,7.560065,30.24026,0.0,false,21.058,off,B
2026-04-30T00:00,8.08248,32.329921,0.0,false,21.434,off,A
2026-04-30T00:15,7.237367,28.94947,0.0,false,21.241,off,A
2026-04-30T00:30,7.38447,29.53788,0.0,false,21.478,off,A
2026-04-30T00:45,7.813247,31.25299,0.0,false,20.341,off,A
2026-04-30T01:00,7.913251,31.653004,0.0,false,21.027,off,A
2026-04-30T01:15,7.238299,28.953195,0.0,false,20.031,off,A
2026-04-30T01:30,8.316066,33.264263,0.0,false,20.253,off,A
2026-04-30T01:45,7.181033,28.72413,0.0,false,19.27,off,A
2026-04-30T02:00,7.74786,30.991439,0.0,false,20.15,off,A
2026-04-30T02:15,8.024359,32.097437,0.0,false,20.098,off,A
2026-04-30T02:30,7.191711,28.766845,0.0,false,19.689,off,A
2026-04-30T02:45,7.204416,28.817665,0.0,false,19.337,off,A
2026-04-30T03:00,7.364733,29.458931,0.0,false,20.213,off,A
2026-04-30T03:15,7.076482,28.305927,0.0,false,19.174,off,A
2026-04-30T03:30,7.021238,28.08495,0.0,false,18.851,off,A
2026-04-30T03:45,7.462826,29.851305,0.0,false,17.869,off,A
2026-04-30T04:00,7.395102,29.580406,0.0,false,18.884,off,A
2026-04-30T04:15,7.222304,28.889215,0.0,false,18.672,off,A
2026-04-30T04:30,7.588594,30.354375,0.0,false,18.835,off,A
2026-04-30T04:45,7.203076,28.812303,0.0,false,17.861,off,A
2026-04-30T05:00,7.925346,31.701384,0.0,false,17.968,off,A
2026-04-30T05:15,7.683904,30.735617,0.0,false,18.496,off,A
2026-04-30T05:30,6.986805,27.947221,0.0,false,17.807,off,A
2026-04-30T05:45,6.980224,27.920897,0.0,false,17.496,off,A
2026-04-30T06:00,15.478597,61.914387,13.04597,true,17.966,shift_1,A
2026-04-30T06:15,17.640266,70.561064,18.289666,true,17.459,shift_1,A
2026-04-30T06:30,18.961137,75.844546,22.125581,true,17.441,shift_1,A
2026-04-30T06:45,22.190436,88.761746,28.837293,true,17.798,shift_1,A
2026-04-30T07:00,21.944039,87.776156,29.47552,true,17.521,shift_1,A
2026-04-30T07:15,17.118799,68.475198,15.955512,true,17.838,shift_1,A
2026-04-30T07:30,20.084332,80.337327,24.160113,true,17.999,shift_1,A
2026-04-30T07:45,19.988617,79.954469,23.712218,true,17.532,shift_1,A
2026-04-30T08:00,20.261564,81.046254,25.872734,true,17.431,shift_1,A
2026-04-30T08:15,18.541766,74.167063,21.663454,true,17.173,shift_1,A
2026-04-30T08:30,20.909069,83.636278,27.34969,true,16.654,shift_1,A
2026-04-30T08:45,21.139516,84.558063,28.108765,true,16.232,shift_1,A
2026-04-30T09:00,16.707173,66.82869,15.477523,true,18.238,shift_1,A
2026-04-30T09:15,20.249212,80.996849,24.064635,true,17.272,shift_1,A
2026-04-30T09:30,20.405951,81.623805,25.717963,true,17.504,shift_1,A
2026-04-30T09:45,22.047756,88.191023,29.608257,true,17.356,shift_1,A
2026-04-30T10:00,16.686757,66.747027,14.857045,true,17.153,shift_1,A
2026-04-30T10:15,22.313687,89.254746,29.247363,true,17.782,shift_1,A
2026-04-30T10:30,23.207771,92.831082,31.683266,true,18.283,shift_1,A
2026-04-30T10:45,20.501845,82.00738,25.608845,true,17.962,shift_1,A
2026-04-30T11:00,22.969087,91.876347,32.253704,true,17.799,shift_1,A
2026-04-30T11:15,22.613736,90.454943,29.483096,true,18.046,shift_1,A
2026-04-30T11:30,20.491458,81.965831,25.530731,true,18.009,shift_1,A
2026-04-30T11:45,23.375796,93.503185,33.744086,true,18.564,shift_1,A
2026-04-30T12:00,20.015197,80.06079,24.58072,true,18.472,shift_1,A
2026-04-30T12:15,22.1532,88.612799,29.184579,true,19.594,shift_1,A
2026-04-30T12:30,19.473213,77.892851,22.91941,true,19.958,shift_1,A
2026-04-30T12:45,21.973622,87.894487,30.621918,true,19.397,shift_1,A
2026-04-30T13:00,20.031529,80.126114,24.071697,true,19.007,shift_1,A
2026-04-30T13:15,17.647474,70.589895,21.297596,true,19.975,shift_1,A
2026-04-30T13:30,18.081247,72.324989,19.947746,true,19.694,shift_1,A
2026-04-30T13:45,19.58786,78.351441,23.394192,true,20.083,shift_1,A
2026-04-30T14:00,17.049881,68.199524,17.436919,true,19.272,shift_2,A
2026-04-30T14:15,16.356996,65.427984,14.720553,true,20.066,shift_2,A
2026-04-30T14:30,21.53798,86.151919,27.272601,true,21.0,shift_2,A
2026-04-30T14:45,16.779589,67.118354,14.806692,true,21.057,shift_2,A
2026-04-30T15:00,19.170884,76.683535,21.304795,true,20.329,shift_2,A
2026-04-30T15:15,19.88993,79.559721,22.749194,true,21.467,shift_2,A
2026-04-30T15:30,20.874394,83.497575,24.29513,true,20.904,shift_2,A
2026-04-30T15:45,21.537604,86.150416,28.012835,true,20.816,shift_2,A
2026-04-30T16:00,23.019741,92.078963,31.863004,true,21.032,shift_2,A
2026-04-30T16:15,20.047081,80.188326,23.624022,true,21.639,shift_2,A
2026-04-30T16:30,19.693518,78.774074,26.04771,true,21.48,shift_2,A
2026-04-30T16:45,22.627199,90.508795,29.615247,true,22.452,shift_2,A
2026-04-30T17:00,22.327196,89.308785,29.442423,true,22.559,shift_2,A
2026-04-30T17:15,23.613387,94.453548,33.869114,true,21.86,shift_2,A
2026-04-30T17:30,17.80239,71.209561,18.581605,true,21.551,shift_2,A
2026-04-30T17:45,18.490868,73.963471,19.302923,true,21.811,shift_2,A
2026-04-30T18:00,19.113303,76.453213,21.759331,true,20.899,shift_2,A
2026-04-30T18:15,22.142746,88.570984,29.23146,true,21.955,shift_2,A
2026-04-30T18:30,19.084765,76.33906,21.659856,true,21.502,shift_2,A
2026-04-30T18:45,18.333634,73.334538,18.26481,true,22.013,shift_2,A
2026-04-30T19:00,21.740585,86.962341,29.675711,true,21.961,shift_2,A
2026-04-30T19:15,21.182495,84.729979,25.862402,true,22.152,shift_2,A
2026-04-30T19:30,20.148308,80.593234,23.816547,true,22.707,shift_2,A
2026-04-30T19:45,22.894961,91.579844,31.056707,true,22.858,shift_2,A
2026-04-30T20:00,21.444548,85.778192,27.534247,true,22.127,shift_2,A
2026-04-30T20:15,19.22563,76.90252,21.630899,true,22.51,shift_2,A
2026-04-30T20:30,18.765875,75.063501,18.895457,true,22.404,shift_2,A
2026-04-30T20:45,22.505911,90.023643,29.073859,true,22.914,shift_2,A
2026-04-30T21:00,24.324772,97.299087,33.948009,true,23.155,shift_2,A
2026-04-30T21:15,21.295457,85.181826,26.904217,true,22.088,shift_2,A
2026-04-30T21:30,21.303578,85.21431,26.749117,true,22.685,shift_2,A
2026-04-30T21:45,17.022604,68.090416,16.976486,true,22.317,shift_2,A
2026-04-30T22:00,6.962134,27.848538,0.0,false,21.117,off,A
2026-04-30T22:15,8.066658,32.266632,0.0,false,21.367,off,A
2026-04-30T22:30,7.649194,30.596775,0.0,false,22.007,off,A
2026-04-30T22:45,7.360204,29.440817,0.0,false,22.273,off,A
2026-04-30T23:00,8.157591,32.630364,0.0,false,21.217,off,A
2026-04-30T23:15,7.569005,30.276021,0.0,false,21.547,off,A
2026-04-30T23:30,7.305079,29.220315,0.0,false,21.679,off,A
2026-04-30T23:45,7.980235,31.920939,0.0,false,21.941,off,A
2026-05-01T00:00,7.156317,28.625267,0.0,false,19.857,off,A
2026-05-01T00:15,7.15993,28.639718,0.0,false,20.66,off,A
2026-05-01T00:30,8.58025,34.320999,0.0,false,21.043,off,A
2026-05-01T00:45,6.630674,26.522694,0.0,false,20.707,off,A
2026-05-01T01:00,7.378432,29.513727,0.0,false,20.88,off,A
2026-05-01T01:15,7.628295,30.513181,0.0,false,20.777,off,A
2026-05-01T01:30,8.183066,32.732265,0.0,false,19.765,off,A
2026-05-01T01:45,7.912458,31.649832,0.0,false,20.295,off,A
2026-05-01T02:00,7.332503,29.330014,0.0,false,20.009,off,A
2026-05-01T02:15,7.244303,28.977214,0.0,false,20.56,off,A
2026-05-01T02:30,7.179838,28.719352,0.0,false,19.833,off,A
2026-05-01T02:45,6.801779,27.207118,0.0,false,19.12,off,A
2026-05-01T03:00,7.643797,30.575188,0.0,false,18.574,off,A
2026-05-01T03:15,7.419585,29.67834,0.0,false,18.881,off,A
2026-05-01T03:30,7.541649,30.166597,0.0,false,19.224,off,A
2026-05-01T03:45,7.666445,30.665781,0.0,false,18.295,off,A
2026-05-01T04:00,7.534534,30.138136,0.0,false,19.096,off,A
2026-05-01T04:15,8.530247,34.120986,0.0,false,18.553,off,A
2026-05-01T04:30,7.032414,28.129655,0.0,false,18.658,off,A
2026-05-01T04:45,7.454709,29.818837,0.0,false,18.349,off,A
2026-05-01T05:00,7.04943,28.197722,0.0,false,18.245,off,A
2026-05-01T05:15,7.136366,28.545462,0.0,false,18.376,off,A
2026-05-01T05:30,6.758481,27.033925,0.0,false,18.293,off,A
2026-05-01T05:45,8.301002,33.204007,0.0,false,17.509,off,A
2026-05-01T06:00,25.348931,101.395723,37.837056,true,18.49,shift_1,A
2026-05-01T06:15,18.917593,75.670374,20.327066,true,18.971,shift_1,A
2026-05-01T06:30,22.636693,90.546773,31.857183,true,17.444,shift_1,A
2026-05-01T06:45,18.954633,75.81853,20.190047,true,17.433,shift_1,A
2026-05-01T07:00,18.681377,74.725509,22.427025,true,17.067,shift_1,A
2026-05-01T07:15,20.936318,83.745273,26.980979,true,17.757,shift_1,A
2026-05-01T07:30,17.899243,71.596973,17.2541,true,17.131,shift_1,A
2026-05-01T07:45,21.541568,86.166273,26.895652,true,17.426,shift_1,A
2026-05-01T08:00,18.827567,75.310269,20.392961,true,17.51,shift_1,A
2026-05-01T08:15,21.412677,85.650708,26.399668,true,17.389,shift_1,A
2026-05-01T08:30,19.738577,78.954307,24.840956,true,17.414,shift_1,A
2026-05-01T08:45,24.653531,98.614122,36.790429,true,17.933,shift_1,A
2026-05-01T09:00,20.737419,82.949677,26.171864,true,18.202,shift_1,A
2026-05-01T09:15,20.587698,82.350792,28.149178,true,17.538,shift_1,A
2026-05-01T09:30,17.397649,69.590595,17.055066,true,16.974,shift_1,A
2026-05-01T09:45,22.880559,91.522237,30.402174,true,18.525,shift_1,A
2026-05-01T10:00,20.802263,83.209053,25.347889,true,17.413,shift_1,A
2026-05-01T10:15,21.499191,85.996764,27.296789,true,17.931,shift_1,A
2026-05-01T10:30,19.772914,79.091655,25.284083,true,17.994,shift_1,A
2026-05-01T10:45,18.516847,74.067387,20.834174,true,18.069,shift_1,A
2026-05-01T11:00,24.352658,97.41063,35.012676,true,18.321,shift_1,A
2026-05-01T11:15,23.248697,92.994788,33.874739,true,18.138,shift_1,A
2026-05-01T11:30,17.143103,68.572411,18.699695,true,18.446,shift_1,A
2026-05-01T11:45,16.854573,67.418293,16.119282,true,18.223,shift_1,A
2026-05-01T12:00,20.430774,81.723096,23.853795,true,18.877,shift_1,A
2026-05-01T12:15,19.853952,79.415809,23.228863,true,19.542,shift_1,A
2026-05-01T12:30,21.446311,85.785245,27.834297,true,19.857,shift_1,A
2026-05-01T12:45,18.103023,72.412092,21.156657,true,18.896,shift_1,A
2026-05-01T13:00,18.203922,72.815687,19.452846,true,19.887,shift_1,A
2026-05-01T13:15,18.489365,73.95746,19.509857,true,19.304,shift_1,A
2026-05-01T13:30,18.114537,72.458147,20.62037,true,20.584,shift_1,A
2026-05-01T13:45,22.843751,91.375002,30.766124,true,19.771,shift_1,A
2026-05-01T14:00,20.82736,83.309441,27.573599,true,19.961,shift_2,A
2026-05-01T14:15,20.554636,82.218543,24.320947,true,19.914,shift_2,A
2026-05-01T14:30,20.033652,80.134609,23.681707,true,20.358,shift_2,A
2026-05-01T14:45,17.414711,69.658843,18.373771,true,20.477,shift_2,A
2026-05-01T15:00,20.361159,81.444637,23.322514,true,21.593,shift_2,A
2026-05-01T15:15,20.071682,80.286726,23.668589,true,20.527,shift_2,A
2026-05-01T15:30,20.802223,83.208892,27.708822,true,19.892,shift_2,A
2026-05-01T15:45,20.295669,81.182674,24.708388,true,20.236,shift_2,A
2026-05-01T16:00,19.739698,78.95879,24.737103,true,21.764,shift_2,A
2026-05-01T16:15,20.635045,82.540179,26.301024,true,20.909,shift_2,A
2026-05-01T16:30,17.542721,70.170886,17.987393,true,20.775,shift_2,A
2026-05-01T16:45,21.046898,84.187593,28.253286,true,21.983,shift_2,A
2026-05-01T17:00,20.727051,82.908206,27.37286,true,21.988,shift_2,A
2026-05-01T17:15,21.24842,84.993681,27.340416,true,22.603,shift_2,A
2026-05-01T17:30,19.540452,78.161809,22.529296,true,20.979,shift_2,A
2026-05-01T17:45,21.034088,84.136351,24.682248,true,22.724,shift_2,A
2026-05-01T18:00,19.98551,79.942038,21.801626,true,21.986,shift_2,A
2026-05-01T18:15,20.589011,82.356044,26.184338,true,22.528,shift_2,A
2026-05-01T18:30,22.430249,89.720998,30.478222,true,21.753,shift_2,A
2026-05-01T18:45,22.829258,91.317031,28.991266,true,22.894,shift_2,A
2026-05-01T19:00,24.062615,96.250462,33.962585,true,22.039,shift_2,A
2026-05-01T19:15,19.815915,79.263661,22.898079,true,22.247,shift_2,A
2026-05-01T19:30,15.911475,63.6459,13.072984,true,23.145,shift_2,A
2026-05-01T19:45,22.277874,89.111495,29.708602,true,21.955,shift_2,A
2026-05-01T20:00,21.56455,86.258201,25.820988,true,23.206,shift_2,A
2026-05-01T20:15,16.385809,65.543238,13.32309,true,22.914,shift_2,A
2026-05-01T20:30,23.119999,92.479996,31.47608,true,23.395,shift_2,A
2026-05-01T20:45,18.506809,74.027235,20.913533,true,22.184,shift_2,A
2026-05-01T21:00,20.672298,82.689194,24.627005,true,22.99,shift_2,A
2026-05-01T21:15,21.406568,85.626273,26.242714,true,22.996,shift_2,A
2026-05-01T21:30,19.418575,77.6743,19.801704,true,22.184,shift_2,A
2026-05-01T21:45,18.310698,73.242792,18.366009,true,22.315,shift_2,A
2026-05-01T22:00,8.596667,34.38667,0.0,false,21.48,off,A
2026-05-01T22:15,8.376866,33.507463,0.0,false,21.634,off,A
2026-05-01T22:30,7.552694,30.210775,0.0,false,21.914,off,A
2026-05-01T22:45,6.827994,27.311978,0.0,false,21.98,off,A
2026-05-01T23:00,7.666475,30.665901,0.0,false,22.433,off,A
2026-05-01T23:15,7.904766,31.619064,0.0,false,21.371,off,A
2026-05-01T23:30,7.778718,31.114873,0.0,false,21.083,off,A
2026-05-01T23:45,7.386831,29.547324,0.0,false,21.155,off,A
2026-05-02T00:00,8.182929,32.731716,0.0,false,21.733,off,B
2026-05-02T00:15,8.199884,32.799538,0.0,false,21.451,off,B
2026-05-02T00:30,7.780117,31.120467,0.0,false,21.186,off,B
2026-05-02T00:45,7.910882,31.643529,0.0,false,21.048,off,B
2026-05-02T01:00,7.562108,30.24843,0.0,false,20.203,off,B
2026-05-02T01:15,7.255429,29.021717,0.0,false,20.576,off,B
2026-05-02T01:30,7.677975,30.711898,0.0,false,20.662,off,B
2026-05-02T01:45,7.799979,31.199917,0.0,false,19.836,off,B
2026-05-02T02:00,6.394157,25.576629,0.0,false,19.472,off,B
2026-05-02T02:15,8.00064,32.00256,0.0,false,21.175,off,B
2026-05-02T02:30,7.619603,30.478411,0.0,false,20.145,off,B
2026-05-02T02:45,7.529062,30.11625,0.0,false,19.291,off,B
2026-05-02T03:00,7.66933,30.677319,0.0,false,18.949,off,B
2026-05-02T03:15,7.226347,28.905386,0.0,false,19.986,off,B
2026-05-02T03:30,7.221083,28.884331,0.0,false,18.188,off,B
2026-05-02T03:45,7.31502,29.260079,0.0,false,18.939,off,B
2026-05-02T04:00,7.927603,31.710411,0.0,false,19.059,off,B
2026-05-02T04:15,8.089692,32.358768,0.0,false,18.585,off,B
2026-05-02T04:30,7.81395,31.255802,0.0,false,19.04,off,B
2026-05-02T04:45,7.591076,30.364305,0.0,false,17.518,off,B
2026-05-02T05:00,6.749886,26.999545,0.0,false,18.417,off,B
2026-05-02T05:15,7.882467,31.52987,0.0,false,17.848,off,B
2026-05-02T05:30,7.988063,31.952254,0.0,false,17.087,off,B
2026-05-02T05:45,7.698635,30.794541,0.0,false,18.031,off,B
2026-05-02T06:00,7.421763,29.68705,0.0,false,18.523,shift_1,B
2026-05-02T06:15,7.029591,28.118363,0.0,false,17.335,shift_1,B
2026-05-02T06:30,7.751854,31.007415,0.0,false,17.385,shift_1,B
2026-05-02T06:45,7.79951,31.19804,0.0,false,16.93,shift_1,B
2026-05-02T07:00,7.537438,30.149753,0.0,false,17.556,shift_1,B
2026-05-02T07:15,7.88399,31.53596,0.0,false,17.499,shift_1,B
2026-05-02T07:30,7.161985,28.647939,0.0,false,17.663,shift_1,B
2026-05-02T07:45,7.680074,30.720298,0.0,false,17.347,shift_1,B
2026-05-02T08:00,7.842198,31.368793,0.0,false,16.816,shift_1,B
2026-05-02T08:15,7.703909,30.815635,0.0,false,16.946,shift_1,B
2026-05-02T08:30,7.539712,30.158847,0.0,false,16.872,shift_1,B
2026-05-02T08:45,7.172621,28.690485,0.0,false,17.657,shift_1,B
2026-05-02T09:00,7.220135,28.88054,0.0,false,17.654,shift_1,B
2026-05-02T09:15,7.811415,31.245658,0.0,false,17.938,shift_1,B
2026-05-02T09:30,7.45447,29.817878,0.0,false,18.314,shift_1,B
2026-05-02T09:45,7.315419,29.261675,0.0,false,17.413,shift_1,B
2026-05-02T10:00,7.403898,29.615592,0.0,false,17.865,shift_1,B
2026-05-02T10:15,7.424551,29.698204,0.0,false,17.128,shift_1,B
2026-05-02T10:30,7.13936,28.55744,0.0,false,18.216,shift_1,B
2026-05-02T10:45,7.910517,31.642067,0.0,false,17.565,shift_1,B
2026-05-02T11:00,7.299375,29.197502,0.0,false,18.32,shift_1,B
2026-05-02T11:15,7.290524,29.162097,0.0,false,19.339,shift_1,B
2026-05-02T11:30,7.402006,29.608025,0.0,false,18.155,shift_1,B
2026-05-02T11:45,7.290591,29.162366,0.0,false,18.47,shift_1,B
2026-05-02T12:00,7.347818,29.391273,0.0,false,18.275,shift_1,B
2026-05-02T12:15,7.574258,30.297032,0.0,false,18.808,shift_1,B
2026-05-02T12:30,7.919557,31.678228,0.0,false,19.697,shift_1,B
2026-05-02T12:45,7.63277,30.531078,0.0,false,19.866,shift_1,B
2026-05-02T13:00,7.455828,29.823313,0.0,false,19.418,shift_1,B
2026-05-02T13:15,6.515773,26.063091,0.0,false,19.259,shift_1,B
2026-05-02T13:30,7.278363,29.113452,0.0,false,19.51,shift_1,B
2026-05-02T13:45,7.7571,31.028399,0.0,false,20.429,shift_1,B
2026-05-02T14:00,7.846806,31.387222,0.0,false,20.081,shift_2,B
2026-05-02T14:15,7.703774,30.815096,0.0,false,20.658,shift_2,B
2026-05-02T14:30,7.536754,30.147016,0.0,false,20.002,shift_2,B
2026-05-02T14:45,7.789215,31.156861,0.0,false,20.697,shift_2,B
2026-05-02T15:00,7.980497,31.921989,0.0,false,21.265,shift_2,B
2026-05-02T15:15,6.960885,27.843542,0.0,false,20.445,shift_2,B
2026-05-02T15:30,7.22546,28.901838,0.0,false,21.203,shift_2,B
2026-05-02T15:45,7.003771,28.015084,0.0,false,20.445,shift_2,B
2026-05-02T16:00,7.476777,29.907107,0.0,false,21.203,shift_2,B
2026-05-02T16:15,7.534461,30.137844,0.0,false,22.125,shift_2,B
2026-05-02T16:30,7.604171,30.416683,0.0,false,21.304,shift_2,B
2026-05-02T16:45,7.58946,30.357842,0.0,false,21.829,shift_2,B
2026-05-02T17:00,7.78201,31.12804,0.0,false,21.446,shift_2,B
2026-05-02T17:15,7.789493,31.157974,0.0,false,21.979,shift_2,B
2026-05-02T17:30,8.122588,32.490353,0.0,false,22.555,shift_2,B
2026-05-02T17:45,7.619307,30.477229,0.0,false,22.497,shift_2,B
2026-05-02T18:00,7.464494,29.857974,0.0,false,21.824,shift_2,B
2026-05-02T18:15,8.30178,33.207122,0.0,false,22.111,shift_2,B
2026-05-02T18:30,8.076339,32.305354,0.0,false,22.667,shift_2,B
2026-05-02T18:45,7.644313,30.577252,0.0,false,21.797,shift_2,B
2026-05-02T19:00,7.523977,30.095907,0.0,false,21.372,shift_2,B
2026-05-02T19:15,7.152861,28.611442,0.0,false,22.68,shift_2,B
2026-05-02T19:30,7.899153,31.596611,0.0,false,22.613,shift_2,B
2026-05-02T19:45,8.169865,32.679462,0.0,false,22.567,shift_2,B
2026-05-02T20:00,7.207206,28.828825,0.0,false,21.967,shift_2,B
2026-05-02T20:15,7.839654,31.358615,0.0,false,22.463,shift_2,B
2026-05-02T20:30,8.836819,35.347276,0.0,false,23.94,shift_2,B
2026-05-02T20:45,8.071638,32.28655,0.0,false,21.845,shift_2,B
2026-05-02T21:00,8.094552,32.378208,0.0,false,22.777,shift_2,B
2026-05-02T21:15,8.040426,32.161705,0.0,false,21.888,shift_2,B
2026-05-02T21:30,7.814364,31.257454,0.0,false,21.838,shift_2,B
2026-05-02T21:45,7.565845,30.263381,0.0,false,22.189,shift_2,B
2026-05-02T22:00,8.15246,32.609839,0.0,false,21.326,off,B
2026-05-02T22:15,8.048344,32.193377,0.0,false,21.384,off,B
2026-05-02T22:30,7.98498,31.939919,0.0,false,22.477,off,B
2026-05-02T22:45,7.582085,30.32834,0.0,false,22.04,off,B
2026-05-02T23:00,8.339215,33.356862,0.0,false,22.131,off,B
2026-05-02T23:15,7.3101,29.240398,0.0,false,23.274,off,B
2026-05-02T23:30,8.202958,32.811833,0.0,false,21.739,off,B
2026-05-02T23:45,7.774402,31.097608,0.0,false,20.824,off,B
2026-05-03T00:00,8.178723,32.714894,0.0,false,21.207,off,A
2026-05-03T00:15,7.569994,30.279977,0.0,false,21.388,off,A
2026-05-03T00:30,7.773485,31.093938,0.0,false,20.065,off,A
2026-05-03T00:45,7.308662,29.234647,0.0,false,20.638,off,A
2026-05-03T01:00,7.974332,31.897327,0.0,false,20.374,off,A
2026-05-03T01:15,7.452715,29.810862,0.0,false,20.473,off,A
2026-05-03T01:30,7.594978,30.379914,0.0,false,20.032,off,A
2026-05-03T01:45,7.188887,28.755547,0.0,false,19.681,off,A
2026-05-03T02:00,7.758356,31.033424,0.0,false,18.879,off,A
2026-05-03T02:15,7.434159,29.736637,0.0,false,19.518,off,A
2026-05-03T02:30,7.399783,29.599134,0.0,false,18.751,off,A
2026-05-03T02:45,8.049323,32.197293,0.0,false,20.056,off,A
2026-05-03T03:00,7.822536,31.290145,0.0,false,19.619,off,A
2026-05-03T03:15,6.884295,27.537182,0.0,false,19.007,off,A
2026-05-03T03:30,7.191785,28.767139,0.0,false,19.017,off,A
2026-05-03T03:45,7.507832,30.031327,0.0,false,18.83,off,A
2026-05-03T04:00,7.939319,31.757278,0.0,false,18.904,off,A
2026-05-03T04:15,6.745156,26.980626,0.0,false,17.843,off,A
2026-05-03T04:30,7.582163,30.328652,0.0,false,18.922,off,A
2026-05-03T04:45,7.01016,28.040638,0.0,false,18.183,off,A
2026-05-03T05:00,7.517804,30.071216,0.0,false,18.526,off,A
2026-05-03T05:15,6.542322,26.169288,0.0,false,17.606,off,A
2026-05-03T05:30,7.698334,30.793336,0.0,false,17.628,off,A
2026-05-03T05:45,7.641654,30.566618,0.0,false,16.887,off,A
2026-05-03T06:00,7.016288,28.065153,0.0,false,18.168,shift_1,A
2026-05-03T06:15,7.916485,31.665939,0.0,false,18.125,shift_1,A
2026-05-03T06:30,7.691148,30.764593,0.0,false,17.743,shift_1,A
2026-05-03T06:45,8.102114,32.408455,0.0,false,17.98,shift_1,A
2026-05-03T07:00,8.008604,32.034416,0.0,false,17.495,shift_1,A
2026-05-03T07:15,8.375282,33.501127,0.0,false,16.591,shift_1,A
2026-05-03T07:30,7.21974,28.878958,0.0,false,17.295,shift_1,A
2026-05-03T07:45,6.89802,27.592079,0.0,false,17.932,shift_1,A
2026-05-03T08:00,7.776359,31.105437,0.0,false,18.046,shift_1,A
2026-05-03T08:15,7.426887,29.707549,0.0,false,18.096,shift_1,A
2026-05-03T08:30,7.57962,30.318479,0.0,false,17.474,shift_1,A
2026-05-03T08:45,7.840512,31.362046,0.0,false,16.433,shift_1,A
2026-05-03T09:00,7.513142,30.052568,0.0,false,17.563,shift_1,A
2026-05-03T09:15,7.441867,29.767466,0.0,false,16.793,shift_1,A
2026-05-03T09:30,7.975342,31.901367,0.0,false,16.828,shift_1,A
2026-05-03T09:45,7.647207,30.588828,0.0,false,17.962,shift_1,A
2026-05-03T10:00,7.574197,30.296786,0.0,false,17.077,shift_1,A
2026-05-03T10:15,7.367405,29.469618,0.0,false,17.854,shift_1,A
2026-05-03T10:30,7.377365,29.50946,0.0,false,18.057,shift_1,A
2026-05-03T10:45,7.915843,31.663371,0.0,false,18.159,shift_1,A
2026-05-03T11:00,7.385262,29.541048,0.0,false,17.73,shift_1,A
2026-05-03T11:15,7.637779,30.551116,0.0,false,17.854,shift_1,A
2026-05-03T11:30,6.950864,27.803455,0.0,false,18.212,shift_1,A
2026-05-03T11:45,7.660525,30.642101,0.0,false,18.514,shift_1,A
2026-05-03T12:00,7.858654,31.434618,0.0,false,19.987,shift_1,A
2026-05-03T12:15,7.997256,31.989025,0.0,false,19.812,shift_1,A
2026-05-03T12:30,7.494546,29.978186,0.0,false,18.988,shift_1,A
2026-05-03T12:45,7.384215,29.536859,0.0,false,19.084,shift_1,A
2026-05-03T13:00,7.814958,31.259831,0.0,false,19.813,shift_1,A
2026-05-03T13:15,7.990782,31.963129,0.0,false,18.95,shift_1,A
2026-05-03T13:30,7.509316,30.037265,0.0,false,19.79,shift_1,A
2026-05-03T13:45,7.769711,31.078845,0.0,false,19.557,shift_1,A
2026-05-03T14:00,7.600707,30.402829,0.0,false,19.209,shift_2,A
2026-05-03T14:15,7.456224,29.824896,0.0,false,20.45,shift_2,A
2026-05-03T14:30,7.301013,29.204054,0.0,false,20.158,shift_2,A
2026-05-03T14:45,8.404797,33.619189,0.0,false,21.765,shift_2,A
2026-05-03T15:00,8.454359,33.817437,0.0,false,21.112,shift_2,A
2026-05-03T15:15,7.658859,30.635435,0.0,false,19.698,shift_2,A
2026-05-03T15:30,7.246957,28.987826,0.0,false,21.059,shift_2,A
2026-05-03T15:45,7.127031,28.508125,0.0,false,20.619,shift_2,A
2026-05-03T16:00,6.959982,27.839928,0.0,false,20.647,shift_2,A
2026-05-03T16:15,7.954303,31.817213,0.0,false,21.167,shift_2,A
2026-05-03T16:30,7.491221,29.964886,0.0,false,21.124,shift_2,A
2026-05-03T16:45,7.075479,28.301915,0.0,false,22.604,shift_2,A
2026-05-03T17:00,7.495025,29.9801,0.0,false,21.723,shift_2,A
2026-05-03T17:15,7.458708,29.834831,0.0,false,21.868,shift_2,A
2026-05-03T17:30,8.144319,32.577277,0.0,false,21.383,shift_2,A
2026-05-03T17:45,7.311896,29.247584,0.0,false,21.423,shift_2,A
2026-05-03T18:00,7.635857,30.54343,0.0,false,21.978,shift_2,A
2026-05-03T18:15,8.267316,33.069263,0.0,false,22.102,shift_2,A
2026-05-03T18:30,8.465104,33.860415,0.0,false,22.928,shift_2,A
2026-05-03T18:45,8.247144,32.988577,0.0,false,22.427,shift_2,A
2026-05-03T19:00,7.804815,31.219259,0.0,false,23.194,shift_2,A
2026-05-03T19:15,7.802481,31.209926,0.0,false,22.542,shift_2,A
2026-05-03T19:30,7.817812,31.271246,0.0,false,22.697,shift_2,A
2026-05-03T19:45,7.96148,31.845918,0.0,false,21.612,shift_2,A
2026-05-03T20:00,7.694506,30.778023,0.0,false,22.185,shift_2,A
2026-05-03T20:15,7.987614,31.950456,0.0,false,21.961,shift_2,A
2026-05-03T20:30,7.270134,29.080535,0.0,false,22.446,shift_2,A
2026-05-03T20:45,7.336008,29.34403,0.0,false,22.514,shift_2,A
2026-05-03T21:00,7.97396,31.895839,0.0,false,21.79,shift_2,A
2026-05-03T21:15,7.040946,28.163782,0.0,false,22.283,shift_2,A
2026-05-03T21:30,7.859033,31.43613,0.0,false,22.275,shift_2,A
2026-05-03T21:45,7.737262,30.949049,0.0,false,21.751,shift_2,A
2026-05-03T22:00,7.165565,28.662261,0.0,false,22.22,off,A
2026-05-03T22:15,7.88421,31.53684,0.0,false,21.386,off,A
2026-05-03T22:30,8.028909,32.115635,0.0,false,22.398,off,A
2026-05-03T22:45,8.392118,33.568474,0.0,false,21.6,off,A
2026-05-03T23:00,7.750518,31.002072,0.0,false,21.526,off,A
2026-05-03T23:15,8.309083,33.236333,0.0,false,21.509,off,A
2026-05-03T23:30,7.672406,30.689622,0.0,false,21.138,off,A
2026-05-03T23:45,7.440676,29.762704,0.0,false,21.54,off,A
2026-05-04T00:00,7.842049,31.368195,0.0,false,20.865,off,A
2026-05-04T00:15,7.867807,31.471228,0.0,false,21.502,off,A
2026-05-04T00:30,8.013627,32.054509,0.0,false,20.888,off,A
2026-05-04T00:45,7.317501,29.270006,0.0,false,20.148,off,A
2026-05-04T01:00,7.65102,30.604079,0.0,false,20.301,off,A
2026-05-04T01:15,7.742895,30.971582,0.0,false,20.172,off,A
2026-05-04T01:30,7.947149,31.788596,0.0,false,20.603,off,A
2026-05-04T01:45,7.401976,29.607906,0.0,false,19.92,off,A
2026-05-04T02:00,8.000615,32.002461,0.0,false,20.517,off,A
2026-05-04T02:15,7.806511,31.226045,0.0,false,20.511,off,A
2026-05-04T02:30,7.942931,31.771722,0.0,false,19.088,off,A
2026-05-04T02:45,7.715789,30.863156,0.0,false,20.017,off,A
2026-05-04T03:00,7.724432,30.897726,0.0,false,18.855,off,A
2026-05-04T03:15,7.462739,29.850957,0.0,false,18.509,off,A
2026-05-04T03:30,7.489964,29.959856,0.0,false,19.43,off,A
2026-05-04T03:45,7.737347,30.949388,0.0,false,18.893,off,A
2026-05-04T04:00,8.248206,32.992824,0.0,false,18.739,off,A
2026-05-04T04:15,7.747241,30.988965,0.0,false,18.057,off,A
2026-05-04T04:30,8.215615,32.862458,0.0,false,18.657,off,A
2026-05-04T04:45,7.675709,30.702834,0.0,false,17.56,off,A
2026-05-04T05:00,7.000663,28.002653,0.0,false,17.73,off,A
2026-05-04T05:15,7.458457,29.833826,0.0,false,18.106,off,A
2026-05-04T05:30,6.669928,26.679712,0.0,false,18.024,off,A
2026-05-04T05:45,8.133383,32.533532,0.0,false,18.46,off,A
2026-05-04T06:00,22.005732,88.022927,28.509595,true,17.739,shift_1,A
2026-05-04T06:15,19.995508,79.982032,24.560593,true,17.587,shift_1,A
2026-05-04T06:30,18.868052,75.472206,20.710132,true,17.887,shift_1,A
2026-05-04T06:45,15.814525,63.258101,13.944058,true,16.754,shift_1,A
2026-05-04T07:00,20.763145,83.052582,25.403126,true,16.651,shift_1,A
2026-05-04T07:15,20.68698,82.747921,25.997788,true,16.896,shift_1,A
2026-05-04T07:30,18.994452,75.977809,21.140887,true,17.49,shift_1,A
2026-05-04T07:45,19.888204,79.552817,25.057022,true,17.384,shift_1,A
2026-05-04T08:00,20.893946,83.575783,26.467181,true,17.43,shift_1,A
2026-05-04T08:15,19.912063,79.648251,24.156384,true,17.788,shift_1,A
2026-05-04T08:30,16.12697,64.507879,15.7748,true,17.265,shift_1,A
2026-05-04T08:45,21.48781,85.95124,28.646152,true,16.157,shift_1,A
2026-05-04T09:00,21.565436,86.261746,29.833975,true,17.031,shift_1,A
2026-05-04T09:15,21.543727,86.174908,29.384351,true,17.583,shift_1,A
2026-05-04T09:30,24.381589,97.526358,35.351707,true,18.22,shift_1,A
2026-05-04T09:45,23.13307,92.532282,32.985522,true,18.198,shift_1,A
2026-05-04T10:00,19.85363,79.414522,25.150711,true,18.31,shift_1,A
2026-05-04T10:15,19.16971,76.67884,22.671128,true,17.415,shift_1,A
2026-05-04T10:30,21.46792,85.87168,28.685789,true,17.554,shift_1,A
2026-05-04T10:45,19.798295,79.193181,23.738851,true,18.406,shift_1,A
2026-05-04T11:00,22.214484,88.857935,29.17102,true,18.545,shift_1,A
2026-05-04T11:15,24.102041,96.408164,35.152729,true,18.754,shift_1,A
2026-05-04T11:30,19.729001,78.916005,23.047176,true,17.755,shift_1,A
2026-05-04T11:45,23.024908,92.099632,33.050985,true,20.134,shift_1,A
2026-05-04T12:00,19.971376,79.885506,24.754787,true,19.216,shift_1,A
2026-05-04T12:15,26.097338,104.389353,40.423613,true,18.417,shift_1,A
2026-05-04T12:30,19.927317,79.709268,23.342157,true,18.658,shift_1,A
2026-05-04T12:45,21.267486,85.069945,27.685764,true,18.776,shift_1,A
2026-05-04T13:00,25.178131,100.712526,38.074273,true,19.052,shift_1,A
2026-05-04T13:15,18.039886,72.159544,20.115012,true,19.866,shift_1,A
2026-05-04T13:30,18.69869,74.79476,19.575447,true,19.731,shift_1,A
2026-05-04T13:45,21.797368,87.189472,29.057073,true,20.492,shift_1,A
2026-05-04T14:00,19.393687,77.574748,21.36571,true,20.036,shift_2,A
2026-05-04T14:15,20.311836,81.247344,25.167554,true,20.944,shift_2,A
2026-05-04T14:30,18.996502,75.986009,22.080652,true,20.796,shift_2,A
2026-05-04T14:45,20.006968,80.027871,24.252452,true,20.057,shift_2,A
2026-05-04T15:00,21.21813,84.872519,27.854105,true,20.447,shift_2,A
2026-05-04T15:15,22.584193,90.336771,29.690791,true,20.933,shift_2,A
2026-05-04T15:30,21.896058,87.584233,28.798514,true,20.788,shift_2,A
2026-05-04T15:45,18.449938,73.799751,21.47707,true,21.576,shift_2,A
2026-05-04T16:00,19.441487,77.765948,21.904263,true,21.875,shift_2,A
2026-05-04T16:15,18.844361,75.377444,20.207282,true,21.234,shift_2,A
2026-05-04T16:30,23.503399,94.013598,32.190478,true,21.351,shift_2,A
2026-05-04T16:45,22.930516,91.722063,32.940104,true,21.225,shift_2,A
2026-05-04T17:00,23.363278,93.453111,31.770981,true,22.268,shift_2,A
2026-05-04T17:15,17.985326,71.941306,18.047343,true,22.576,shift_2,A
2026-05-04T17:30,20.775104,83.100415,25.872426,true,21.389,shift_2,A
2026-05-04T17:45,21.175636,84.702545,26.451631,true,21.87,shift_2,A
2026-05-04T18:00,19.840515,79.362058,24.098924,true,21.974,shift_2,A
2026-05-04T18:15,19.765457,79.061828,23.195973,true,21.773,shift_2,A
2026-05-04T18:30,23.11819,92.472762,31.454914,true,21.987,shift_2,A
2026-05-04T18:45,22.570917,90.28367,30.449349,true,22.137,shift_2,A
2026-05-04T19:00,19.418561,77.674243,21.487205,true,22.823,shift_2,A
2026-05-04T19:15,25.128898,100.515591,37.426394,true,22.644,shift_2,A
2026-05-04T19:30,20.74117,82.964679,25.886193,true,21.809,shift_2,A
2026-05-04T19:45,24.103071,96.412283,34.860038,true,22.501,shift_2,A
2026-05-04T20:00,20.159296,80.637184,22.748151,true,22.071,shift_2,A
2026-05-04T20:15,20.625566,82.502265,25.812303,true,22.122,shift_2,A
2026-05-04T20:30,20.455444,81.821774,25.176515,true,22.134,shift_2,A
2026-05-04T20:45,20.338885,81.355539,22.484097,true,21.822,shift_2,A
2026-05-04T21:00,21.168683,84.674731,25.858101,true,22.29,shift_2,A
2026-05-04T21:15,18.061796,72.247185,20.078828,true,22.482,shift_2,A
2026-05-04T21:30,18.390216,73.560864,21.556332,true,21.284,shift_2,A
2026-05-04T21:45,19.997888,79.991553,24.048161,true,22.408,shift_2,A
2026-05-04T22:00,6.970161,27.880645,0.0,false,22.082,off,A
2026-05-04T22:15,8.289827,33.159309,0.0,false,22.164,off,A
2026-05-04T22:30,8.058834,32.235338,0.0,false,21.536,off,A
2026-05-04T22:45,8.457147,33.828587,0.0,false,21.591,off,A
2026-05-04T23:00,7.646277,30.585107,0.0,false,22.465,off,A
2026-05-04T23:15,7.673111,30.692443,0.0,false,21.335,off,A
2026-05-04T23:30,7.673193,30.692773,0.0,false,22.201,off,A
2026-05-04T23:45,7.490658,29.962632,0.0,false,21.391,off,A
timestamp_invalide,5.61191,22.447638,0.0,false,11.326,shift_1,A
